c_0_0,600.0,0.0
c_0_1,600.0,0.0
c_0_2,600.0,0.0
c_0_3,600.0,0.0
c_1_0,600.0,0.0
c_1_1,600.0,0.0
c_1_2,600.0,0.0
c_1_3,600.0,0.0
c_2_0,600.0,0.0
c_2_1,600.0,0.0
c_2_2,600.0,0.0
c_2_3,600.0,0.0
c_3_0,600.0,0.0
c_3_1,600.0,0.0
c_3_2,600.0,0.0
c_3_3,600.0,0.0
e_0_0,600.0,0.0
a_0_0,600.0,0.0
e_0_1,600.0,0.0
a_0_1,600.0,0.0
e_0_2,600.0,0.0
a_0_2,600.0,0.0
e_0_3,600.0,0.0
a_0_3,600.0,0.0
e_1_0,600.0,0.0
a_1_0,600.0,0.0
e_1_1,600.0,0.0
a_1_1,600.0,0.0
e_1_2,600.0,0.0
a_1_2,600.0,0.0
e_1_3,600.0,0.0
a_1_3,600.0,0.0
e_2_0,600.0,0.0
a_2_0,600.0,0.0
e_2_1,600.0,0.0
a_2_1,600.0,0.0
e_2_2,600.0,0.0
a_2_2,600.0,0.0
e_2_3,600.0,0.0
a_2_3,600.0,0.0
e_3_0,600.0,0.0
a_3_0,600.0,0.0
e_3_1,600.0,0.0
a_3_1,600.0,0.0
e_3_2,600.0,0.0
a_3_2,600.0,0.0
e_3_3,600.0,0.0
a_3_3,600.0,0.0
e_4_0,600.0,0.0
a_4_0,600.0,0.0
e_4_1,600.0,0.0
a_4_1,600.0,0.0
e_4_2,600.0,0.0
a_4_2,600.0,0.0
e_4_3,600.0,0.0
a_4_3,600.0,0.0
e_5_0,600.0,0.0
a_5_0,600.0,0.0
e_5_1,600.0,0.0
a_5_1,600.0,0.0
e_5_2,600.0,0.0
a_5_2,600.0,0.0
e_5_3,600.0,0.0
a_5_3,600.0,0.0
e_6_0,600.0,0.0
a_6_0,600.0,0.0
e_6_1,600.0,0.0
a_6_1,600.0,0.0
e_6_2,600.0,0.0
a_6_2,600.0,0.0
e_6_3,600.0,0.0
a_6_3,600.0,0.0
e_7_0,600.0,0.0
a_7_0,600.0,0.0
e_7_1,600.0,0.0
a_7_1,600.0,0.0
e_7_2,600.0,0.0
a_7_2,600.0,0.0
e_7_3,600.0,0.0
a_7_3,600.0,0.0
c_0_0,1200.0,0.0
c_0_1,1200.0,0.0
c_0_2,1200.0,0.0
c_0_3,1200.0,0.0
c_1_0,1200.0,0.0
c_1_1,1200.0,0.0
c_1_2,1200.0,0.0
c_1_3,1200.0,0.0
c_2_0,1200.0,0.0
c_2_1,1200.0,0.0
c_2_2,1200.0,0.0
c_2_3,1200.0,0.0
c_3_0,1200.0,0.0
c_3_1,1200.0,0.0
c_3_2,1200.0,0.0
c_3_3,1200.0,0.0
e_0_0,1200.0,0.0
a_0_0,1200.0,0.0
e_0_1,1200.0,0.0
a_0_1,1200.0,0.0
e_0_2,1200.0,0.0
a_0_2,1200.0,0.0
e_0_3,1200.0,0.0
a_0_3,1200.0,0.0
e_1_0,1200.0,0.0
a_1_0,1200.0,0.0
e_1_1,1200.0,0.0
a_1_1,1200.0,0.0
e_1_2,1200.0,0.0
a_1_2,1200.0,0.0
e_1_3,1200.0,0.0
a_1_3,1200.0,0.0
e_2_0,1200.0,0.0
a_2_0,1200.0,0.0
e_2_1,1200.0,0.0
a_2_1,1200.0,0.0
e_2_2,1200.0,0.0
a_2_2,1200.0,0.0
e_2_3,1200.0,0.0
a_2_3,1200.0,0.0
e_3_0,1200.0,0.0
a_3_0,1200.0,0.0
e_3_1,1200.0,0.0
a_3_1,1200.0,0.0
e_3_2,1200.0,0.0
a_3_2,1200.0,0.0
e_3_3,1200.0,0.0
a_3_3,1200.0,0.0
e_4_0,1200.0,0.0
a_4_0,1200.0,0.0
e_4_1,1200.0,0.0
a_4_1,1200.0,0.0
e_4_2,1200.0,0.0
a_4_2,1200.0,0.0
e_4_3,1200.0,0.0
a_4_3,1200.0,0.0
e_5_0,1200.0,0.0
a_5_0,1200.0,0.0
e_5_1,1200.0,0.0
a_5_1,1200.0,0.0
e_5_2,1200.0,0.0
a_5_2,1200.0,0.0
e_5_3,1200.0,0.0
a_5_3,1200.0,0.0
e_6_0,1200.0,0.0
a_6_0,1200.0,0.0
e_6_1,1200.0,0.0
a_6_1,1200.0,0.0
e_6_2,1200.0,0.0
a_6_2,1200.0,0.0
e_6_3,1200.0,0.0
a_6_3,1200.0,0.0
e_7_0,1200.0,0.0
a_7_0,1200.0,0.0
e_7_1,1200.0,0.0
a_7_1,1200.0,0.0
e_7_2,1200.0,0.0
a_7_2,1200.0,0.0
e_7_3,1200.0,0.0
a_7_3,1200.0,0.0
c_0_0,1800.0,0.0
c_0_1,1800.0,0.0
c_0_2,1800.0,0.0
c_0_3,1800.0,0.0
c_1_0,1800.0,0.0
c_1_1,1800.0,0.0
c_1_2,1800.0,0.0
c_1_3,1800.0,0.0
c_2_0,1800.0,0.0
c_2_1,1800.0,0.0
c_2_2,1800.0,0.0
c_2_3,1800.0,0.0
c_3_0,1800.0,0.0
c_3_1,1800.0,0.0
c_3_2,1800.0,0.0
c_3_3,1800.0,0.0
e_0_0,1800.0,0.0
a_0_0,1800.0,0.0
e_0_1,1800.0,0.0
a_0_1,1800.0,0.0
e_0_2,1800.0,0.0
a_0_2,1800.0,0.0
e_0_3,1800.0,0.0
a_0_3,1800.0,0.0
e_1_0,1800.0,0.0
a_1_0,1800.0,0.0
e_1_1,1800.0,0.0
a_1_1,1800.0,0.0
e_1_2,1800.0,0.0
a_1_2,1800.0,0.0
e_1_3,1800.0,0.0
a_1_3,1800.0,0.0
e_2_0,1800.0,0.0
a_2_0,1800.0,0.0
e_2_1,1800.0,0.0
a_2_1,1800.0,0.0
e_2_2,1800.0,0.0
a_2_2,1800.0,0.0
e_2_3,1800.0,0.0
a_2_3,1800.0,0.0
e_3_0,1800.0,0.0
a_3_0,1800.0,0.0
e_3_1,1800.0,0.0
a_3_1,1800.0,0.0
e_3_2,1800.0,0.0
a_3_2,1800.0,0.0
e_3_3,1800.0,0.0
a_3_3,1800.0,0.0
e_4_0,1800.0,0.0
a_4_0,1800.0,0.0
e_4_1,1800.0,0.0
a_4_1,1800.0,0.0
e_4_2,1800.0,0.0
a_4_2,1800.0,0.0
e_4_3,1800.0,0.0
a_4_3,1800.0,0.0
e_5_0,1800.0,0.0
a_5_0,1800.0,0.0
e_5_1,1800.0,0.0
a_5_1,1800.0,0.0
e_5_2,1800.0,0.0
a_5_2,1800.0,0.0
e_5_3,1800.0,0.0
a_5_3,1800.0,0.0
e_6_0,1800.0,0.0
a_6_0,1800.0,0.0
e_6_1,1800.0,0.0
a_6_1,1800.0,0.0
e_6_2,1800.0,0.0
a_6_2,1800.0,0.0
e_6_3,1800.0,0.0
a_6_3,1800.0,0.0
e_7_0,1800.0,0.0
a_7_0,1800.0,0.0
e_7_1,1800.0,0.0
a_7_1,1800.0,0.0
e_7_2,1800.0,0.0
a_7_2,1800.0,0.0
e_7_3,1800.0,0.0
a_7_3,1800.0,0.0
c_0_0,2400.0,0.0
c_0_1,2400.0,0.0
c_0_2,2400.0,0.0
c_0_3,2400.0,0.0
c_1_0,2400.0,0.0
c_1_1,2400.0,0.0
c_1_2,2400.0,0.0
c_1_3,2400.0,0.0
c_2_0,2400.0,0.0
c_2_1,2400.0,0.0
c_2_2,2400.0,0.0
c_2_3,2400.0,0.0
c_3_0,2400.0,0.0
c_3_1,2400.0,0.0
c_3_2,2400.0,0.0
c_3_3,2400.0,0.0
e_0_0,2400.0,0.0
a_0_0,2400.0,0.0
e_0_1,2400.0,0.0
a_0_1,2400.0,0.0
e_0_2,2400.0,0.0
a_0_2,2400.0,0.0
e_0_3,2400.0,0.0
a_0_3,2400.0,0.0
e_1_0,2400.0,0.0
a_1_0,2400.0,0.0
e_1_1,2400.0,0.0
a_1_1,2400.0,0.0
e_1_2,2400.0,0.0
a_1_2,2400.0,0.0
e_1_3,2400.0,0.0
a_1_3,2400.0,0.0
e_2_0,2400.0,0.0
a_2_0,2400.0,0.0
e_2_1,2400.0,0.0
a_2_1,2400.0,0.0
e_2_2,2400.0,0.0
a_2_2,2400.0,0.0
e_2_3,2400.0,0.0
a_2_3,2400.0,0.0
e_3_0,2400.0,0.0
a_3_0,2400.0,0.0
e_3_1,2400.0,0.0
a_3_1,2400.0,0.0
e_3_2,2400.0,0.0
a_3_2,2400.0,0.0
e_3_3,2400.0,0.0
a_3_3,2400.0,0.0
e_4_0,2400.0,0.0
a_4_0,2400.0,0.0
e_4_1,2400.0,0.0
a_4_1,2400.0,0.0
e_4_2,2400.0,0.0
a_4_2,2400.0,0.0
e_4_3,2400.0,0.0
a_4_3,2400.0,0.0
e_5_0,2400.0,0.0
a_5_0,2400.0,0.0
e_5_1,2400.0,0.0
a_5_1,2400.0,0.0
e_5_2,2400.0,0.0
a_5_2,2400.0,0.0
e_5_3,2400.0,0.0
a_5_3,2400.0,0.0
e_6_0,2400.0,0.0
a_6_0,2400.0,0.0
e_6_1,2400.0,0.0
a_6_1,2400.0,0.0
e_6_2,2400.0,0.0
a_6_2,2400.0,0.0
e_6_3,2400.0,0.0
a_6_3,2400.0,0.0
e_7_0,2400.0,0.0
a_7_0,2400.0,0.0
e_7_1,2400.0,0.0
a_7_1,2400.0,0.0
e_7_2,2400.0,0.0
a_7_2,2400.0,0.0
e_7_3,2400.0,0.0
a_7_3,2400.0,0.0
c_0_0,3000.0,0.0
c_0_1,3000.0,0.0
c_0_2,3000.0,0.0
c_0_3,3000.0,0.0
c_1_0,3000.0,0.0
c_1_1,3000.0,0.0
c_1_2,3000.0,0.0
c_1_3,3000.0,0.0
c_2_0,3000.0,0.0
c_2_1,3000.0,0.0
c_2_2,3000.0,0.0
c_2_3,3000.0,0.0
c_3_0,3000.0,0.0
c_3_1,3000.0,0.0
c_3_2,3000.0,0.0
c_3_3,3000.0,0.0
e_0_0,3000.0,0.0
a_0_0,3000.0,0.0
e_0_1,3000.0,0.0
a_0_1,3000.0,0.0
e_0_2,3000.0,0.0
a_0_2,3000.0,0.0
e_0_3,3000.0,0.0
a_0_3,3000.0,0.0
e_1_0,3000.0,0.0
a_1_0,3000.0,0.0
e_1_1,3000.0,0.0
a_1_1,3000.0,0.0
e_1_2,3000.0,0.0
a_1_2,3000.0,0.0
e_1_3,3000.0,0.0
a_1_3,3000.0,0.0
e_2_0,3000.0,0.0
a_2_0,3000.0,0.0
e_2_1,3000.0,0.0
a_2_1,3000.0,0.0
e_2_2,3000.0,0.0
a_2_2,3000.0,0.0
e_2_3,3000.0,0.0
a_2_3,3000.0,0.0
e_3_0,3000.0,0.0
a_3_0,3000.0,0.0
e_3_1,3000.0,0.0
a_3_1,3000.0,0.0
e_3_2,3000.0,0.0
a_3_2,3000.0,0.0
e_3_3,3000.0,0.0
a_3_3,3000.0,0.0
e_4_0,3000.0,0.0
a_4_0,3000.0,0.0
e_4_1,3000.0,0.0
a_4_1,3000.0,0.0
e_4_2,3000.0,0.0
a_4_2,3000.0,0.0
e_4_3,3000.0,0.0
a_4_3,3000.0,0.0
e_5_0,3000.0,0.0
a_5_0,3000.0,0.0
e_5_1,3000.0,0.0
a_5_1,3000.0,0.0
e_5_2,3000.0,0.0
a_5_2,3000.0,0.0
e_5_3,3000.0,0.0
a_5_3,3000.0,0.0
e_6_0,3000.0,0.0
a_6_0,3000.0,0.0
e_6_1,3000.0,0.0
a_6_1,3000.0,0.0
e_6_2,3000.0,0.0
a_6_2,3000.0,0.0
e_6_3,3000.0,0.0
a_6_3,3000.0,0.0
e_7_0,3000.0,0.0
a_7_0,3000.0,0.0
e_7_1,3000.0,0.0
a_7_1,3000.0,0.0
e_7_2,3000.0,0.0
a_7_2,3000.0,0.0
e_7_3,3000.0,0.0
a_7_3,3000.0,0.0
c_0_0,3600.0,0.0
c_0_1,3600.0,0.0
c_0_2,3600.0,0.0
c_0_3,3600.0,0.0
c_1_0,3600.0,0.0
c_1_1,3600.0,0.0
c_1_2,3600.0,0.0
c_1_3,3600.0,0.0
c_2_0,3600.0,0.0
c_2_1,3600.0,0.0
c_2_2,3600.0,0.0
c_2_3,3600.0,0.0
c_3_0,3600.0,0.0
c_3_1,3600.0,0.0
c_3_2,3600.0,0.0
c_3_3,3600.0,0.0
e_0_0,3600.0,0.0
a_0_0,3600.0,0.0
e_0_1,3600.0,0.0
a_0_1,3600.0,0.0
e_0_2,3600.0,0.0
a_0_2,3600.0,0.0
e_0_3,3600.0,0.0
a_0_3,3600.0,0.0
e_1_0,3600.0,0.0
a_1_0,3600.0,0.0
e_1_1,3600.0,0.0
a_1_1,3600.0,0.0
e_1_2,3600.0,0.0
a_1_2,3600.0,0.0
e_1_3,3600.0,0.0
a_1_3,3600.0,0.0
e_2_0,3600.0,0.0
a_2_0,3600.0,0.0
e_2_1,3600.0,0.0
a_2_1,3600.0,0.0
e_2_2,3600.0,0.0
a_2_2,3600.0,0.0
e_2_3,3600.0,0.0
a_2_3,3600.0,0.0
e_3_0,3600.0,0.0
a_3_0,3600.0,0.0
e_3_1,3600.0,0.0
a_3_1,3600.0,0.0
e_3_2,3600.0,0.0
a_3_2,3600.0,0.0
e_3_3,3600.0,0.0
a_3_3,3600.0,0.0
e_4_0,3600.0,0.0
a_4_0,3600.0,0.0
e_4_1,3600.0,0.0
a_4_1,3600.0,0.0
e_4_2,3600.0,0.0
a_4_2,3600.0,0.0
e_4_3,3600.0,0.0
a_4_3,3600.0,0.0
e_5_0,3600.0,0.0
a_5_0,3600.0,0.0
e_5_1,3600.0,0.0
a_5_1,3600.0,0.0
e_5_2,3600.0,0.0
a_5_2,3600.0,0.0
e_5_3,3600.0,0.0
a_5_3,3600.0,0.0
e_6_0,3600.0,0.0
a_6_0,3600.0,0.0
e_6_1,3600.0,0.0
a_6_1,3600.0,0.0
e_6_2,3600.0,0.0
a_6_2,3600.0,0.0
e_6_3,3600.0,0.0
a_6_3,3600.0,0.0
e_7_0,3600.0,0.0
a_7_0,3600.0,0.0
e_7_1,3600.0,0.0
a_7_1,3600.0,0.0
e_7_2,3600.0,0.0
a_7_2,3600.0,0.0
e_7_3,3600.0,0.0
a_7_3,3600.0,0.0
c_0_0,4200.0,0.0
c_0_1,4200.0,0.0
c_0_2,4200.0,0.0
c_0_3,4200.0,0.0
c_1_0,4200.0,0.0
c_1_1,4200.0,0.0
c_1_2,4200.0,0.0
c_1_3,4200.0,0.0
c_2_0,4200.0,0.0
c_2_1,4200.0,0.0
c_2_2,4200.0,0.0
c_2_3,4200.0,0.0
c_3_0,4200.0,0.0
c_3_1,4200.0,0.0
c_3_2,4200.0,0.0
c_3_3,4200.0,0.0
e_0_0,4200.0,0.0
a_0_0,4200.0,0.0
e_0_1,4200.0,0.0
a_0_1,4200.0,0.0
e_0_2,4200.0,0.0
a_0_2,4200.0,0.0
e_0_3,4200.0,0.0
a_0_3,4200.0,0.0
e_1_0,4200.0,0.0
a_1_0,4200.0,0.0
e_1_1,4200.0,0.0
a_1_1,4200.0,0.0
e_1_2,4200.0,0.0
a_1_2,4200.0,0.0
e_1_3,4200.0,0.0
a_1_3,4200.0,0.0
e_2_0,4200.0,0.0
a_2_0,4200.0,0.0
e_2_1,4200.0,0.0
a_2_1,4200.0,0.0
e_2_2,4200.0,0.0
a_2_2,4200.0,0.0
e_2_3,4200.0,0.0
a_2_3,4200.0,0.0
e_3_0,4200.0,0.0
a_3_0,4200.0,0.0
e_3_1,4200.0,0.0
a_3_1,4200.0,0.0
e_3_2,4200.0,0.0
a_3_2,4200.0,0.0
e_3_3,4200.0,0.0
a_3_3,4200.0,0.0
e_4_0,4200.0,0.0
a_4_0,4200.0,0.0
e_4_1,4200.0,0.0
a_4_1,4200.0,0.0
e_4_2,4200.0,0.0
a_4_2,4200.0,0.0
e_4_3,4200.0,0.0
a_4_3,4200.0,0.0
e_5_0,4200.0,0.0
a_5_0,4200.0,0.0
e_5_1,4200.0,0.0
a_5_1,4200.0,0.0
e_5_2,4200.0,0.0
a_5_2,4200.0,0.0
e_5_3,4200.0,0.0
a_5_3,4200.0,0.0
e_6_0,4200.0,0.0
a_6_0,4200.0,0.0
e_6_1,4200.0,0.0
a_6_1,4200.0,0.0
e_6_2,4200.0,0.0
a_6_2,4200.0,0.0
e_6_3,4200.0,0.0
a_6_3,4200.0,0.0
e_7_0,4200.0,0.0
a_7_0,4200.0,0.0
e_7_1,4200.0,0.0
a_7_1,4200.0,0.0
e_7_2,4200.0,0.0
a_7_2,4200.0,0.0
e_7_3,4200.0,0.0
a_7_3,4200.0,0.0
c_0_0,4800.0,0.0
c_0_1,4800.0,0.0
c_0_2,4800.0,0.0
c_0_3,4800.0,0.0
c_1_0,4800.0,0.0
c_1_1,4800.0,0.0
c_1_2,4800.0,0.0
c_1_3,4800.0,0.0
c_2_0,4800.0,0.0
c_2_1,4800.0,0.0
c_2_2,4800.0,0.0
c_2_3,4800.0,0.0
c_3_0,4800.0,0.0
c_3_1,4800.0,0.0
c_3_2,4800.0,0.0
c_3_3,4800.0,0.0
e_0_0,4800.0,0.0
a_0_0,4800.0,0.0
e_0_1,4800.0,0.0
a_0_1,4800.0,0.0
e_0_2,4800.0,0.0
a_0_2,4800.0,0.0
e_0_3,4800.0,0.0
a_0_3,4800.0,0.0
e_1_0,4800.0,0.0
a_1_0,4800.0,0.0
e_1_1,4800.0,0.0
a_1_1,4800.0,0.0
e_1_2,4800.0,0.0
a_1_2,4800.0,0.0
e_1_3,4800.0,0.0
a_1_3,4800.0,0.0
e_2_0,4800.0,0.0
a_2_0,4800.0,0.0
e_2_1,4800.0,0.0
a_2_1,4800.0,0.0
e_2_2,4800.0,0.0
a_2_2,4800.0,0.0
e_2_3,4800.0,0.0
a_2_3,4800.0,0.0
e_3_0,4800.0,0.0
a_3_0,4800.0,0.0
e_3_1,4800.0,0.0
a_3_1,4800.0,0.0
e_3_2,4800.0,0.0
a_3_2,4800.0,0.0
e_3_3,4800.0,0.0
a_3_3,4800.0,0.0
e_4_0,4800.0,0.0
a_4_0,4800.0,0.0
e_4_1,4800.0,0.0
a_4_1,4800.0,0.0
e_4_2,4800.0,0.0
a_4_2,4800.0,0.0
e_4_3,4800.0,0.0
a_4_3,4800.0,0.0
e_5_0,4800.0,0.0
a_5_0,4800.0,0.0
e_5_1,4800.0,0.0
a_5_1,4800.0,0.0
e_5_2,4800.0,0.0
a_5_2,4800.0,0.0
e_5_3,4800.0,0.0
a_5_3,4800.0,0.0
e_6_0,4800.0,0.0
a_6_0,4800.0,0.0
e_6_1,4800.0,0.0
a_6_1,4800.0,0.0
e_6_2,4800.0,0.0
a_6_2,4800.0,0.0
e_6_3,4800.0,0.0
a_6_3,4800.0,0.0
e_7_0,4800.0,0.0
a_7_0,4800.0,0.0
e_7_1,4800.0,0.0
a_7_1,4800.0,0.0
e_7_2,4800.0,0.0
a_7_2,4800.0,0.0
e_7_3,4800.0,0.0
a_7_3,4800.0,0.0
c_0_0,5400.0,0.0
c_0_1,5400.0,0.0
c_0_2,5400.0,0.0
c_0_3,5400.0,0.0
c_1_0,5400.0,0.0
c_1_1,5400.0,0.0
c_1_2,5400.0,0.0
c_1_3,5400.0,0.0
c_2_0,5400.0,0.0
c_2_1,5400.0,0.0
c_2_2,5400.0,0.0
c_2_3,5400.0,0.0
c_3_0,5400.0,0.0
c_3_1,5400.0,0.0
c_3_2,5400.0,0.0
c_3_3,5400.0,0.0
e_0_0,5400.0,0.0
a_0_0,5400.0,0.0
e_0_1,5400.0,0.0
a_0_1,5400.0,0.0
e_0_2,5400.0,0.0
a_0_2,5400.0,0.0
e_0_3,5400.0,0.0
a_0_3,5400.0,0.0
e_1_0,5400.0,0.0
a_1_0,5400.0,0.0
e_1_1,5400.0,0.0
a_1_1,5400.0,0.0
e_1_2,5400.0,0.0
a_1_2,5400.0,0.0
e_1_3,5400.0,0.0
a_1_3,5400.0,0.0
e_2_0,5400.0,0.0
a_2_0,5400.0,0.0
e_2_1,5400.0,0.0
a_2_1,5400.0,0.0
e_2_2,5400.0,0.0
a_2_2,5400.0,0.0
e_2_3,5400.0,0.0
a_2_3,5400.0,0.0
e_3_0,5400.0,0.0
a_3_0,5400.0,0.0
e_3_1,5400.0,0.0
a_3_1,5400.0,0.0
e_3_2,5400.0,0.0
a_3_2,5400.0,0.0
e_3_3,5400.0,0.0
a_3_3,5400.0,0.0
e_4_0,5400.0,0.0
a_4_0,5400.0,0.0
e_4_1,5400.0,0.0
a_4_1,5400.0,0.0
e_4_2,5400.0,0.0
a_4_2,5400.0,0.0
e_4_3,5400.0,0.0
a_4_3,5400.0,0.0
e_5_0,5400.0,0.0
a_5_0,5400.0,0.0
e_5_1,5400.0,0.0
a_5_1,5400.0,0.0
e_5_2,5400.0,0.0
a_5_2,5400.0,0.0
e_5_3,5400.0,0.0
a_5_3,5400.0,0.0
e_6_0,5400.0,0.0
a_6_0,5400.0,0.0
e_6_1,5400.0,0.0
a_6_1,5400.0,0.0
e_6_2,5400.0,0.0
a_6_2,5400.0,0.0
e_6_3,5400.0,0.0
a_6_3,5400.0,0.0
e_7_0,5400.0,0.0
a_7_0,5400.0,0.0
e_7_1,5400.0,0.0
a_7_1,5400.0,0.0
e_7_2,5400.0,0.0
a_7_2,5400.0,0.0
e_7_3,5400.0,0.0
a_7_3,5400.0,0.0
c_0_0,6000.0,0.0
c_0_1,6000.0,0.0
c_0_2,6000.0,0.0
c_0_3,6000.0,0.0
c_1_0,6000.0,0.0
c_1_1,6000.0,0.0
c_1_2,6000.0,0.0
c_1_3,6000.0,0.0
c_2_0,6000.0,0.0
c_2_1,6000.0,0.0
c_2_2,6000.0,0.0
c_2_3,6000.0,0.0
c_3_0,6000.0,0.0
c_3_1,6000.0,0.0
c_3_2,6000.0,0.0
c_3_3,6000.0,0.0
e_0_0,6000.0,0.0
a_0_0,6000.0,0.0
e_0_1,6000.0,0.0
a_0_1,6000.0,0.0
e_0_2,6000.0,0.0
a_0_2,6000.0,0.0
e_0_3,6000.0,0.0
a_0_3,6000.0,0.0
e_1_0,6000.0,0.0
a_1_0,6000.0,0.0
e_1_1,6000.0,0.0
a_1_1,6000.0,0.0
e_1_2,6000.0,0.0
a_1_2,6000.0,0.0
e_1_3,6000.0,0.0
a_1_3,6000.0,0.0
e_2_0,6000.0,0.0
a_2_0,6000.0,0.0
e_2_1,6000.0,0.0
a_2_1,6000.0,0.0
e_2_2,6000.0,0.0
a_2_2,6000.0,0.0
e_2_3,6000.0,0.0
a_2_3,6000.0,0.0
e_3_0,6000.0,0.0
a_3_0,6000.0,0.0
e_3_1,6000.0,0.0
a_3_1,6000.0,0.0
e_3_2,6000.0,0.0
a_3_2,6000.0,0.0
e_3_3,6000.0,0.0
a_3_3,6000.0,0.0
e_4_0,6000.0,0.0
a_4_0,6000.0,0.0
e_4_1,6000.0,0.0
a_4_1,6000.0,0.0
e_4_2,6000.0,0.0
a_4_2,6000.0,0.0
e_4_3,6000.0,0.0
a_4_3,6000.0,0.0
e_5_0,6000.0,0.0
a_5_0,6000.0,0.0
e_5_1,6000.0,0.0
a_5_1,6000.0,0.0
e_5_2,6000.0,0.0
a_5_2,6000.0,0.0
e_5_3,6000.0,0.0
a_5_3,6000.0,0.0
e_6_0,6000.0,0.0
a_6_0,6000.0,0.0
e_6_1,6000.0,0.0
a_6_1,6000.0,0.0
e_6_2,6000.0,0.0
a_6_2,6000.0,0.0
e_6_3,6000.0,0.0
a_6_3,6000.0,0.0
e_7_0,6000.0,0.0
a_7_0,6000.0,0.0
e_7_1,6000.0,0.0
a_7_1,6000.0,0.0
e_7_2,6000.0,0.0
a_7_2,6000.0,0.0
e_7_3,6000.0,0.0
a_7_3,6000.0,0.0
c_0_0,6600.0,0.0
c_0_1,6600.0,0.0
c_0_2,6600.0,0.0
c_0_3,6600.0,0.0
c_1_0,6600.0,0.0
c_1_1,6600.0,0.0
c_1_2,6600.0,0.0
c_1_3,6600.0,0.0
c_2_0,6600.0,0.0
c_2_1,6600.0,0.0
c_2_2,6600.0,0.0
c_2_3,6600.0,0.0
c_3_0,6600.0,0.0
c_3_1,6600.0,0.0
c_3_2,6600.0,0.0
c_3_3,6600.0,0.0
e_0_0,6600.0,0.0
a_0_0,6600.0,0.0
e_0_1,6600.0,0.0
a_0_1,6600.0,0.0
e_0_2,6600.0,0.0
a_0_2,6600.0,0.0
e_0_3,6600.0,0.0
a_0_3,6600.0,0.0
e_1_0,6600.0,0.0
a_1_0,6600.0,0.0
e_1_1,6600.0,0.0
a_1_1,6600.0,0.0
e_1_2,6600.0,0.0
a_1_2,6600.0,0.0
e_1_3,6600.0,0.0
a_1_3,6600.0,0.0
e_2_0,6600.0,0.0
a_2_0,6600.0,0.0
e_2_1,6600.0,0.0
a_2_1,6600.0,0.0
e_2_2,6600.0,0.0
a_2_2,6600.0,0.0
e_2_3,6600.0,0.0
a_2_3,6600.0,0.0
e_3_0,6600.0,0.0
a_3_0,6600.0,0.0
e_3_1,6600.0,0.0
a_3_1,6600.0,0.0
e_3_2,6600.0,0.0
a_3_2,6600.0,0.0
e_3_3,6600.0,0.0
a_3_3,6600.0,0.0
e_4_0,6600.0,0.0
a_4_0,6600.0,0.0
e_4_1,6600.0,0.0
a_4_1,6600.0,0.0
e_4_2,6600.0,0.0
a_4_2,6600.0,0.0
e_4_3,6600.0,0.0
a_4_3,6600.0,0.0
e_5_0,6600.0,0.0
a_5_0,6600.0,0.0
e_5_1,6600.0,0.0
a_5_1,6600.0,0.0
e_5_2,6600.0,0.0
a_5_2,6600.0,0.0
e_5_3,6600.0,0.0
a_5_3,6600.0,0.0
e_6_0,6600.0,0.0
a_6_0,6600.0,0.0
e_6_1,6600.0,0.0
a_6_1,6600.0,0.0
e_6_2,6600.0,0.0
a_6_2,6600.0,0.0
e_6_3,6600.0,0.0
a_6_3,6600.0,0.0
e_7_0,6600.0,0.0
a_7_0,6600.0,0.0
e_7_1,6600.0,0.0
a_7_1,6600.0,0.0
e_7_2,6600.0,0.0
a_7_2,6600.0,0.0
e_7_3,6600.0,0.0
a_7_3,6600.0,0.0
c_0_0,7200.0,0.0
c_0_1,7200.0,0.0
c_0_2,7200.0,0.0
c_0_3,7200.0,0.0
c_1_0,7200.0,0.0
c_1_1,7200.0,0.0
c_1_2,7200.0,0.0
c_1_3,7200.0,0.0
c_2_0,7200.0,0.0
c_2_1,7200.0,0.0
c_2_2,7200.0,0.0
c_2_3,7200.0,0.0
c_3_0,7200.0,0.0
c_3_1,7200.0,0.0
c_3_2,7200.0,0.0
c_3_3,7200.0,0.0
e_0_0,7200.0,0.0
a_0_0,7200.0,0.0
e_0_1,7200.0,0.0
a_0_1,7200.0,0.0
e_0_2,7200.0,0.0
a_0_2,7200.0,0.0
e_0_3,7200.0,0.0
a_0_3,7200.0,0.0
e_1_0,7200.0,0.0
a_1_0,7200.0,0.0
e_1_1,7200.0,0.0
a_1_1,7200.0,0.0
e_1_2,7200.0,0.0
a_1_2,7200.0,0.0
e_1_3,7200.0,0.0
a_1_3,7200.0,0.0
e_2_0,7200.0,0.0
a_2_0,7200.0,0.0
e_2_1,7200.0,0.0
a_2_1,7200.0,0.0
e_2_2,7200.0,0.0
a_2_2,7200.0,0.0
e_2_3,7200.0,0.0
a_2_3,7200.0,0.0
e_3_0,7200.0,0.0
a_3_0,7200.0,0.0
e_3_1,7200.0,0.0
a_3_1,7200.0,0.0
e_3_2,7200.0,0.0
a_3_2,7200.0,0.0
e_3_3,7200.0,0.0
a_3_3,7200.0,0.0
e_4_0,7200.0,0.0
a_4_0,7200.0,0.0
e_4_1,7200.0,0.0
a_4_1,7200.0,0.0
e_4_2,7200.0,0.0
a_4_2,7200.0,0.0
e_4_3,7200.0,0.0
a_4_3,7200.0,0.0
e_5_0,7200.0,0.0
a_5_0,7200.0,0.0
e_5_1,7200.0,0.0
a_5_1,7200.0,0.0
e_5_2,7200.0,0.0
a_5_2,7200.0,0.0
e_5_3,7200.0,0.0
a_5_3,7200.0,0.0
e_6_0,7200.0,0.0
a_6_0,7200.0,0.0
e_6_1,7200.0,0.0
a_6_1,7200.0,0.0
e_6_2,7200.0,0.0
a_6_2,7200.0,0.0
e_6_3,7200.0,0.0
a_6_3,7200.0,0.0
e_7_0,7200.0,0.0
a_7_0,7200.0,0.0
e_7_1,7200.0,0.0
a_7_1,7200.0,0.0
e_7_2,7200.0,0.0
a_7_2,7200.0,0.0
e_7_3,7200.0,0.0
a_7_3,7200.0,0.0
c_0_0,7800.0,0.0
c_0_1,7800.0,0.0
c_0_2,7800.0,0.0
c_0_3,7800.0,0.0
c_1_0,7800.0,0.0
c_1_1,7800.0,0.0
c_1_2,7800.0,0.0
c_1_3,7800.0,0.0
c_2_0,7800.0,0.0
c_2_1,7800.0,0.0
c_2_2,7800.0,0.0
c_2_3,7800.0,0.0
c_3_0,7800.0,0.0
c_3_1,7800.0,0.0
c_3_2,7800.0,0.0
c_3_3,7800.0,0.0
e_0_0,7800.0,0.0
a_0_0,7800.0,0.0
e_0_1,7800.0,0.0
a_0_1,7800.0,0.0
e_0_2,7800.0,0.0
a_0_2,7800.0,0.0
e_0_3,7800.0,0.0
a_0_3,7800.0,0.0
e_1_0,7800.0,0.0
a_1_0,7800.0,0.0
e_1_1,7800.0,0.0
a_1_1,7800.0,0.0
e_1_2,7800.0,0.0
a_1_2,7800.0,0.0
e_1_3,7800.0,0.0
a_1_3,7800.0,0.0
e_2_0,7800.0,0.0
a_2_0,7800.0,0.0
e_2_1,7800.0,0.0
a_2_1,7800.0,0.0
e_2_2,7800.0,0.0
a_2_2,7800.0,0.0
e_2_3,7800.0,0.0
a_2_3,7800.0,0.0
e_3_0,7800.0,0.0
a_3_0,7800.0,0.0
e_3_1,7800.0,0.0
a_3_1,7800.0,0.0
e_3_2,7800.0,0.0
a_3_2,7800.0,0.0
e_3_3,7800.0,0.0
a_3_3,7800.0,0.0
e_4_0,7800.0,0.0
a_4_0,7800.0,0.0
e_4_1,7800.0,0.0
a_4_1,7800.0,0.0
e_4_2,7800.0,0.0
a_4_2,7800.0,0.0
e_4_3,7800.0,0.0
a_4_3,7800.0,0.0
e_5_0,7800.0,0.0
a_5_0,7800.0,0.0
e_5_1,7800.0,0.0
a_5_1,7800.0,0.0
e_5_2,7800.0,0.0
a_5_2,7800.0,0.0
e_5_3,7800.0,0.0
a_5_3,7800.0,0.0
e_6_0,7800.0,0.0
a_6_0,7800.0,0.0
e_6_1,7800.0,0.0
a_6_1,7800.0,0.0
e_6_2,7800.0,0.0
a_6_2,7800.0,0.0
e_6_3,7800.0,0.0
a_6_3,7800.0,0.0
e_7_0,7800.0,0.0
a_7_0,7800.0,0.0
e_7_1,7800.0,0.0
a_7_1,7800.0,0.0
e_7_2,7800.0,0.0
a_7_2,7800.0,0.0
e_7_3,7800.0,0.0
a_7_3,7800.0,0.0
c_0_0,8400.0,0.0
c_0_1,8400.0,0.0
c_0_2,8400.0,0.0
c_0_3,8400.0,0.0
c_1_0,8400.0,0.0
c_1_1,8400.0,0.0
c_1_2,8400.0,0.0
c_1_3,8400.0,0.0
c_2_0,8400.0,0.0
c_2_1,8400.0,0.0
c_2_2,8400.0,0.0
c_2_3,8400.0,0.0
c_3_0,8400.0,0.0
c_3_1,8400.0,0.0
c_3_2,8400.0,0.0
c_3_3,8400.0,0.0
e_0_0,8400.0,0.0
a_0_0,8400.0,0.0
e_0_1,8400.0,0.0
a_0_1,8400.0,0.0
e_0_2,8400.0,0.0
a_0_2,8400.0,0.0
e_0_3,8400.0,0.0
a_0_3,8400.0,0.0
e_1_0,8400.0,0.0
a_1_0,8400.0,0.0
e_1_1,8400.0,0.0
a_1_1,8400.0,0.0
e_1_2,8400.0,0.0
a_1_2,8400.0,0.0
e_1_3,8400.0,0.0
a_1_3,8400.0,0.0
e_2_0,8400.0,0.0
a_2_0,8400.0,0.0
e_2_1,8400.0,0.0
a_2_1,8400.0,0.0
e_2_2,8400.0,0.0
a_2_2,8400.0,0.0
e_2_3,8400.0,0.0
a_2_3,8400.0,0.0
e_3_0,8400.0,0.0
a_3_0,8400.0,0.0
e_3_1,8400.0,0.0
a_3_1,8400.0,0.0
e_3_2,8400.0,0.0
a_3_2,8400.0,0.0
e_3_3,8400.0,0.0
a_3_3,8400.0,0.0
e_4_0,8400.0,0.0
a_4_0,8400.0,0.0
e_4_1,8400.0,0.0
a_4_1,8400.0,0.0
e_4_2,8400.0,0.0
a_4_2,8400.0,0.0
e_4_3,8400.0,0.0
a_4_3,8400.0,0.0
e_5_0,8400.0,0.0
a_5_0,8400.0,0.0
e_5_1,8400.0,0.0
a_5_1,8400.0,0.0
e_5_2,8400.0,0.0
a_5_2,8400.0,0.0
e_5_3,8400.0,0.0
a_5_3,8400.0,0.0
e_6_0,8400.0,0.0
a_6_0,8400.0,0.0
e_6_1,8400.0,0.0
a_6_1,8400.0,0.0
e_6_2,8400.0,0.0
a_6_2,8400.0,0.0
e_6_3,8400.0,0.0
a_6_3,8400.0,0.0
e_7_0,8400.0,0.0
a_7_0,8400.0,0.0
e_7_1,8400.0,0.0
a_7_1,8400.0,0.0
e_7_2,8400.0,0.0
a_7_2,8400.0,0.0
e_7_3,8400.0,0.0
a_7_3,8400.0,0.0
c_0_0,9000.0,0.0
c_0_1,9000.0,0.0
c_0_2,9000.0,0.0
c_0_3,9000.0,0.0
c_1_0,9000.0,0.0
c_1_1,9000.0,0.0
c_1_2,9000.0,0.0
c_1_3,9000.0,0.0
c_2_0,9000.0,0.0
c_2_1,9000.0,0.0
c_2_2,9000.0,0.0
c_2_3,9000.0,0.0
c_3_0,9000.0,0.0
c_3_1,9000.0,0.0
c_3_2,9000.0,0.0
c_3_3,9000.0,0.0
e_0_0,9000.0,0.0
a_0_0,9000.0,0.0
e_0_1,9000.0,0.0
a_0_1,9000.0,0.0
e_0_2,9000.0,0.0
a_0_2,9000.0,0.0
e_0_3,9000.0,0.0
a_0_3,9000.0,0.0
e_1_0,9000.0,0.0
a_1_0,9000.0,0.0
e_1_1,9000.0,0.0
a_1_1,9000.0,0.0
e_1_2,9000.0,0.0
a_1_2,9000.0,0.0
e_1_3,9000.0,0.0
a_1_3,9000.0,0.0
e_2_0,9000.0,0.0
a_2_0,9000.0,0.0
e_2_1,9000.0,0.0
a_2_1,9000.0,0.0
e_2_2,9000.0,0.0
a_2_2,9000.0,0.0
e_2_3,9000.0,0.0
a_2_3,9000.0,0.0
e_3_0,9000.0,0.0
a_3_0,9000.0,0.0
e_3_1,9000.0,0.0
a_3_1,9000.0,0.0
e_3_2,9000.0,0.0
a_3_2,9000.0,0.0
e_3_3,9000.0,0.0
a_3_3,9000.0,0.0
e_4_0,9000.0,0.0
a_4_0,9000.0,0.0
e_4_1,9000.0,0.0
a_4_1,9000.0,0.0
e_4_2,9000.0,0.0
a_4_2,9000.0,0.0
e_4_3,9000.0,0.0
a_4_3,9000.0,0.0
e_5_0,9000.0,0.0
a_5_0,9000.0,0.0
e_5_1,9000.0,0.0
a_5_1,9000.0,0.0
e_5_2,9000.0,0.0
a_5_2,9000.0,0.0
e_5_3,9000.0,0.0
a_5_3,9000.0,0.0
e_6_0,9000.0,0.0
a_6_0,9000.0,0.0
e_6_1,9000.0,0.0
a_6_1,9000.0,0.0
e_6_2,9000.0,0.0
a_6_2,9000.0,0.0
e_6_3,9000.0,0.0
a_6_3,9000.0,0.0
e_7_0,9000.0,0.0
a_7_0,9000.0,0.0
e_7_1,9000.0,0.0
a_7_1,9000.0,0.0
e_7_2,9000.0,0.0
a_7_2,9000.0,0.0
e_7_3,9000.0,0.0
a_7_3,9000.0,0.0
c_0_0,9600.0,0.0
c_0_1,9600.0,0.0
c_0_2,9600.0,0.0
c_0_3,9600.0,0.0
c_1_0,9600.0,0.0
c_1_1,9600.0,0.0
c_1_2,9600.0,0.0
c_1_3,9600.0,0.0
c_2_0,9600.0,0.0
c_2_1,9600.0,0.0
c_2_2,9600.0,0.0
c_2_3,9600.0,0.0
c_3_0,9600.0,0.0
c_3_1,9600.0,0.0
c_3_2,9600.0,0.0
c_3_3,9600.0,0.0
e_0_0,9600.0,0.0
a_0_0,9600.0,0.0
e_0_1,9600.0,0.0
a_0_1,9600.0,0.0
e_0_2,9600.0,0.0
a_0_2,9600.0,0.0
e_0_3,9600.0,0.0
a_0_3,9600.0,0.0
e_1_0,9600.0,0.0
a_1_0,9600.0,0.0
e_1_1,9600.0,0.0
a_1_1,9600.0,0.0
e_1_2,9600.0,0.0
a_1_2,9600.0,0.0
e_1_3,9600.0,0.0
a_1_3,9600.0,0.0
e_2_0,9600.0,0.0
a_2_0,9600.0,0.0
e_2_1,9600.0,0.0
a_2_1,9600.0,0.0
e_2_2,9600.0,0.0
a_2_2,9600.0,0.0
e_2_3,9600.0,0.0
a_2_3,9600.0,0.0
e_3_0,9600.0,0.0
a_3_0,9600.0,0.0
e_3_1,9600.0,0.0
a_3_1,9600.0,0.0
e_3_2,9600.0,0.0
a_3_2,9600.0,0.0
e_3_3,9600.0,0.0
a_3_3,9600.0,0.0
e_4_0,9600.0,0.0
a_4_0,9600.0,0.0
e_4_1,9600.0,0.0
a_4_1,9600.0,0.0
e_4_2,9600.0,0.0
a_4_2,9600.0,0.0
e_4_3,9600.0,0.0
a_4_3,9600.0,0.0
e_5_0,9600.0,0.0
a_5_0,9600.0,0.0
e_5_1,9600.0,0.0
a_5_1,9600.0,0.0
e_5_2,9600.0,0.0
a_5_2,9600.0,0.0
e_5_3,9600.0,0.0
a_5_3,9600.0,0.0
e_6_0,9600.0,0.0
a_6_0,9600.0,0.0
e_6_1,9600.0,0.0
a_6_1,9600.0,0.0
e_6_2,9600.0,0.0
a_6_2,9600.0,0.0
e_6_3,9600.0,0.0
a_6_3,9600.0,0.0
e_7_0,9600.0,0.0
a_7_0,9600.0,0.0
e_7_1,9600.0,0.0
a_7_1,9600.0,0.0
e_7_2,9600.0,0.0
a_7_2,9600.0,0.0
e_7_3,9600.0,0.0
a_7_3,9600.0,0.0
c_0_0,10200.0,0.0
c_0_1,10200.0,0.0
c_0_2,10200.0,0.0
c_0_3,10200.0,0.0
c_1_0,10200.0,0.0
c_1_1,10200.0,0.0
c_1_2,10200.0,0.0
c_1_3,10200.0,0.0
c_2_0,10200.0,0.0
c_2_1,10200.0,0.0
c_2_2,10200.0,0.0
c_2_3,10200.0,0.0
c_3_0,10200.0,0.0
c_3_1,10200.0,0.0
c_3_2,10200.0,0.0
c_3_3,10200.0,0.0
e_0_0,10200.0,0.0
a_0_0,10200.0,0.0
e_0_1,10200.0,0.0
a_0_1,10200.0,0.0
e_0_2,10200.0,0.0
a_0_2,10200.0,0.0
e_0_3,10200.0,0.0
a_0_3,10200.0,0.0
e_1_0,10200.0,0.0
a_1_0,10200.0,0.0
e_1_1,10200.0,0.0
a_1_1,10200.0,0.0
e_1_2,10200.0,0.0
a_1_2,10200.0,0.0
e_1_3,10200.0,0.0
a_1_3,10200.0,0.0
e_2_0,10200.0,0.0
a_2_0,10200.0,0.0
e_2_1,10200.0,0.0
a_2_1,10200.0,0.0
e_2_2,10200.0,0.0
a_2_2,10200.0,0.0
e_2_3,10200.0,0.0
a_2_3,10200.0,0.0
e_3_0,10200.0,0.0
a_3_0,10200.0,0.0
e_3_1,10200.0,0.0
a_3_1,10200.0,0.0
e_3_2,10200.0,0.0
a_3_2,10200.0,0.0
e_3_3,10200.0,0.0
a_3_3,10200.0,0.0
e_4_0,10200.0,0.0
a_4_0,10200.0,0.0
e_4_1,10200.0,0.0
a_4_1,10200.0,0.0
e_4_2,10200.0,0.0
a_4_2,10200.0,0.0
e_4_3,10200.0,0.0
a_4_3,10200.0,0.0
e_5_0,10200.0,0.0
a_5_0,10200.0,0.0
e_5_1,10200.0,0.0
a_5_1,10200.0,0.0
e_5_2,10200.0,0.0
a_5_2,10200.0,0.0
e_5_3,10200.0,0.0
a_5_3,10200.0,0.0
e_6_0,10200.0,0.0
a_6_0,10200.0,0.0
e_6_1,10200.0,0.0
a_6_1,10200.0,0.0
e_6_2,10200.0,0.0
a_6_2,10200.0,0.0
e_6_3,10200.0,0.0
a_6_3,10200.0,0.0
e_7_0,10200.0,0.0
a_7_0,10200.0,0.0
e_7_1,10200.0,0.0
a_7_1,10200.0,0.0
e_7_2,10200.0,0.0
a_7_2,10200.0,0.0
e_7_3,10200.0,0.0
a_7_3,10200.0,0.0
c_0_0,10800.0,0.0
c_0_1,10800.0,0.0
c_0_2,10800.0,0.0
c_0_3,10800.0,0.0
c_1_0,10800.0,0.0
c_1_1,10800.0,0.0
c_1_2,10800.0,0.0
c_1_3,10800.0,0.0
c_2_0,10800.0,0.0
c_2_1,10800.0,0.0
c_2_2,10800.0,0.0
c_2_3,10800.0,0.0
c_3_0,10800.0,0.0
c_3_1,10800.0,0.0
c_3_2,10800.0,0.0
c_3_3,10800.0,0.0
e_0_0,10800.0,0.0
a_0_0,10800.0,0.0
e_0_1,10800.0,0.0
a_0_1,10800.0,0.0
e_0_2,10800.0,0.0
a_0_2,10800.0,0.0
e_0_3,10800.0,0.0
a_0_3,10800.0,0.0
e_1_0,10800.0,0.0
a_1_0,10800.0,0.0
e_1_1,10800.0,0.0
a_1_1,10800.0,0.0
e_1_2,10800.0,0.0
a_1_2,10800.0,0.0
e_1_3,10800.0,0.0
a_1_3,10800.0,0.0
e_2_0,10800.0,0.0
a_2_0,10800.0,0.0
e_2_1,10800.0,0.0
a_2_1,10800.0,0.0
e_2_2,10800.0,0.0
a_2_2,10800.0,0.0
e_2_3,10800.0,0.0
a_2_3,10800.0,0.0
e_3_0,10800.0,0.0
a_3_0,10800.0,0.0
e_3_1,10800.0,0.0
a_3_1,10800.0,0.0
e_3_2,10800.0,0.0
a_3_2,10800.0,0.0
e_3_3,10800.0,0.0
a_3_3,10800.0,0.0
e_4_0,10800.0,0.0
a_4_0,10800.0,0.0
e_4_1,10800.0,0.0
a_4_1,10800.0,0.0
e_4_2,10800.0,0.0
a_4_2,10800.0,0.0
e_4_3,10800.0,0.0
a_4_3,10800.0,0.0
e_5_0,10800.0,0.0
a_5_0,10800.0,0.0
e_5_1,10800.0,0.0
a_5_1,10800.0,0.0
e_5_2,10800.0,0.0
a_5_2,10800.0,0.0
e_5_3,10800.0,0.0
a_5_3,10800.0,0.0
e_6_0,10800.0,0.0
a_6_0,10800.0,0.0
e_6_1,10800.0,0.0
a_6_1,10800.0,0.0
e_6_2,10800.0,0.0
a_6_2,10800.0,0.0
e_6_3,10800.0,0.0
a_6_3,10800.0,0.0
e_7_0,10800.0,0.0
a_7_0,10800.0,0.0
e_7_1,10800.0,0.0
a_7_1,10800.0,0.0
e_7_2,10800.0,0.0
a_7_2,10800.0,0.0
e_7_3,10800.0,0.0
a_7_3,10800.0,0.0
c_0_0,11400.0,0.0
c_0_1,11400.0,0.0
c_0_2,11400.0,0.0
c_0_3,11400.0,0.0
c_1_0,11400.0,0.0
c_1_1,11400.0,0.0
c_1_2,11400.0,0.0
c_1_3,11400.0,0.0
c_2_0,11400.0,0.0
c_2_1,11400.0,0.0
c_2_2,11400.0,0.0
c_2_3,11400.0,0.0
c_3_0,11400.0,0.0
c_3_1,11400.0,0.0
c_3_2,11400.0,0.0
c_3_3,11400.0,0.0
e_0_0,11400.0,0.0
a_0_0,11400.0,0.0
e_0_1,11400.0,0.0
a_0_1,11400.0,0.0
e_0_2,11400.0,0.0
a_0_2,11400.0,0.0
e_0_3,11400.0,0.0
a_0_3,11400.0,0.0
e_1_0,11400.0,0.0
a_1_0,11400.0,0.0
e_1_1,11400.0,0.0
a_1_1,11400.0,0.0
e_1_2,11400.0,0.0
a_1_2,11400.0,0.0
e_1_3,11400.0,0.0
a_1_3,11400.0,0.0
e_2_0,11400.0,0.0
a_2_0,11400.0,0.0
e_2_1,11400.0,0.0
a_2_1,11400.0,0.0
e_2_2,11400.0,0.0
a_2_2,11400.0,0.0
e_2_3,11400.0,0.0
a_2_3,11400.0,0.0
e_3_0,11400.0,0.0
a_3_0,11400.0,0.0
e_3_1,11400.0,0.0
a_3_1,11400.0,0.0
e_3_2,11400.0,0.0
a_3_2,11400.0,0.0
e_3_3,11400.0,0.0
a_3_3,11400.0,0.0
e_4_0,11400.0,0.0
a_4_0,11400.0,0.0
e_4_1,11400.0,0.0
a_4_1,11400.0,0.0
e_4_2,11400.0,0.0
a_4_2,11400.0,0.0
e_4_3,11400.0,0.0
a_4_3,11400.0,0.0
e_5_0,11400.0,0.0
a_5_0,11400.0,0.0
e_5_1,11400.0,0.0
a_5_1,11400.0,0.0
e_5_2,11400.0,0.0
a_5_2,11400.0,0.0
e_5_3,11400.0,0.0
a_5_3,11400.0,0.0
e_6_0,11400.0,0.0
a_6_0,11400.0,0.0
e_6_1,11400.0,0.0
a_6_1,11400.0,0.0
e_6_2,11400.0,0.0
a_6_2,11400.0,0.0
e_6_3,11400.0,0.0
a_6_3,11400.0,0.0
e_7_0,11400.0,0.0
a_7_0,11400.0,0.0
e_7_1,11400.0,0.0
a_7_1,11400.0,0.0
e_7_2,11400.0,0.0
a_7_2,11400.0,0.0
e_7_3,11400.0,0.0
a_7_3,11400.0,0.0
c_0_0,12000.0,0.0
c_0_1,12000.0,0.0
c_0_2,12000.0,0.0
c_0_3,12000.0,0.0
c_1_0,12000.0,0.0
c_1_1,12000.0,0.0
c_1_2,12000.0,0.0
c_1_3,12000.0,0.0
c_2_0,12000.0,0.0
c_2_1,12000.0,0.0
c_2_2,12000.0,0.0
c_2_3,12000.0,0.0
c_3_0,12000.0,0.0
c_3_1,12000.0,0.0
c_3_2,12000.0,0.0
c_3_3,12000.0,0.0
e_0_0,12000.0,0.0
a_0_0,12000.0,0.0
e_0_1,12000.0,0.0
a_0_1,12000.0,0.0
e_0_2,12000.0,0.0
a_0_2,12000.0,0.0
e_0_3,12000.0,0.0
a_0_3,12000.0,0.0
e_1_0,12000.0,0.0
a_1_0,12000.0,0.0
e_1_1,12000.0,0.0
a_1_1,12000.0,0.0
e_1_2,12000.0,0.0
a_1_2,12000.0,0.0
e_1_3,12000.0,0.0
a_1_3,12000.0,0.0
e_2_0,12000.0,0.0
a_2_0,12000.0,0.0
e_2_1,12000.0,0.0
a_2_1,12000.0,0.0
e_2_2,12000.0,0.0
a_2_2,12000.0,0.0
e_2_3,12000.0,0.0
a_2_3,12000.0,0.0
e_3_0,12000.0,0.0
a_3_0,12000.0,0.0
e_3_1,12000.0,0.0
a_3_1,12000.0,0.0
e_3_2,12000.0,0.0
a_3_2,12000.0,0.0
e_3_3,12000.0,0.0
a_3_3,12000.0,0.0
e_4_0,12000.0,0.0
a_4_0,12000.0,0.0
e_4_1,12000.0,0.0
a_4_1,12000.0,0.0
e_4_2,12000.0,0.0
a_4_2,12000.0,0.0
e_4_3,12000.0,0.0
a_4_3,12000.0,0.0
e_5_0,12000.0,0.0
a_5_0,12000.0,0.0
e_5_1,12000.0,0.0
a_5_1,12000.0,0.0
e_5_2,12000.0,0.0
a_5_2,12000.0,0.0
e_5_3,12000.0,0.0
a_5_3,12000.0,0.0
e_6_0,12000.0,0.0
a_6_0,12000.0,0.0
e_6_1,12000.0,0.0
a_6_1,12000.0,0.0
e_6_2,12000.0,0.0
a_6_2,12000.0,0.0
e_6_3,12000.0,0.0
a_6_3,12000.0,0.0
e_7_0,12000.0,0.0
a_7_0,12000.0,0.0
e_7_1,12000.0,0.0
a_7_1,12000.0,0.0
e_7_2,12000.0,0.0
a_7_2,12000.0,0.0
e_7_3,12000.0,0.0
a_7_3,12000.0,0.0
c_0_0,12600.0,0.0
c_0_1,12600.0,0.0
c_0_2,12600.0,0.0
c_0_3,12600.0,0.0
c_1_0,12600.0,0.0
c_1_1,12600.0,0.0
c_1_2,12600.0,0.0
c_1_3,12600.0,0.0
c_2_0,12600.0,0.0
c_2_1,12600.0,0.0
c_2_2,12600.0,0.0
c_2_3,12600.0,0.0
c_3_0,12600.0,0.0
c_3_1,12600.0,0.0
c_3_2,12600.0,0.0
c_3_3,12600.0,0.0
e_0_0,12600.0,0.0
a_0_0,12600.0,0.0
e_0_1,12600.0,0.0
a_0_1,12600.0,0.0
e_0_2,12600.0,0.0
a_0_2,12600.0,0.0
e_0_3,12600.0,0.0
a_0_3,12600.0,0.0
e_1_0,12600.0,0.0
a_1_0,12600.0,0.0
e_1_1,12600.0,0.0
a_1_1,12600.0,0.0
e_1_2,12600.0,0.0
a_1_2,12600.0,0.0
e_1_3,12600.0,0.0
a_1_3,12600.0,0.0
e_2_0,12600.0,0.0
a_2_0,12600.0,0.0
e_2_1,12600.0,0.0
a_2_1,12600.0,0.0
e_2_2,12600.0,0.0
a_2_2,12600.0,0.0
e_2_3,12600.0,0.0
a_2_3,12600.0,0.0
e_3_0,12600.0,0.0
a_3_0,12600.0,0.0
e_3_1,12600.0,0.0
a_3_1,12600.0,0.0
e_3_2,12600.0,0.0
a_3_2,12600.0,0.0
e_3_3,12600.0,0.0
a_3_3,12600.0,0.0
e_4_0,12600.0,0.0
a_4_0,12600.0,0.0
e_4_1,12600.0,0.0
a_4_1,12600.0,0.0
e_4_2,12600.0,0.0
a_4_2,12600.0,0.0
e_4_3,12600.0,0.0
a_4_3,12600.0,0.0
e_5_0,12600.0,0.0
a_5_0,12600.0,0.0
e_5_1,12600.0,0.0
a_5_1,12600.0,0.0
e_5_2,12600.0,0.0
a_5_2,12600.0,0.0
e_5_3,12600.0,0.0
a_5_3,12600.0,0.0
e_6_0,12600.0,0.0
a_6_0,12600.0,0.0
e_6_1,12600.0,0.0
a_6_1,12600.0,0.0
e_6_2,12600.0,0.0
a_6_2,12600.0,0.0
e_6_3,12600.0,0.0
a_6_3,12600.0,0.0
e_7_0,12600.0,0.0
a_7_0,12600.0,0.0
e_7_1,12600.0,0.0
a_7_1,12600.0,0.0
e_7_2,12600.0,0.0
a_7_2,12600.0,0.0
e_7_3,12600.0,0.0
a_7_3,12600.0,0.0
c_0_0,13200.0,0.0
c_0_1,13200.0,0.0
c_0_2,13200.0,0.0
c_0_3,13200.0,0.0
c_1_0,13200.0,0.0
c_1_1,13200.0,0.0
c_1_2,13200.0,0.0
c_1_3,13200.0,0.0
c_2_0,13200.0,0.0
c_2_1,13200.0,0.0
c_2_2,13200.0,0.0
c_2_3,13200.0,0.0
c_3_0,13200.0,0.0
c_3_1,13200.0,0.0
c_3_2,13200.0,0.0
c_3_3,13200.0,0.0
e_0_0,13200.0,0.0
a_0_0,13200.0,0.0
e_0_1,13200.0,0.0
a_0_1,13200.0,0.0
e_0_2,13200.0,0.0
a_0_2,13200.0,0.0
e_0_3,13200.0,0.0
a_0_3,13200.0,0.0
e_1_0,13200.0,0.0
a_1_0,13200.0,0.0
e_1_1,13200.0,0.0
a_1_1,13200.0,0.0
e_1_2,13200.0,0.0
a_1_2,13200.0,0.0
e_1_3,13200.0,0.0
a_1_3,13200.0,0.0
e_2_0,13200.0,0.0
a_2_0,13200.0,0.0
e_2_1,13200.0,0.0
a_2_1,13200.0,0.0
e_2_2,13200.0,0.0
a_2_2,13200.0,0.0
e_2_3,13200.0,0.0
a_2_3,13200.0,0.0
e_3_0,13200.0,0.0
a_3_0,13200.0,0.0
e_3_1,13200.0,0.0
a_3_1,13200.0,0.0
e_3_2,13200.0,0.0
a_3_2,13200.0,0.0
e_3_3,13200.0,0.0
a_3_3,13200.0,0.0
e_4_0,13200.0,0.0
a_4_0,13200.0,0.0
e_4_1,13200.0,0.0
a_4_1,13200.0,0.0
e_4_2,13200.0,0.0
a_4_2,13200.0,0.0
e_4_3,13200.0,0.0
a_4_3,13200.0,0.0
e_5_0,13200.0,0.0
a_5_0,13200.0,0.0
e_5_1,13200.0,0.0
a_5_1,13200.0,0.0
e_5_2,13200.0,0.0
a_5_2,13200.0,0.0
e_5_3,13200.0,0.0
a_5_3,13200.0,0.0
e_6_0,13200.0,0.0
a_6_0,13200.0,0.0
e_6_1,13200.0,0.0
a_6_1,13200.0,0.0
e_6_2,13200.0,0.0
a_6_2,13200.0,0.0
e_6_3,13200.0,0.0
a_6_3,13200.0,0.0
e_7_0,13200.0,0.0
a_7_0,13200.0,0.0
e_7_1,13200.0,0.0
a_7_1,13200.0,0.0
e_7_2,13200.0,0.0
a_7_2,13200.0,0.0
e_7_3,13200.0,0.0
a_7_3,13200.0,0.0
c_0_0,13800.0,0.0
c_0_1,13800.0,0.0
c_0_2,13800.0,0.0
c_0_3,13800.0,0.0
c_1_0,13800.0,0.0
c_1_1,13800.0,0.0
c_1_2,13800.0,0.0
c_1_3,13800.0,0.0
c_2_0,13800.0,0.0
c_2_1,13800.0,0.0
c_2_2,13800.0,0.0
c_2_3,13800.0,0.0
c_3_0,13800.0,0.0
c_3_1,13800.0,0.0
c_3_2,13800.0,0.0
c_3_3,13800.0,0.0
e_0_0,13800.0,0.0
a_0_0,13800.0,0.0
e_0_1,13800.0,0.0
a_0_1,13800.0,0.0
e_0_2,13800.0,0.0
a_0_2,13800.0,0.0
e_0_3,13800.0,0.0
a_0_3,13800.0,0.0
e_1_0,13800.0,0.0
a_1_0,13800.0,0.0
e_1_1,13800.0,0.0
a_1_1,13800.0,0.0
e_1_2,13800.0,0.0
a_1_2,13800.0,0.0
e_1_3,13800.0,0.0
a_1_3,13800.0,0.0
e_2_0,13800.0,0.0
a_2_0,13800.0,0.0
e_2_1,13800.0,0.0
a_2_1,13800.0,0.0
e_2_2,13800.0,0.0
a_2_2,13800.0,0.0
e_2_3,13800.0,0.0
a_2_3,13800.0,0.0
e_3_0,13800.0,0.0
a_3_0,13800.0,0.0
e_3_1,13800.0,0.0
a_3_1,13800.0,0.0
e_3_2,13800.0,0.0
a_3_2,13800.0,0.0
e_3_3,13800.0,0.0
a_3_3,13800.0,0.0
e_4_0,13800.0,0.0
a_4_0,13800.0,0.0
e_4_1,13800.0,0.0
a_4_1,13800.0,0.0
e_4_2,13800.0,0.0
a_4_2,13800.0,0.0
e_4_3,13800.0,0.0
a_4_3,13800.0,0.0
e_5_0,13800.0,0.0
a_5_0,13800.0,0.0
e_5_1,13800.0,0.0
a_5_1,13800.0,0.0
e_5_2,13800.0,0.0
a_5_2,13800.0,0.0
e_5_3,13800.0,0.0
a_5_3,13800.0,0.0
e_6_0,13800.0,0.0
a_6_0,13800.0,0.0
e_6_1,13800.0,0.0
a_6_1,13800.0,0.0
e_6_2,13800.0,0.0
a_6_2,13800.0,0.0
e_6_3,13800.0,0.0
a_6_3,13800.0,0.0
e_7_0,13800.0,0.0
a_7_0,13800.0,0.0
e_7_1,13800.0,0.0
a_7_1,13800.0,0.0
e_7_2,13800.0,0.0
a_7_2,13800.0,0.0
e_7_3,13800.0,0.0
a_7_3,13800.0,0.0
c_0_0,14400.0,0.0
c_0_1,14400.0,0.0
c_0_2,14400.0,0.0
c_0_3,14400.0,0.0
c_1_0,14400.0,0.0
c_1_1,14400.0,0.0
c_1_2,14400.0,0.0
c_1_3,14400.0,0.0
c_2_0,14400.0,0.0
c_2_1,14400.0,0.0
c_2_2,14400.0,0.0
c_2_3,14400.0,0.0
c_3_0,14400.0,0.0
c_3_1,14400.0,0.0
c_3_2,14400.0,0.0
c_3_3,14400.0,0.0
e_0_0,14400.0,0.0
a_0_0,14400.0,0.0
e_0_1,14400.0,0.0
a_0_1,14400.0,0.0
e_0_2,14400.0,0.0
a_0_2,14400.0,0.0
e_0_3,14400.0,0.0
a_0_3,14400.0,0.0
e_1_0,14400.0,0.0
a_1_0,14400.0,0.0
e_1_1,14400.0,0.0
a_1_1,14400.0,0.0
e_1_2,14400.0,0.0
a_1_2,14400.0,0.0
e_1_3,14400.0,0.0
a_1_3,14400.0,0.0
e_2_0,14400.0,0.0
a_2_0,14400.0,0.0
e_2_1,14400.0,0.0
a_2_1,14400.0,0.0
e_2_2,14400.0,0.0
a_2_2,14400.0,0.0
e_2_3,14400.0,0.0
a_2_3,14400.0,0.0
e_3_0,14400.0,0.0
a_3_0,14400.0,0.0
e_3_1,14400.0,0.0
a_3_1,14400.0,0.0
e_3_2,14400.0,0.0
a_3_2,14400.0,0.0
e_3_3,14400.0,0.0
a_3_3,14400.0,0.0
e_4_0,14400.0,0.0
a_4_0,14400.0,0.0
e_4_1,14400.0,0.0
a_4_1,14400.0,0.0
e_4_2,14400.0,0.0
a_4_2,14400.0,0.0
e_4_3,14400.0,0.0
a_4_3,14400.0,0.0
e_5_0,14400.0,0.0
a_5_0,14400.0,0.0
e_5_1,14400.0,0.0
a_5_1,14400.0,0.0
e_5_2,14400.0,0.0
a_5_2,14400.0,0.0
e_5_3,14400.0,0.0
a_5_3,14400.0,0.0
e_6_0,14400.0,0.0
a_6_0,14400.0,0.0
e_6_1,14400.0,0.0
a_6_1,14400.0,0.0
e_6_2,14400.0,0.0
a_6_2,14400.0,0.0
e_6_3,14400.0,0.0
a_6_3,14400.0,0.0
e_7_0,14400.0,0.0
a_7_0,14400.0,0.0
e_7_1,14400.0,0.0
a_7_1,14400.0,0.0
e_7_2,14400.0,0.0
a_7_2,14400.0,0.0
e_7_3,14400.0,0.0
a_7_3,14400.0,0.0
c_0_0,15000.0,0.0
c_0_1,15000.0,0.0
c_0_2,15000.0,0.0
c_0_3,15000.0,0.0
c_1_0,15000.0,0.0
c_1_1,15000.0,0.0
c_1_2,15000.0,0.0
c_1_3,15000.0,0.0
c_2_0,15000.0,0.0
c_2_1,15000.0,0.0
c_2_2,15000.0,0.0
c_2_3,15000.0,0.0
c_3_0,15000.0,0.0
c_3_1,15000.0,0.0
c_3_2,15000.0,0.0
c_3_3,15000.0,0.0
e_0_0,15000.0,0.0
a_0_0,15000.0,0.0
e_0_1,15000.0,0.0
a_0_1,15000.0,0.0
e_0_2,15000.0,0.0
a_0_2,15000.0,0.0
e_0_3,15000.0,0.0
a_0_3,15000.0,0.0
e_1_0,15000.0,0.0
a_1_0,15000.0,0.0
e_1_1,15000.0,0.0
a_1_1,15000.0,0.0
e_1_2,15000.0,0.0
a_1_2,15000.0,0.0
e_1_3,15000.0,0.0
a_1_3,15000.0,0.0
e_2_0,15000.0,0.0
a_2_0,15000.0,0.0
e_2_1,15000.0,0.0
a_2_1,15000.0,0.0
e_2_2,15000.0,0.0
a_2_2,15000.0,0.0
e_2_3,15000.0,0.0
a_2_3,15000.0,0.0
e_3_0,15000.0,0.0
a_3_0,15000.0,0.0
e_3_1,15000.0,0.0
a_3_1,15000.0,0.0
e_3_2,15000.0,0.0
a_3_2,15000.0,0.0
e_3_3,15000.0,0.0
a_3_3,15000.0,0.0
e_4_0,15000.0,0.0
a_4_0,15000.0,0.0
e_4_1,15000.0,0.0
a_4_1,15000.0,0.0
e_4_2,15000.0,0.0
a_4_2,15000.0,0.0
e_4_3,15000.0,0.0
a_4_3,15000.0,0.0
e_5_0,15000.0,0.0
a_5_0,15000.0,0.0
e_5_1,15000.0,0.0
a_5_1,15000.0,0.0
e_5_2,15000.0,0.0
a_5_2,15000.0,0.0
e_5_3,15000.0,0.0
a_5_3,15000.0,0.0
e_6_0,15000.0,0.0
a_6_0,15000.0,0.0
e_6_1,15000.0,0.0
a_6_1,15000.0,0.0
e_6_2,15000.0,0.0
a_6_2,15000.0,0.0
e_6_3,15000.0,0.0
a_6_3,15000.0,0.0
e_7_0,15000.0,0.0
a_7_0,15000.0,0.0
e_7_1,15000.0,0.0
a_7_1,15000.0,0.0
e_7_2,15000.0,0.0
a_7_2,15000.0,0.0
e_7_3,15000.0,0.0
a_7_3,15000.0,0.0
c_0_0,15600.0,0.0
c_0_1,15600.0,0.0
c_0_2,15600.0,0.0
c_0_3,15600.0,0.0
c_1_0,15600.0,0.0
c_1_1,15600.0,0.0
c_1_2,15600.0,0.0
c_1_3,15600.0,0.0
c_2_0,15600.0,0.0
c_2_1,15600.0,0.0
c_2_2,15600.0,0.0
c_2_3,15600.0,0.0
c_3_0,15600.0,0.0
c_3_1,15600.0,0.0
c_3_2,15600.0,0.0
c_3_3,15600.0,0.0
e_0_0,15600.0,0.0
a_0_0,15600.0,0.0
e_0_1,15600.0,0.0
a_0_1,15600.0,0.0
e_0_2,15600.0,0.0
a_0_2,15600.0,0.0
e_0_3,15600.0,0.0
a_0_3,15600.0,0.0
e_1_0,15600.0,0.0
a_1_0,15600.0,0.0
e_1_1,15600.0,0.0
a_1_1,15600.0,0.0
e_1_2,15600.0,0.0
a_1_2,15600.0,0.0
e_1_3,15600.0,0.0
a_1_3,15600.0,0.0
e_2_0,15600.0,0.0
a_2_0,15600.0,0.0
e_2_1,15600.0,0.0
a_2_1,15600.0,0.0
e_2_2,15600.0,0.0
a_2_2,15600.0,0.0
e_2_3,15600.0,0.0
a_2_3,15600.0,0.0
e_3_0,15600.0,0.0
a_3_0,15600.0,0.0
e_3_1,15600.0,0.0
a_3_1,15600.0,0.0
e_3_2,15600.0,0.0
a_3_2,15600.0,0.0
e_3_3,15600.0,0.0
a_3_3,15600.0,0.0
e_4_0,15600.0,0.0
a_4_0,15600.0,0.0
e_4_1,15600.0,0.0
a_4_1,15600.0,0.0
e_4_2,15600.0,0.0
a_4_2,15600.0,0.0
e_4_3,15600.0,0.0
a_4_3,15600.0,0.0
e_5_0,15600.0,0.0
a_5_0,15600.0,0.0
e_5_1,15600.0,0.0
a_5_1,15600.0,0.0
e_5_2,15600.0,0.0
a_5_2,15600.0,0.0
e_5_3,15600.0,0.0
a_5_3,15600.0,0.0
e_6_0,15600.0,0.0
a_6_0,15600.0,0.0
e_6_1,15600.0,0.0
a_6_1,15600.0,0.0
e_6_2,15600.0,0.0
a_6_2,15600.0,0.0
e_6_3,15600.0,0.0
a_6_3,15600.0,0.0
e_7_0,15600.0,0.0
a_7_0,15600.0,0.0
e_7_1,15600.0,0.0
a_7_1,15600.0,0.0
e_7_2,15600.0,0.0
a_7_2,15600.0,0.0
e_7_3,15600.0,0.0
a_7_3,15600.0,0.0
c_0_0,16200.0,0.0
c_0_1,16200.0,0.0
c_0_2,16200.0,0.0
c_0_3,16200.0,0.0
c_1_0,16200.0,0.0
c_1_1,16200.0,0.0
c_1_2,16200.0,0.0
c_1_3,16200.0,0.0
c_2_0,16200.0,0.0
c_2_1,16200.0,0.0
c_2_2,16200.0,0.0
c_2_3,16200.0,0.0
c_3_0,16200.0,0.0
c_3_1,16200.0,0.0
c_3_2,16200.0,0.0
c_3_3,16200.0,0.0
e_0_0,16200.0,0.0
a_0_0,16200.0,0.0
e_0_1,16200.0,0.0
a_0_1,16200.0,0.0
e_0_2,16200.0,0.0
a_0_2,16200.0,0.0
e_0_3,16200.0,0.0
a_0_3,16200.0,0.0
e_1_0,16200.0,0.0
a_1_0,16200.0,0.0
e_1_1,16200.0,0.0
a_1_1,16200.0,0.0
e_1_2,16200.0,0.0
a_1_2,16200.0,0.0
e_1_3,16200.0,0.0
a_1_3,16200.0,0.0
e_2_0,16200.0,0.0
a_2_0,16200.0,0.0
e_2_1,16200.0,0.0
a_2_1,16200.0,0.0
e_2_2,16200.0,0.0
a_2_2,16200.0,0.0
e_2_3,16200.0,0.0
a_2_3,16200.0,0.0
e_3_0,16200.0,0.0
a_3_0,16200.0,0.0
e_3_1,16200.0,0.0
a_3_1,16200.0,0.0
e_3_2,16200.0,0.0
a_3_2,16200.0,0.0
e_3_3,16200.0,0.0
a_3_3,16200.0,0.0
e_4_0,16200.0,0.0
a_4_0,16200.0,0.0
e_4_1,16200.0,0.0
a_4_1,16200.0,0.0
e_4_2,16200.0,0.0
a_4_2,16200.0,0.0
e_4_3,16200.0,0.0
a_4_3,16200.0,0.0
e_5_0,16200.0,0.0
a_5_0,16200.0,0.0
e_5_1,16200.0,0.0
a_5_1,16200.0,0.0
e_5_2,16200.0,0.0
a_5_2,16200.0,0.0
e_5_3,16200.0,0.0
a_5_3,16200.0,0.0
e_6_0,16200.0,0.0
a_6_0,16200.0,0.0
e_6_1,16200.0,0.0
a_6_1,16200.0,0.0
e_6_2,16200.0,0.0
a_6_2,16200.0,0.0
e_6_3,16200.0,0.0
a_6_3,16200.0,0.0
e_7_0,16200.0,0.0
a_7_0,16200.0,0.0
e_7_1,16200.0,0.0
a_7_1,16200.0,0.0
e_7_2,16200.0,0.0
a_7_2,16200.0,0.0
e_7_3,16200.0,0.0
a_7_3,16200.0,0.0
c_0_0,16800.0,0.0
c_0_1,16800.0,0.0
c_0_2,16800.0,0.0
c_0_3,16800.0,0.0
c_1_0,16800.0,0.0
c_1_1,16800.0,0.0
c_1_2,16800.0,0.0
c_1_3,16800.0,0.0
c_2_0,16800.0,0.0
c_2_1,16800.0,0.0
c_2_2,16800.0,0.0
c_2_3,16800.0,0.0
c_3_0,16800.0,0.0
c_3_1,16800.0,0.0
c_3_2,16800.0,0.0
c_3_3,16800.0,0.0
e_0_0,16800.0,0.0
a_0_0,16800.0,0.0
e_0_1,16800.0,0.0
a_0_1,16800.0,0.0
e_0_2,16800.0,0.0
a_0_2,16800.0,0.0
e_0_3,16800.0,0.0
a_0_3,16800.0,0.0
e_1_0,16800.0,0.0
a_1_0,16800.0,0.0
e_1_1,16800.0,0.0
a_1_1,16800.0,0.0
e_1_2,16800.0,0.0
a_1_2,16800.0,0.0
e_1_3,16800.0,0.0
a_1_3,16800.0,0.0
e_2_0,16800.0,0.0
a_2_0,16800.0,0.0
e_2_1,16800.0,0.0
a_2_1,16800.0,0.0
e_2_2,16800.0,0.0
a_2_2,16800.0,0.0
e_2_3,16800.0,0.0
a_2_3,16800.0,0.0
e_3_0,16800.0,0.0
a_3_0,16800.0,0.0
e_3_1,16800.0,0.0
a_3_1,16800.0,0.0
e_3_2,16800.0,0.0
a_3_2,16800.0,0.0
e_3_3,16800.0,0.0
a_3_3,16800.0,0.0
e_4_0,16800.0,0.0
a_4_0,16800.0,0.0
e_4_1,16800.0,0.0
a_4_1,16800.0,0.0
e_4_2,16800.0,0.0
a_4_2,16800.0,0.0
e_4_3,16800.0,0.0
a_4_3,16800.0,0.0
e_5_0,16800.0,0.0
a_5_0,16800.0,0.0
e_5_1,16800.0,0.0
a_5_1,16800.0,0.0
e_5_2,16800.0,0.0
a_5_2,16800.0,0.0
e_5_3,16800.0,0.0
a_5_3,16800.0,0.0
e_6_0,16800.0,0.0
a_6_0,16800.0,0.0
e_6_1,16800.0,0.0
a_6_1,16800.0,0.0
e_6_2,16800.0,0.0
a_6_2,16800.0,0.0
e_6_3,16800.0,0.0
a_6_3,16800.0,0.0
e_7_0,16800.0,0.0
a_7_0,16800.0,0.0
e_7_1,16800.0,0.0
a_7_1,16800.0,0.0
e_7_2,16800.0,0.0
a_7_2,16800.0,0.0
e_7_3,16800.0,0.0
a_7_3,16800.0,0.0
c_0_0,17400.0,0.0
c_0_1,17400.0,0.0
c_0_2,17400.0,0.0
c_0_3,17400.0,0.0
c_1_0,17400.0,0.0
c_1_1,17400.0,0.0
c_1_2,17400.0,0.0
c_1_3,17400.0,0.0
c_2_0,17400.0,0.0
c_2_1,17400.0,0.0
c_2_2,17400.0,0.0
c_2_3,17400.0,0.0
c_3_0,17400.0,0.0
c_3_1,17400.0,0.0
c_3_2,17400.0,0.0
c_3_3,17400.0,0.0
e_0_0,17400.0,0.0
a_0_0,17400.0,0.0
e_0_1,17400.0,0.0
a_0_1,17400.0,0.0
e_0_2,17400.0,0.0
a_0_2,17400.0,0.0
e_0_3,17400.0,0.0
a_0_3,17400.0,0.0
e_1_0,17400.0,0.0
a_1_0,17400.0,0.0
e_1_1,17400.0,0.0
a_1_1,17400.0,0.0
e_1_2,17400.0,0.0
a_1_2,17400.0,0.0
e_1_3,17400.0,0.0
a_1_3,17400.0,0.0
e_2_0,17400.0,0.0
a_2_0,17400.0,0.0
e_2_1,17400.0,0.0
a_2_1,17400.0,0.0
e_2_2,17400.0,0.0
a_2_2,17400.0,0.0
e_2_3,17400.0,0.0
a_2_3,17400.0,0.0
e_3_0,17400.0,0.0
a_3_0,17400.0,0.0
e_3_1,17400.0,0.0
a_3_1,17400.0,0.0
e_3_2,17400.0,0.0
a_3_2,17400.0,0.0
e_3_3,17400.0,0.0
a_3_3,17400.0,0.0
e_4_0,17400.0,0.0
a_4_0,17400.0,0.0
e_4_1,17400.0,0.0
a_4_1,17400.0,0.0
e_4_2,17400.0,0.0
a_4_2,17400.0,0.0
e_4_3,17400.0,0.0
a_4_3,17400.0,0.0
e_5_0,17400.0,0.0
a_5_0,17400.0,0.0
e_5_1,17400.0,0.0
a_5_1,17400.0,0.0
e_5_2,17400.0,0.0
a_5_2,17400.0,0.0
e_5_3,17400.0,0.0
a_5_3,17400.0,0.0
e_6_0,17400.0,0.0
a_6_0,17400.0,0.0
e_6_1,17400.0,0.0
a_6_1,17400.0,0.0
e_6_2,17400.0,0.0
a_6_2,17400.0,0.0
e_6_3,17400.0,0.0
a_6_3,17400.0,0.0
e_7_0,17400.0,0.0
a_7_0,17400.0,0.0
e_7_1,17400.0,0.0
a_7_1,17400.0,0.0
e_7_2,17400.0,0.0
a_7_2,17400.0,0.0
e_7_3,17400.0,0.0
a_7_3,17400.0,0.0
c_0_0,18000.0,0.0
c_0_1,18000.0,0.0
c_0_2,18000.0,0.0
c_0_3,18000.0,0.0
c_1_0,18000.0,0.0
c_1_1,18000.0,0.0
c_1_2,18000.0,0.0
c_1_3,18000.0,0.0
c_2_0,18000.0,0.0
c_2_1,18000.0,0.0
c_2_2,18000.0,0.0
c_2_3,18000.0,0.0
c_3_0,18000.0,0.0
c_3_1,18000.0,0.0
c_3_2,18000.0,0.0
c_3_3,18000.0,0.0
e_0_0,18000.0,0.0
a_0_0,18000.0,0.0
e_0_1,18000.0,0.0
a_0_1,18000.0,0.0
e_0_2,18000.0,0.0
a_0_2,18000.0,0.0
e_0_3,18000.0,0.0
a_0_3,18000.0,0.0
e_1_0,18000.0,0.0
a_1_0,18000.0,0.0
e_1_1,18000.0,0.0
a_1_1,18000.0,0.0
e_1_2,18000.0,0.0
a_1_2,18000.0,0.0
e_1_3,18000.0,0.0
a_1_3,18000.0,0.0
e_2_0,18000.0,0.0
a_2_0,18000.0,0.0
e_2_1,18000.0,0.0
a_2_1,18000.0,0.0
e_2_2,18000.0,0.0
a_2_2,18000.0,0.0
e_2_3,18000.0,0.0
a_2_3,18000.0,0.0
e_3_0,18000.0,0.0
a_3_0,18000.0,0.0
e_3_1,18000.0,0.0
a_3_1,18000.0,0.0
e_3_2,18000.0,0.0
a_3_2,18000.0,0.0
e_3_3,18000.0,0.0
a_3_3,18000.0,0.0
e_4_0,18000.0,0.0
a_4_0,18000.0,0.0
e_4_1,18000.0,0.0
a_4_1,18000.0,0.0
e_4_2,18000.0,0.0
a_4_2,18000.0,0.0
e_4_3,18000.0,0.0
a_4_3,18000.0,0.0
e_5_0,18000.0,0.0
a_5_0,18000.0,0.0
e_5_1,18000.0,0.0
a_5_1,18000.0,0.0
e_5_2,18000.0,0.0
a_5_2,18000.0,0.0
e_5_3,18000.0,0.0
a_5_3,18000.0,0.0
e_6_0,18000.0,0.0
a_6_0,18000.0,0.0
e_6_1,18000.0,0.0
a_6_1,18000.0,0.0
e_6_2,18000.0,0.0
a_6_2,18000.0,0.0
e_6_3,18000.0,0.0
a_6_3,18000.0,0.0
e_7_0,18000.0,0.0
a_7_0,18000.0,0.0
e_7_1,18000.0,0.0
a_7_1,18000.0,0.0
e_7_2,18000.0,0.0
a_7_2,18000.0,0.0
e_7_3,18000.0,0.0
a_7_3,18000.0,0.0
c_0_0,18600.0,0.0
c_0_1,18600.0,0.0
c_0_2,18600.0,0.0
c_0_3,18600.0,0.0
c_1_0,18600.0,0.0
c_1_1,18600.0,0.0
c_1_2,18600.0,0.0
c_1_3,18600.0,0.0
c_2_0,18600.0,0.0
c_2_1,18600.0,0.0
c_2_2,18600.0,0.0
c_2_3,18600.0,0.0
c_3_0,18600.0,0.0
c_3_1,18600.0,0.0
c_3_2,18600.0,0.0
c_3_3,18600.0,0.0
e_0_0,18600.0,0.0
a_0_0,18600.0,0.0
e_0_1,18600.0,0.0
a_0_1,18600.0,0.0
e_0_2,18600.0,0.0
a_0_2,18600.0,0.0
e_0_3,18600.0,0.0
a_0_3,18600.0,0.0
e_1_0,18600.0,0.0
a_1_0,18600.0,0.0
e_1_1,18600.0,0.0
a_1_1,18600.0,0.0
e_1_2,18600.0,0.0
a_1_2,18600.0,0.0
e_1_3,18600.0,0.0
a_1_3,18600.0,0.0
e_2_0,18600.0,0.0
a_2_0,18600.0,0.0
e_2_1,18600.0,0.0
a_2_1,18600.0,0.0
e_2_2,18600.0,0.0
a_2_2,18600.0,0.0
e_2_3,18600.0,0.0
a_2_3,18600.0,0.0
e_3_0,18600.0,0.0
a_3_0,18600.0,0.0
e_3_1,18600.0,0.0
a_3_1,18600.0,0.0
e_3_2,18600.0,0.0
a_3_2,18600.0,0.0
e_3_3,18600.0,0.0
a_3_3,18600.0,0.0
e_4_0,18600.0,0.0
a_4_0,18600.0,0.0
e_4_1,18600.0,0.0
a_4_1,18600.0,0.0
e_4_2,18600.0,0.0
a_4_2,18600.0,0.0
e_4_3,18600.0,0.0
a_4_3,18600.0,0.0
e_5_0,18600.0,0.0
a_5_0,18600.0,0.0
e_5_1,18600.0,0.0
a_5_1,18600.0,0.0
e_5_2,18600.0,0.0
a_5_2,18600.0,0.0
e_5_3,18600.0,0.0
a_5_3,18600.0,0.0
e_6_0,18600.0,0.0
a_6_0,18600.0,0.0
e_6_1,18600.0,0.0
a_6_1,18600.0,0.0
e_6_2,18600.0,0.0
a_6_2,18600.0,0.0
e_6_3,18600.0,0.0
a_6_3,18600.0,0.0
e_7_0,18600.0,0.0
a_7_0,18600.0,0.0
e_7_1,18600.0,0.0
a_7_1,18600.0,0.0
e_7_2,18600.0,0.0
a_7_2,18600.0,0.0
e_7_3,18600.0,0.0
a_7_3,18600.0,0.0
c_0_0,19200.0,0.0
c_0_1,19200.0,0.0
c_0_2,19200.0,0.0
c_0_3,19200.0,0.0
c_1_0,19200.0,0.0
c_1_1,19200.0,0.0
c_1_2,19200.0,0.0
c_1_3,19200.0,0.0
c_2_0,19200.0,0.0
c_2_1,19200.0,0.0
c_2_2,19200.0,0.0
c_2_3,19200.0,0.0
c_3_0,19200.0,0.0
c_3_1,19200.0,0.0
c_3_2,19200.0,0.0
c_3_3,19200.0,0.0
e_0_0,19200.0,0.0
a_0_0,19200.0,0.0
e_0_1,19200.0,0.0
a_0_1,19200.0,0.0
e_0_2,19200.0,0.0
a_0_2,19200.0,0.0
e_0_3,19200.0,0.0
a_0_3,19200.0,0.0
e_1_0,19200.0,0.0
a_1_0,19200.0,0.0
e_1_1,19200.0,0.0
a_1_1,19200.0,0.0
e_1_2,19200.0,0.0
a_1_2,19200.0,0.0
e_1_3,19200.0,0.0
a_1_3,19200.0,0.0
e_2_0,19200.0,0.0
a_2_0,19200.0,0.0
e_2_1,19200.0,0.0
a_2_1,19200.0,0.0
e_2_2,19200.0,0.0
a_2_2,19200.0,0.0
e_2_3,19200.0,0.0
a_2_3,19200.0,0.0
e_3_0,19200.0,0.0
a_3_0,19200.0,0.0
e_3_1,19200.0,0.0
a_3_1,19200.0,0.0
e_3_2,19200.0,0.0
a_3_2,19200.0,0.0
e_3_3,19200.0,0.0
a_3_3,19200.0,0.0
e_4_0,19200.0,0.0
a_4_0,19200.0,0.0
e_4_1,19200.0,0.0
a_4_1,19200.0,0.0
e_4_2,19200.0,0.0
a_4_2,19200.0,0.0
e_4_3,19200.0,0.0
a_4_3,19200.0,0.0
e_5_0,19200.0,0.0
a_5_0,19200.0,0.0
e_5_1,19200.0,0.0
a_5_1,19200.0,0.0
e_5_2,19200.0,0.0
a_5_2,19200.0,0.0
e_5_3,19200.0,0.0
a_5_3,19200.0,0.0
e_6_0,19200.0,0.0
a_6_0,19200.0,0.0
e_6_1,19200.0,0.0
a_6_1,19200.0,0.0
e_6_2,19200.0,0.0
a_6_2,19200.0,0.0
e_6_3,19200.0,0.0
a_6_3,19200.0,0.0
e_7_0,19200.0,0.0
a_7_0,19200.0,0.0
e_7_1,19200.0,0.0
a_7_1,19200.0,0.0
e_7_2,19200.0,0.0
a_7_2,19200.0,0.0
e_7_3,19200.0,0.0
a_7_3,19200.0,0.0
c_0_0,19800.0,0.0
c_0_1,19800.0,0.0
c_0_2,19800.0,0.0
c_0_3,19800.0,0.0
c_1_0,19800.0,0.0
c_1_1,19800.0,0.0
c_1_2,19800.0,0.0
c_1_3,19800.0,0.0
c_2_0,19800.0,0.0
c_2_1,19800.0,0.0
c_2_2,19800.0,0.0
c_2_3,19800.0,0.0
c_3_0,19800.0,0.0
c_3_1,19800.0,0.0
c_3_2,19800.0,0.0
c_3_3,19800.0,0.0
e_0_0,19800.0,0.0
a_0_0,19800.0,0.0
e_0_1,19800.0,0.0
a_0_1,19800.0,0.0
e_0_2,19800.0,0.0
a_0_2,19800.0,0.0
e_0_3,19800.0,0.0
a_0_3,19800.0,0.0
e_1_0,19800.0,0.0
a_1_0,19800.0,0.0
e_1_1,19800.0,0.0
a_1_1,19800.0,0.0
e_1_2,19800.0,0.0
a_1_2,19800.0,0.0
e_1_3,19800.0,0.0
a_1_3,19800.0,0.0
e_2_0,19800.0,0.0
a_2_0,19800.0,0.0
e_2_1,19800.0,0.0
a_2_1,19800.0,0.0
e_2_2,19800.0,0.0
a_2_2,19800.0,0.0
e_2_3,19800.0,0.0
a_2_3,19800.0,0.0
e_3_0,19800.0,0.0
a_3_0,19800.0,0.0
e_3_1,19800.0,0.0
a_3_1,19800.0,0.0
e_3_2,19800.0,0.0
a_3_2,19800.0,0.0
e_3_3,19800.0,0.0
a_3_3,19800.0,0.0
e_4_0,19800.0,0.0
a_4_0,19800.0,0.0
e_4_1,19800.0,0.0
a_4_1,19800.0,0.0
e_4_2,19800.0,0.0
a_4_2,19800.0,0.0
e_4_3,19800.0,0.0
a_4_3,19800.0,0.0
e_5_0,19800.0,0.0
a_5_0,19800.0,0.0
e_5_1,19800.0,0.0
a_5_1,19800.0,0.0
e_5_2,19800.0,0.0
a_5_2,19800.0,0.0
e_5_3,19800.0,0.0
a_5_3,19800.0,0.0
e_6_0,19800.0,0.0
a_6_0,19800.0,0.0
e_6_1,19800.0,0.0
a_6_1,19800.0,0.0
e_6_2,19800.0,0.0
a_6_2,19800.0,0.0
e_6_3,19800.0,0.0
a_6_3,19800.0,0.0
e_7_0,19800.0,0.0
a_7_0,19800.0,0.0
e_7_1,19800.0,0.0
a_7_1,19800.0,0.0
e_7_2,19800.0,0.0
a_7_2,19800.0,0.0
e_7_3,19800.0,0.0
a_7_3,19800.0,0.0
c_0_0,20400.0,0.0
c_0_1,20400.0,0.0
c_0_2,20400.0,0.0
c_0_3,20400.0,0.0
c_1_0,20400.0,0.0
c_1_1,20400.0,0.0
c_1_2,20400.0,0.0
c_1_3,20400.0,0.0
c_2_0,20400.0,0.0
c_2_1,20400.0,0.0
c_2_2,20400.0,0.0
c_2_3,20400.0,0.0
c_3_0,20400.0,0.0
c_3_1,20400.0,0.0
c_3_2,20400.0,0.0
c_3_3,20400.0,0.0
e_0_0,20400.0,0.0
a_0_0,20400.0,0.0
e_0_1,20400.0,0.0
a_0_1,20400.0,0.0
e_0_2,20400.0,0.0
a_0_2,20400.0,0.0
e_0_3,20400.0,0.0
a_0_3,20400.0,0.0
e_1_0,20400.0,0.0
a_1_0,20400.0,0.0
e_1_1,20400.0,0.0
a_1_1,20400.0,0.0
e_1_2,20400.0,0.0
a_1_2,20400.0,0.0
e_1_3,20400.0,0.0
a_1_3,20400.0,0.0
e_2_0,20400.0,0.0
a_2_0,20400.0,0.0
e_2_1,20400.0,0.0
a_2_1,20400.0,0.0
e_2_2,20400.0,0.0
a_2_2,20400.0,0.0
e_2_3,20400.0,0.0
a_2_3,20400.0,0.0
e_3_0,20400.0,0.0
a_3_0,20400.0,0.0
e_3_1,20400.0,0.0
a_3_1,20400.0,0.0
e_3_2,20400.0,0.0
a_3_2,20400.0,0.0
e_3_3,20400.0,0.0
a_3_3,20400.0,0.0
e_4_0,20400.0,0.0
a_4_0,20400.0,0.0
e_4_1,20400.0,0.0
a_4_1,20400.0,0.0
e_4_2,20400.0,0.0
a_4_2,20400.0,0.0
e_4_3,20400.0,0.0
a_4_3,20400.0,0.0
e_5_0,20400.0,0.0
a_5_0,20400.0,0.0
e_5_1,20400.0,0.0
a_5_1,20400.0,0.0
e_5_2,20400.0,0.0
a_5_2,20400.0,0.0
e_5_3,20400.0,0.0
a_5_3,20400.0,0.0
e_6_0,20400.0,0.0
a_6_0,20400.0,0.0
e_6_1,20400.0,0.0
a_6_1,20400.0,0.0
e_6_2,20400.0,0.0
a_6_2,20400.0,0.0
e_6_3,20400.0,0.0
a_6_3,20400.0,0.0
e_7_0,20400.0,0.0
a_7_0,20400.0,0.0
e_7_1,20400.0,0.0
a_7_1,20400.0,0.0
e_7_2,20400.0,0.0
a_7_2,20400.0,0.0
e_7_3,20400.0,0.0
a_7_3,20400.0,0.0
c_0_0,21000.0,0.0
c_0_1,21000.0,0.0
c_0_2,21000.0,0.0
c_0_3,21000.0,0.0
c_1_0,21000.0,0.0
c_1_1,21000.0,0.0
c_1_2,21000.0,0.0
c_1_3,21000.0,0.0
c_2_0,21000.0,0.0
c_2_1,21000.0,0.0
c_2_2,21000.0,0.0
c_2_3,21000.0,0.0
c_3_0,21000.0,0.0
c_3_1,21000.0,0.0
c_3_2,21000.0,0.0
c_3_3,21000.0,0.0
e_0_0,21000.0,0.0
a_0_0,21000.0,0.0
e_0_1,21000.0,0.0
a_0_1,21000.0,0.0
e_0_2,21000.0,0.0
a_0_2,21000.0,0.0
e_0_3,21000.0,0.0
a_0_3,21000.0,0.0
e_1_0,21000.0,0.0
a_1_0,21000.0,0.0
e_1_1,21000.0,0.0
a_1_1,21000.0,0.0
e_1_2,21000.0,0.0
a_1_2,21000.0,0.0
e_1_3,21000.0,0.0
a_1_3,21000.0,0.0
e_2_0,21000.0,0.0
a_2_0,21000.0,0.0
e_2_1,21000.0,0.0
a_2_1,21000.0,0.0
e_2_2,21000.0,0.0
a_2_2,21000.0,0.0
e_2_3,21000.0,0.0
a_2_3,21000.0,0.0
e_3_0,21000.0,0.0
a_3_0,21000.0,0.0
e_3_1,21000.0,0.0
a_3_1,21000.0,0.0
e_3_2,21000.0,0.0
a_3_2,21000.0,0.0
e_3_3,21000.0,0.0
a_3_3,21000.0,0.0
e_4_0,21000.0,0.0
a_4_0,21000.0,0.0
e_4_1,21000.0,0.0
a_4_1,21000.0,0.0
e_4_2,21000.0,0.0
a_4_2,21000.0,0.0
e_4_3,21000.0,0.0
a_4_3,21000.0,0.0
e_5_0,21000.0,0.0
a_5_0,21000.0,0.0
e_5_1,21000.0,0.0
a_5_1,21000.0,0.0
e_5_2,21000.0,0.0
a_5_2,21000.0,0.0
e_5_3,21000.0,0.0
a_5_3,21000.0,0.0
e_6_0,21000.0,0.0
a_6_0,21000.0,0.0
e_6_1,21000.0,0.0
a_6_1,21000.0,0.0
e_6_2,21000.0,0.0
a_6_2,21000.0,0.0
e_6_3,21000.0,0.0
a_6_3,21000.0,0.0
e_7_0,21000.0,0.0
a_7_0,21000.0,0.0
e_7_1,21000.0,0.0
a_7_1,21000.0,0.0
e_7_2,21000.0,0.0
a_7_2,21000.0,0.0
e_7_3,21000.0,0.0
a_7_3,21000.0,0.0
c_0_0,21600.0,0.0
c_0_1,21600.0,0.0
c_0_2,21600.0,0.0
c_0_3,21600.0,0.0
c_1_0,21600.0,0.0
c_1_1,21600.0,0.0
c_1_2,21600.0,0.0
c_1_3,21600.0,0.0
c_2_0,21600.0,0.0
c_2_1,21600.0,0.0
c_2_2,21600.0,0.0
c_2_3,21600.0,0.0
c_3_0,21600.0,0.0
c_3_1,21600.0,0.0
c_3_2,21600.0,0.0
c_3_3,21600.0,0.0
e_0_0,21600.0,0.0
a_0_0,21600.0,0.0
e_0_1,21600.0,0.0
a_0_1,21600.0,0.0
e_0_2,21600.0,0.0
a_0_2,21600.0,0.0
e_0_3,21600.0,0.0
a_0_3,21600.0,0.0
e_1_0,21600.0,0.0
a_1_0,21600.0,0.0
e_1_1,21600.0,0.0
a_1_1,21600.0,0.0
e_1_2,21600.0,0.0
a_1_2,21600.0,0.0
e_1_3,21600.0,0.0
a_1_3,21600.0,0.0
e_2_0,21600.0,0.0
a_2_0,21600.0,0.0
e_2_1,21600.0,0.0
a_2_1,21600.0,0.0
e_2_2,21600.0,0.0
a_2_2,21600.0,0.0
e_2_3,21600.0,0.0
a_2_3,21600.0,0.0
e_3_0,21600.0,0.0
a_3_0,21600.0,0.0
e_3_1,21600.0,0.0
a_3_1,21600.0,0.0
e_3_2,21600.0,0.0
a_3_2,21600.0,0.0
e_3_3,21600.0,0.0
a_3_3,21600.0,0.0
e_4_0,21600.0,0.0
a_4_0,21600.0,0.0
e_4_1,21600.0,0.0
a_4_1,21600.0,0.0
e_4_2,21600.0,0.0
a_4_2,21600.0,0.0
e_4_3,21600.0,0.0
a_4_3,21600.0,0.0
e_5_0,21600.0,0.0
a_5_0,21600.0,0.0
e_5_1,21600.0,0.0
a_5_1,21600.0,0.0
e_5_2,21600.0,0.0
a_5_2,21600.0,0.0
e_5_3,21600.0,0.0
a_5_3,21600.0,0.0
e_6_0,21600.0,0.0
a_6_0,21600.0,0.0
e_6_1,21600.0,0.0
a_6_1,21600.0,0.0
e_6_2,21600.0,0.0
a_6_2,21600.0,0.0
e_6_3,21600.0,0.0
a_6_3,21600.0,0.0
e_7_0,21600.0,0.0
a_7_0,21600.0,0.0
e_7_1,21600.0,0.0
a_7_1,21600.0,0.0
e_7_2,21600.0,0.0
a_7_2,21600.0,0.0
e_7_3,21600.0,0.0
a_7_3,21600.0,0.0
c_0_0,22200.0,0.0
c_0_1,22200.0,0.0
c_0_2,22200.0,0.0
c_0_3,22200.0,0.0
c_1_0,22200.0,0.0
c_1_1,22200.0,0.0
c_1_2,22200.0,0.0
c_1_3,22200.0,0.0
c_2_0,22200.0,0.0
c_2_1,22200.0,0.0
c_2_2,22200.0,0.0
c_2_3,22200.0,0.0
c_3_0,22200.0,0.0
c_3_1,22200.0,0.0
c_3_2,22200.0,0.0
c_3_3,22200.0,0.0
e_0_0,22200.0,0.0
a_0_0,22200.0,0.0
e_0_1,22200.0,0.0
a_0_1,22200.0,0.0
e_0_2,22200.0,0.0
a_0_2,22200.0,0.0
e_0_3,22200.0,0.0
a_0_3,22200.0,0.0
e_1_0,22200.0,0.0
a_1_0,22200.0,0.0
e_1_1,22200.0,0.0
a_1_1,22200.0,0.0
e_1_2,22200.0,0.0
a_1_2,22200.0,0.0
e_1_3,22200.0,0.0
a_1_3,22200.0,0.0
e_2_0,22200.0,0.0
a_2_0,22200.0,0.0
e_2_1,22200.0,0.0
a_2_1,22200.0,0.0
e_2_2,22200.0,0.0
a_2_2,22200.0,0.0
e_2_3,22200.0,0.0
a_2_3,22200.0,0.0
e_3_0,22200.0,0.0
a_3_0,22200.0,0.0
e_3_1,22200.0,0.0
a_3_1,22200.0,0.0
e_3_2,22200.0,0.0
a_3_2,22200.0,0.0
e_3_3,22200.0,0.0
a_3_3,22200.0,0.0
e_4_0,22200.0,0.0
a_4_0,22200.0,0.0
e_4_1,22200.0,0.0
a_4_1,22200.0,0.0
e_4_2,22200.0,0.0
a_4_2,22200.0,0.0
e_4_3,22200.0,0.0
a_4_3,22200.0,0.0
e_5_0,22200.0,0.0
a_5_0,22200.0,0.0
e_5_1,22200.0,0.0
a_5_1,22200.0,0.0
e_5_2,22200.0,0.0
a_5_2,22200.0,0.0
e_5_3,22200.0,0.0
a_5_3,22200.0,0.0
e_6_0,22200.0,0.0
a_6_0,22200.0,0.0
e_6_1,22200.0,0.0
a_6_1,22200.0,0.0
e_6_2,22200.0,0.0
a_6_2,22200.0,0.0
e_6_3,22200.0,0.0
a_6_3,22200.0,0.0
e_7_0,22200.0,0.0
a_7_0,22200.0,0.0
e_7_1,22200.0,0.0
a_7_1,22200.0,0.0
e_7_2,22200.0,0.0
a_7_2,22200.0,0.0
e_7_3,22200.0,0.0
a_7_3,22200.0,0.0
c_0_0,22800.0,0.0
c_0_1,22800.0,0.0
c_0_2,22800.0,0.0
c_0_3,22800.0,0.0
c_1_0,22800.0,0.0
c_1_1,22800.0,0.0
c_1_2,22800.0,0.0
c_1_3,22800.0,0.0
c_2_0,22800.0,0.0
c_2_1,22800.0,0.0
c_2_2,22800.0,0.0
c_2_3,22800.0,0.0
c_3_0,22800.0,0.0
c_3_1,22800.0,0.0
c_3_2,22800.0,0.0
c_3_3,22800.0,0.0
e_0_0,22800.0,0.0
a_0_0,22800.0,0.0
e_0_1,22800.0,0.0
a_0_1,22800.0,0.0
e_0_2,22800.0,0.0
a_0_2,22800.0,0.0
e_0_3,22800.0,0.0
a_0_3,22800.0,0.0
e_1_0,22800.0,0.0
a_1_0,22800.0,0.0
e_1_1,22800.0,0.0
a_1_1,22800.0,0.0
e_1_2,22800.0,0.0
a_1_2,22800.0,0.0
e_1_3,22800.0,0.0
a_1_3,22800.0,0.0
e_2_0,22800.0,0.0
a_2_0,22800.0,0.0
e_2_1,22800.0,0.0
a_2_1,22800.0,0.0
e_2_2,22800.0,0.0
a_2_2,22800.0,0.0
e_2_3,22800.0,0.0
a_2_3,22800.0,0.0
e_3_0,22800.0,0.0
a_3_0,22800.0,0.0
e_3_1,22800.0,0.0
a_3_1,22800.0,0.0
e_3_2,22800.0,0.0
a_3_2,22800.0,0.0
e_3_3,22800.0,0.0
a_3_3,22800.0,0.0
e_4_0,22800.0,0.0
a_4_0,22800.0,0.0
e_4_1,22800.0,0.0
a_4_1,22800.0,0.0
e_4_2,22800.0,0.0
a_4_2,22800.0,0.0
e_4_3,22800.0,0.0
a_4_3,22800.0,0.0
e_5_0,22800.0,0.0
a_5_0,22800.0,0.0
e_5_1,22800.0,0.0
a_5_1,22800.0,0.0
e_5_2,22800.0,0.0
a_5_2,22800.0,0.0
e_5_3,22800.0,0.0
a_5_3,22800.0,0.0
e_6_0,22800.0,0.0
a_6_0,22800.0,0.0
e_6_1,22800.0,0.0
a_6_1,22800.0,0.0
e_6_2,22800.0,0.0
a_6_2,22800.0,0.0
e_6_3,22800.0,0.0
a_6_3,22800.0,0.0
e_7_0,22800.0,0.0
a_7_0,22800.0,0.0
e_7_1,22800.0,0.0
a_7_1,22800.0,0.0
e_7_2,22800.0,0.0
a_7_2,22800.0,0.0
e_7_3,22800.0,0.0
a_7_3,22800.0,0.0
c_0_0,23400.0,0.0
c_0_1,23400.0,0.0
c_0_2,23400.0,0.0
c_0_3,23400.0,0.0
c_1_0,23400.0,0.0
c_1_1,23400.0,0.0
c_1_2,23400.0,0.0
c_1_3,23400.0,0.0
c_2_0,23400.0,0.0
c_2_1,23400.0,0.0
c_2_2,23400.0,0.0
c_2_3,23400.0,0.0
c_3_0,23400.0,0.0
c_3_1,23400.0,0.0
c_3_2,23400.0,0.0
c_3_3,23400.0,0.0
e_0_0,23400.0,0.0
a_0_0,23400.0,0.0
e_0_1,23400.0,0.0
a_0_1,23400.0,0.0
e_0_2,23400.0,0.0
a_0_2,23400.0,0.0
e_0_3,23400.0,0.0
a_0_3,23400.0,0.0
e_1_0,23400.0,0.0
a_1_0,23400.0,0.0
e_1_1,23400.0,0.0
a_1_1,23400.0,0.0
e_1_2,23400.0,0.0
a_1_2,23400.0,0.0
e_1_3,23400.0,0.0
a_1_3,23400.0,0.0
e_2_0,23400.0,0.0
a_2_0,23400.0,0.0
e_2_1,23400.0,0.0
a_2_1,23400.0,0.0
e_2_2,23400.0,0.0
a_2_2,23400.0,0.0
e_2_3,23400.0,0.0
a_2_3,23400.0,0.0
e_3_0,23400.0,0.0
a_3_0,23400.0,0.0
e_3_1,23400.0,0.0
a_3_1,23400.0,0.0
e_3_2,23400.0,0.0
a_3_2,23400.0,0.0
e_3_3,23400.0,0.0
a_3_3,23400.0,0.0
e_4_0,23400.0,0.0
a_4_0,23400.0,0.0
e_4_1,23400.0,0.0
a_4_1,23400.0,0.0
e_4_2,23400.0,0.0
a_4_2,23400.0,0.0
e_4_3,23400.0,0.0
a_4_3,23400.0,0.0
e_5_0,23400.0,0.0
a_5_0,23400.0,0.0
e_5_1,23400.0,0.0
a_5_1,23400.0,0.0
e_5_2,23400.0,0.0
a_5_2,23400.0,0.0
e_5_3,23400.0,0.0
a_5_3,23400.0,0.0
e_6_0,23400.0,0.0
a_6_0,23400.0,0.0
e_6_1,23400.0,0.0
a_6_1,23400.0,0.0
e_6_2,23400.0,0.0
a_6_2,23400.0,0.0
e_6_3,23400.0,0.0
a_6_3,23400.0,0.0
e_7_0,23400.0,0.0
a_7_0,23400.0,0.0
e_7_1,23400.0,0.0
a_7_1,23400.0,0.0
e_7_2,23400.0,0.0
a_7_2,23400.0,0.0
e_7_3,23400.0,0.0
a_7_3,23400.0,0.0
c_0_0,24000.0,0.0
c_0_1,24000.0,0.0
c_0_2,24000.0,0.0
c_0_3,24000.0,0.0
c_1_0,24000.0,0.0
c_1_1,24000.0,0.0
c_1_2,24000.0,0.0
c_1_3,24000.0,0.0
c_2_0,24000.0,0.0
c_2_1,24000.0,0.0
c_2_2,24000.0,0.0
c_2_3,24000.0,0.0
c_3_0,24000.0,0.0
c_3_1,24000.0,0.0
c_3_2,24000.0,0.0
c_3_3,24000.0,0.0
e_0_0,24000.0,0.0
a_0_0,24000.0,0.0
e_0_1,24000.0,0.0
a_0_1,24000.0,0.0
e_0_2,24000.0,0.0
a_0_2,24000.0,0.0
e_0_3,24000.0,0.0
a_0_3,24000.0,0.0
e_1_0,24000.0,0.0
a_1_0,24000.0,0.0
e_1_1,24000.0,0.0
a_1_1,24000.0,0.0
e_1_2,24000.0,0.0
a_1_2,24000.0,0.0
e_1_3,24000.0,0.0
a_1_3,24000.0,0.0
e_2_0,24000.0,0.0
a_2_0,24000.0,0.0
e_2_1,24000.0,0.0
a_2_1,24000.0,0.0
e_2_2,24000.0,0.0
a_2_2,24000.0,0.0
e_2_3,24000.0,0.0
a_2_3,24000.0,0.0
e_3_0,24000.0,0.0
a_3_0,24000.0,0.0
e_3_1,24000.0,0.0
a_3_1,24000.0,0.0
e_3_2,24000.0,0.0
a_3_2,24000.0,0.0
e_3_3,24000.0,0.0
a_3_3,24000.0,0.0
e_4_0,24000.0,0.0
a_4_0,24000.0,0.0
e_4_1,24000.0,0.0
a_4_1,24000.0,0.0
e_4_2,24000.0,0.0
a_4_2,24000.0,0.0
e_4_3,24000.0,0.0
a_4_3,24000.0,0.0
e_5_0,24000.0,0.0
a_5_0,24000.0,0.0
e_5_1,24000.0,0.0
a_5_1,24000.0,0.0
e_5_2,24000.0,0.0
a_5_2,24000.0,0.0
e_5_3,24000.0,0.0
a_5_3,24000.0,0.0
e_6_0,24000.0,0.0
a_6_0,24000.0,0.0
e_6_1,24000.0,0.0
a_6_1,24000.0,0.0
e_6_2,24000.0,0.0
a_6_2,24000.0,0.0
e_6_3,24000.0,0.0
a_6_3,24000.0,0.0
e_7_0,24000.0,0.0
a_7_0,24000.0,0.0
e_7_1,24000.0,0.0
a_7_1,24000.0,0.0
e_7_2,24000.0,0.0
a_7_2,24000.0,0.0
e_7_3,24000.0,0.0
a_7_3,24000.0,0.0
c_0_0,24600.0,0.0
c_0_1,24600.0,0.0
c_0_2,24600.0,0.0
c_0_3,24600.0,0.0
c_1_0,24600.0,0.0
c_1_1,24600.0,0.0
c_1_2,24600.0,0.0
c_1_3,24600.0,0.0
c_2_0,24600.0,0.0
c_2_1,24600.0,0.0
c_2_2,24600.0,0.0
c_2_3,24600.0,0.0
c_3_0,24600.0,0.0
c_3_1,24600.0,0.0
c_3_2,24600.0,0.0
c_3_3,24600.0,0.0
e_0_0,24600.0,0.0
a_0_0,24600.0,0.0
e_0_1,24600.0,0.0
a_0_1,24600.0,0.0
e_0_2,24600.0,0.0
a_0_2,24600.0,0.0
e_0_3,24600.0,0.0
a_0_3,24600.0,0.0
e_1_0,24600.0,0.0
a_1_0,24600.0,0.0
e_1_1,24600.0,0.0
a_1_1,24600.0,0.0
e_1_2,24600.0,0.0
a_1_2,24600.0,0.0
e_1_3,24600.0,0.0
a_1_3,24600.0,0.0
e_2_0,24600.0,0.0
a_2_0,24600.0,0.0
e_2_1,24600.0,0.0
a_2_1,24600.0,0.0
e_2_2,24600.0,0.0
a_2_2,24600.0,0.0
e_2_3,24600.0,0.0
a_2_3,24600.0,0.0
e_3_0,24600.0,0.0
a_3_0,24600.0,0.0
e_3_1,24600.0,0.0
a_3_1,24600.0,0.0
e_3_2,24600.0,0.0
a_3_2,24600.0,0.0
e_3_3,24600.0,0.0
a_3_3,24600.0,0.0
e_4_0,24600.0,0.0
a_4_0,24600.0,0.0
e_4_1,24600.0,0.0
a_4_1,24600.0,0.0
e_4_2,24600.0,0.0
a_4_2,24600.0,0.0
e_4_3,24600.0,0.0
a_4_3,24600.0,0.0
e_5_0,24600.0,0.0
a_5_0,24600.0,0.0
e_5_1,24600.0,0.0
a_5_1,24600.0,0.0
e_5_2,24600.0,0.0
a_5_2,24600.0,0.0
e_5_3,24600.0,0.0
a_5_3,24600.0,0.0
e_6_0,24600.0,0.0
a_6_0,24600.0,0.0
e_6_1,24600.0,0.0
a_6_1,24600.0,0.0
e_6_2,24600.0,0.0
a_6_2,24600.0,0.0
e_6_3,24600.0,0.0
a_6_3,24600.0,0.0
e_7_0,24600.0,0.0
a_7_0,24600.0,0.0
e_7_1,24600.0,0.0
a_7_1,24600.0,0.0
e_7_2,24600.0,0.0
a_7_2,24600.0,0.0
e_7_3,24600.0,0.0
a_7_3,24600.0,0.0
c_0_0,25200.0,0.0
c_0_1,25200.0,0.0
c_0_2,25200.0,0.0
c_0_3,25200.0,0.0
c_1_0,25200.0,0.0
c_1_1,25200.0,0.0
c_1_2,25200.0,0.0
c_1_3,25200.0,0.0
c_2_0,25200.0,0.0
c_2_1,25200.0,0.0
c_2_2,25200.0,0.0
c_2_3,25200.0,0.0
c_3_0,25200.0,0.0
c_3_1,25200.0,0.0
c_3_2,25200.0,0.0
c_3_3,25200.0,0.0
e_0_0,25200.0,0.0
a_0_0,25200.0,0.0
e_0_1,25200.0,0.0
a_0_1,25200.0,0.0
e_0_2,25200.0,0.0
a_0_2,25200.0,0.0
e_0_3,25200.0,0.0
a_0_3,25200.0,0.0
e_1_0,25200.0,0.0
a_1_0,25200.0,0.0
e_1_1,25200.0,0.0
a_1_1,25200.0,0.0
e_1_2,25200.0,0.0
a_1_2,25200.0,0.0
e_1_3,25200.0,0.0
a_1_3,25200.0,0.0
e_2_0,25200.0,0.0
a_2_0,25200.0,0.0
e_2_1,25200.0,0.0
a_2_1,25200.0,0.0
e_2_2,25200.0,0.0
a_2_2,25200.0,0.0
e_2_3,25200.0,0.0
a_2_3,25200.0,0.0
e_3_0,25200.0,0.0
a_3_0,25200.0,0.0
e_3_1,25200.0,0.0
a_3_1,25200.0,0.0
e_3_2,25200.0,0.0
a_3_2,25200.0,0.0
e_3_3,25200.0,0.0
a_3_3,25200.0,0.0
e_4_0,25200.0,0.0
a_4_0,25200.0,0.0
e_4_1,25200.0,0.0
a_4_1,25200.0,0.0
e_4_2,25200.0,0.0
a_4_2,25200.0,0.0
e_4_3,25200.0,0.0
a_4_3,25200.0,0.0
e_5_0,25200.0,0.0
a_5_0,25200.0,0.0
e_5_1,25200.0,0.0
a_5_1,25200.0,0.0
e_5_2,25200.0,0.0
a_5_2,25200.0,0.0
e_5_3,25200.0,0.0
a_5_3,25200.0,0.0
e_6_0,25200.0,0.0
a_6_0,25200.0,0.0
e_6_1,25200.0,0.0
a_6_1,25200.0,0.0
e_6_2,25200.0,0.0
a_6_2,25200.0,0.0
e_6_3,25200.0,0.0
a_6_3,25200.0,0.0
e_7_0,25200.0,0.0
a_7_0,25200.0,0.0
e_7_1,25200.0,0.0
a_7_1,25200.0,0.0
e_7_2,25200.0,0.0
a_7_2,25200.0,0.0
e_7_3,25200.0,0.0
a_7_3,25200.0,0.0
c_0_0,25800.0,0.0
c_0_1,25800.0,0.0
c_0_2,25800.0,0.0
c_0_3,25800.0,0.0
c_1_0,25800.0,0.0
c_1_1,25800.0,0.0
c_1_2,25800.0,0.0
c_1_3,25800.0,0.0
c_2_0,25800.0,0.0
c_2_1,25800.0,0.0
c_2_2,25800.0,0.0
c_2_3,25800.0,0.0
c_3_0,25800.0,0.0
c_3_1,25800.0,0.0
c_3_2,25800.0,0.0
c_3_3,25800.0,0.0
e_0_0,25800.0,0.0
a_0_0,25800.0,0.0
e_0_1,25800.0,0.0
a_0_1,25800.0,0.0
e_0_2,25800.0,0.0
a_0_2,25800.0,0.0
e_0_3,25800.0,0.0
a_0_3,25800.0,0.0
e_1_0,25800.0,0.0
a_1_0,25800.0,0.0
e_1_1,25800.0,0.0
a_1_1,25800.0,0.0
e_1_2,25800.0,0.0
a_1_2,25800.0,0.0
e_1_3,25800.0,0.0
a_1_3,25800.0,0.0
e_2_0,25800.0,0.0
a_2_0,25800.0,0.0
e_2_1,25800.0,0.0
a_2_1,25800.0,0.0
e_2_2,25800.0,0.0
a_2_2,25800.0,0.0
e_2_3,25800.0,0.0
a_2_3,25800.0,0.0
e_3_0,25800.0,0.0
a_3_0,25800.0,0.0
e_3_1,25800.0,0.0
a_3_1,25800.0,0.0
e_3_2,25800.0,0.0
a_3_2,25800.0,0.0
e_3_3,25800.0,0.0
a_3_3,25800.0,0.0
e_4_0,25800.0,0.0
a_4_0,25800.0,0.0
e_4_1,25800.0,0.0
a_4_1,25800.0,0.0
e_4_2,25800.0,0.0
a_4_2,25800.0,0.0
e_4_3,25800.0,0.0
a_4_3,25800.0,0.0
e_5_0,25800.0,0.0
a_5_0,25800.0,0.0
e_5_1,25800.0,0.0
a_5_1,25800.0,0.0
e_5_2,25800.0,0.0
a_5_2,25800.0,0.0
e_5_3,25800.0,0.0
a_5_3,25800.0,0.0
e_6_0,25800.0,0.0
a_6_0,25800.0,0.0
e_6_1,25800.0,0.0
a_6_1,25800.0,0.0
e_6_2,25800.0,0.0
a_6_2,25800.0,0.0
e_6_3,25800.0,0.0
a_6_3,25800.0,0.0
e_7_0,25800.0,0.0
a_7_0,25800.0,0.0
e_7_1,25800.0,0.0
a_7_1,25800.0,0.0
e_7_2,25800.0,0.0
a_7_2,25800.0,0.0
e_7_3,25800.0,0.0
a_7_3,25800.0,0.0
c_0_0,26400.0,0.0
c_0_1,26400.0,0.0
c_0_2,26400.0,0.0
c_0_3,26400.0,0.0
c_1_0,26400.0,0.0
c_1_1,26400.0,0.0
c_1_2,26400.0,0.0
c_1_3,26400.0,0.0
c_2_0,26400.0,0.0
c_2_1,26400.0,0.0
c_2_2,26400.0,0.0
c_2_3,26400.0,0.0
c_3_0,26400.0,0.0
c_3_1,26400.0,0.0
c_3_2,26400.0,0.0
c_3_3,26400.0,0.0
e_0_0,26400.0,0.0
a_0_0,26400.0,0.0
e_0_1,26400.0,0.0
a_0_1,26400.0,0.0
e_0_2,26400.0,0.0
a_0_2,26400.0,0.0
e_0_3,26400.0,0.0
a_0_3,26400.0,0.0
e_1_0,26400.0,0.0
a_1_0,26400.0,0.0
e_1_1,26400.0,0.0
a_1_1,26400.0,0.0
e_1_2,26400.0,0.0
a_1_2,26400.0,0.0
e_1_3,26400.0,0.0
a_1_3,26400.0,0.0
e_2_0,26400.0,0.0
a_2_0,26400.0,0.0
e_2_1,26400.0,0.0
a_2_1,26400.0,0.0
e_2_2,26400.0,0.0
a_2_2,26400.0,0.0
e_2_3,26400.0,0.0
a_2_3,26400.0,0.0
e_3_0,26400.0,0.0
a_3_0,26400.0,0.0
e_3_1,26400.0,0.0
a_3_1,26400.0,0.0
e_3_2,26400.0,0.0
a_3_2,26400.0,0.0
e_3_3,26400.0,0.0
a_3_3,26400.0,0.0
e_4_0,26400.0,0.0
a_4_0,26400.0,0.0
e_4_1,26400.0,0.0
a_4_1,26400.0,0.0
e_4_2,26400.0,0.0
a_4_2,26400.0,0.0
e_4_3,26400.0,0.0
a_4_3,26400.0,0.0
e_5_0,26400.0,0.0
a_5_0,26400.0,0.0
e_5_1,26400.0,0.0
a_5_1,26400.0,0.0
e_5_2,26400.0,0.0
a_5_2,26400.0,0.0
e_5_3,26400.0,0.0
a_5_3,26400.0,0.0
e_6_0,26400.0,0.0
a_6_0,26400.0,0.0
e_6_1,26400.0,0.0
a_6_1,26400.0,0.0
e_6_2,26400.0,0.0
a_6_2,26400.0,0.0
e_6_3,26400.0,0.0
a_6_3,26400.0,0.0
e_7_0,26400.0,0.0
a_7_0,26400.0,0.0
e_7_1,26400.0,0.0
a_7_1,26400.0,0.0
e_7_2,26400.0,0.0
a_7_2,26400.0,0.0
e_7_3,26400.0,0.0
a_7_3,26400.0,0.0
c_0_0,27000.0,0.0
c_0_1,27000.0,0.0
c_0_2,27000.0,0.0
c_0_3,27000.0,0.0
c_1_0,27000.0,0.0
c_1_1,27000.0,0.0
c_1_2,27000.0,0.0
c_1_3,27000.0,0.0
c_2_0,27000.0,0.0
c_2_1,27000.0,0.0
c_2_2,27000.0,0.0
c_2_3,27000.0,0.0
c_3_0,27000.0,0.0
c_3_1,27000.0,0.0
c_3_2,27000.0,0.0
c_3_3,27000.0,0.0
e_0_0,27000.0,0.0
a_0_0,27000.0,0.0
e_0_1,27000.0,0.0
a_0_1,27000.0,0.0
e_0_2,27000.0,0.0
a_0_2,27000.0,0.0
e_0_3,27000.0,0.0
a_0_3,27000.0,0.0
e_1_0,27000.0,0.0
a_1_0,27000.0,0.0
e_1_1,27000.0,0.0
a_1_1,27000.0,0.0
e_1_2,27000.0,0.0
a_1_2,27000.0,0.0
e_1_3,27000.0,0.0
a_1_3,27000.0,0.0
e_2_0,27000.0,0.0
a_2_0,27000.0,0.0
e_2_1,27000.0,0.0
a_2_1,27000.0,0.0
e_2_2,27000.0,0.0
a_2_2,27000.0,0.0
e_2_3,27000.0,0.0
a_2_3,27000.0,0.0
e_3_0,27000.0,0.0
a_3_0,27000.0,0.0
e_3_1,27000.0,0.0
a_3_1,27000.0,0.0
e_3_2,27000.0,0.0
a_3_2,27000.0,0.0
e_3_3,27000.0,0.0
a_3_3,27000.0,0.0
e_4_0,27000.0,0.0
a_4_0,27000.0,0.0
e_4_1,27000.0,0.0
a_4_1,27000.0,0.0
e_4_2,27000.0,0.0
a_4_2,27000.0,0.0
e_4_3,27000.0,0.0
a_4_3,27000.0,0.0
e_5_0,27000.0,0.0
a_5_0,27000.0,0.0
e_5_1,27000.0,0.0
a_5_1,27000.0,0.0
e_5_2,27000.0,0.0
a_5_2,27000.0,0.0
e_5_3,27000.0,0.0
a_5_3,27000.0,0.0
e_6_0,27000.0,0.0
a_6_0,27000.0,0.0
e_6_1,27000.0,0.0
a_6_1,27000.0,0.0
e_6_2,27000.0,0.0
a_6_2,27000.0,0.0
e_6_3,27000.0,0.0
a_6_3,27000.0,0.0
e_7_0,27000.0,0.0
a_7_0,27000.0,0.0
e_7_1,27000.0,0.0
a_7_1,27000.0,0.0
e_7_2,27000.0,0.0
a_7_2,27000.0,0.0
e_7_3,27000.0,0.0
a_7_3,27000.0,0.0
c_0_0,27600.0,0.0
c_0_1,27600.0,0.0
c_0_2,27600.0,0.0
c_0_3,27600.0,0.0
c_1_0,27600.0,0.0
c_1_1,27600.0,0.0
c_1_2,27600.0,0.0
c_1_3,27600.0,0.0
c_2_0,27600.0,0.0
c_2_1,27600.0,0.0
c_2_2,27600.0,0.0
c_2_3,27600.0,0.0
c_3_0,27600.0,0.0
c_3_1,27600.0,0.0
c_3_2,27600.0,0.0
c_3_3,27600.0,0.0
e_0_0,27600.0,0.0
a_0_0,27600.0,0.0
e_0_1,27600.0,0.0
a_0_1,27600.0,0.0
e_0_2,27600.0,0.0
a_0_2,27600.0,0.0
e_0_3,27600.0,0.0
a_0_3,27600.0,0.0
e_1_0,27600.0,0.0
a_1_0,27600.0,0.0
e_1_1,27600.0,0.0
a_1_1,27600.0,0.0
e_1_2,27600.0,0.0
a_1_2,27600.0,0.0
e_1_3,27600.0,0.0
a_1_3,27600.0,0.0
e_2_0,27600.0,0.0
a_2_0,27600.0,0.0
e_2_1,27600.0,0.0
a_2_1,27600.0,0.0
e_2_2,27600.0,0.0
a_2_2,27600.0,0.0
e_2_3,27600.0,0.0
a_2_3,27600.0,0.0
e_3_0,27600.0,0.0
a_3_0,27600.0,0.0
e_3_1,27600.0,0.0
a_3_1,27600.0,0.0
e_3_2,27600.0,0.0
a_3_2,27600.0,0.0
e_3_3,27600.0,0.0
a_3_3,27600.0,0.0
e_4_0,27600.0,0.0
a_4_0,27600.0,0.0
e_4_1,27600.0,0.0
a_4_1,27600.0,0.0
e_4_2,27600.0,0.0
a_4_2,27600.0,0.0
e_4_3,27600.0,0.0
a_4_3,27600.0,0.0
e_5_0,27600.0,0.0
a_5_0,27600.0,0.0
e_5_1,27600.0,0.0
a_5_1,27600.0,0.0
e_5_2,27600.0,0.0
a_5_2,27600.0,0.0
e_5_3,27600.0,0.0
a_5_3,27600.0,0.0
e_6_0,27600.0,0.0
a_6_0,27600.0,0.0
e_6_1,27600.0,0.0
a_6_1,27600.0,0.0
e_6_2,27600.0,0.0
a_6_2,27600.0,0.0
e_6_3,27600.0,0.0
a_6_3,27600.0,0.0
e_7_0,27600.0,0.0
a_7_0,27600.0,0.0
e_7_1,27600.0,0.0
a_7_1,27600.0,0.0
e_7_2,27600.0,0.0
a_7_2,27600.0,0.0
e_7_3,27600.0,0.0
a_7_3,27600.0,0.0
c_0_0,28200.0,0.0
c_0_1,28200.0,0.0
c_0_2,28200.0,0.0
c_0_3,28200.0,0.0
c_1_0,28200.0,0.0
c_1_1,28200.0,0.0
c_1_2,28200.0,0.0
c_1_3,28200.0,0.0
c_2_0,28200.0,0.0
c_2_1,28200.0,0.0
c_2_2,28200.0,0.0
c_2_3,28200.0,0.0
c_3_0,28200.0,0.0
c_3_1,28200.0,0.0
c_3_2,28200.0,0.0
c_3_3,28200.0,0.0
e_0_0,28200.0,0.0
a_0_0,28200.0,0.0
e_0_1,28200.0,0.0
a_0_1,28200.0,0.0
e_0_2,28200.0,0.0
a_0_2,28200.0,0.0
e_0_3,28200.0,0.0
a_0_3,28200.0,0.0
e_1_0,28200.0,0.0
a_1_0,28200.0,0.0
e_1_1,28200.0,0.0
a_1_1,28200.0,0.0
e_1_2,28200.0,0.0
a_1_2,28200.0,0.0
e_1_3,28200.0,0.0
a_1_3,28200.0,0.0
e_2_0,28200.0,0.0
a_2_0,28200.0,0.0
e_2_1,28200.0,0.0
a_2_1,28200.0,0.0
e_2_2,28200.0,0.0
a_2_2,28200.0,0.0
e_2_3,28200.0,0.0
a_2_3,28200.0,0.0
e_3_0,28200.0,0.0
a_3_0,28200.0,0.0
e_3_1,28200.0,0.0
a_3_1,28200.0,0.0
e_3_2,28200.0,0.0
a_3_2,28200.0,0.0
e_3_3,28200.0,0.0
a_3_3,28200.0,0.0
e_4_0,28200.0,0.0
a_4_0,28200.0,0.0
e_4_1,28200.0,0.0
a_4_1,28200.0,0.0
e_4_2,28200.0,0.0
a_4_2,28200.0,0.0
e_4_3,28200.0,0.0
a_4_3,28200.0,0.0
e_5_0,28200.0,0.0
a_5_0,28200.0,0.0
e_5_1,28200.0,0.0
a_5_1,28200.0,0.0
e_5_2,28200.0,0.0
a_5_2,28200.0,0.0
e_5_3,28200.0,0.0
a_5_3,28200.0,0.0
e_6_0,28200.0,0.0
a_6_0,28200.0,0.0
e_6_1,28200.0,0.0
a_6_1,28200.0,0.0
e_6_2,28200.0,0.0
a_6_2,28200.0,0.0
e_6_3,28200.0,0.0
a_6_3,28200.0,0.0
e_7_0,28200.0,0.0
a_7_0,28200.0,0.0
e_7_1,28200.0,0.0
a_7_1,28200.0,0.0
e_7_2,28200.0,0.0
a_7_2,28200.0,0.0
e_7_3,28200.0,0.0
a_7_3,28200.0,0.0
c_0_0,28800.0,0.0
c_0_1,28800.0,0.0
c_0_2,28800.0,0.0
c_0_3,28800.0,0.0
c_1_0,28800.0,0.0
c_1_1,28800.0,0.0
c_1_2,28800.0,0.0
c_1_3,28800.0,0.0
c_2_0,28800.0,0.0
c_2_1,28800.0,0.0
c_2_2,28800.0,0.0
c_2_3,28800.0,0.0
c_3_0,28800.0,0.0
c_3_1,28800.0,0.0
c_3_2,28800.0,0.0
c_3_3,28800.0,0.0
e_0_0,28800.0,0.0
a_0_0,28800.0,0.0
e_0_1,28800.0,0.0
a_0_1,28800.0,0.0
e_0_2,28800.0,0.0
a_0_2,28800.0,0.0
e_0_3,28800.0,0.0
a_0_3,28800.0,0.0
e_1_0,28800.0,0.0
a_1_0,28800.0,0.0
e_1_1,28800.0,0.0
a_1_1,28800.0,0.0
e_1_2,28800.0,0.0
a_1_2,28800.0,0.0
e_1_3,28800.0,0.0
a_1_3,28800.0,0.0
e_2_0,28800.0,0.0
a_2_0,28800.0,0.0
e_2_1,28800.0,0.0
a_2_1,28800.0,0.0
e_2_2,28800.0,0.0
a_2_2,28800.0,0.0
e_2_3,28800.0,0.0
a_2_3,28800.0,0.0
e_3_0,28800.0,0.0
a_3_0,28800.0,0.0
e_3_1,28800.0,0.0
a_3_1,28800.0,0.0
e_3_2,28800.0,0.0
a_3_2,28800.0,0.0
e_3_3,28800.0,0.0
a_3_3,28800.0,0.0
e_4_0,28800.0,0.0
a_4_0,28800.0,0.0
e_4_1,28800.0,0.0
a_4_1,28800.0,0.0
e_4_2,28800.0,0.0
a_4_2,28800.0,0.0
e_4_3,28800.0,0.0
a_4_3,28800.0,0.0
e_5_0,28800.0,0.0
a_5_0,28800.0,0.0
e_5_1,28800.0,0.0
a_5_1,28800.0,0.0
e_5_2,28800.0,0.0
a_5_2,28800.0,0.0
e_5_3,28800.0,0.0
a_5_3,28800.0,0.0
e_6_0,28800.0,0.0
a_6_0,28800.0,0.0
e_6_1,28800.0,0.0
a_6_1,28800.0,0.0
e_6_2,28800.0,0.0
a_6_2,28800.0,0.0
e_6_3,28800.0,0.0
a_6_3,28800.0,0.0
e_7_0,28800.0,0.0
a_7_0,28800.0,0.0
e_7_1,28800.0,0.0
a_7_1,28800.0,0.0
e_7_2,28800.0,0.0
a_7_2,28800.0,0.0
e_7_3,28800.0,0.0
a_7_3,28800.0,0.0
c_0_0,29400.0,0.0
c_0_1,29400.0,0.0
c_0_2,29400.0,0.0
c_0_3,29400.0,0.0
c_1_0,29400.0,0.0
c_1_1,29400.0,0.0
c_1_2,29400.0,0.0
c_1_3,29400.0,0.0
c_2_0,29400.0,0.0
c_2_1,29400.0,0.0
c_2_2,29400.0,0.0
c_2_3,29400.0,0.0
c_3_0,29400.0,0.0
c_3_1,29400.0,0.0
c_3_2,29400.0,0.0
c_3_3,29400.0,0.0
e_0_0,29400.0,0.0
a_0_0,29400.0,0.0
e_0_1,29400.0,0.0
a_0_1,29400.0,0.0
e_0_2,29400.0,0.0
a_0_2,29400.0,0.0
e_0_3,29400.0,0.0
a_0_3,29400.0,0.0
e_1_0,29400.0,0.0
a_1_0,29400.0,0.0
e_1_1,29400.0,0.0
a_1_1,29400.0,0.0
e_1_2,29400.0,0.0
a_1_2,29400.0,0.0
e_1_3,29400.0,0.0
a_1_3,29400.0,0.0
e_2_0,29400.0,0.0
a_2_0,29400.0,0.0
e_2_1,29400.0,0.0
a_2_1,29400.0,0.0
e_2_2,29400.0,0.0
a_2_2,29400.0,0.0
e_2_3,29400.0,0.0
a_2_3,29400.0,0.0
e_3_0,29400.0,0.0
a_3_0,29400.0,0.0
e_3_1,29400.0,0.0
a_3_1,29400.0,0.0
e_3_2,29400.0,0.0
a_3_2,29400.0,0.0
e_3_3,29400.0,0.0
a_3_3,29400.0,0.0
e_4_0,29400.0,0.0
a_4_0,29400.0,0.0
e_4_1,29400.0,0.0
a_4_1,29400.0,0.0
e_4_2,29400.0,0.0
a_4_2,29400.0,0.0
e_4_3,29400.0,0.0
a_4_3,29400.0,0.0
e_5_0,29400.0,0.0
a_5_0,29400.0,0.0
e_5_1,29400.0,0.0
a_5_1,29400.0,0.0
e_5_2,29400.0,0.0
a_5_2,29400.0,0.0
e_5_3,29400.0,0.0
a_5_3,29400.0,0.0
e_6_0,29400.0,0.0
a_6_0,29400.0,0.0
e_6_1,29400.0,0.0
a_6_1,29400.0,0.0
e_6_2,29400.0,0.0
a_6_2,29400.0,0.0
e_6_3,29400.0,0.0
a_6_3,29400.0,0.0
e_7_0,29400.0,0.0
a_7_0,29400.0,0.0
e_7_1,29400.0,0.0
a_7_1,29400.0,0.0
e_7_2,29400.0,0.0
a_7_2,29400.0,0.0
e_7_3,29400.0,0.0
a_7_3,29400.0,0.0
c_0_0,30000.0,0.0
c_0_1,30000.0,0.0
c_0_2,30000.0,0.0
c_0_3,30000.0,0.0
c_1_0,30000.0,0.0
c_1_1,30000.0,0.0
c_1_2,30000.0,0.0
c_1_3,30000.0,0.0
c_2_0,30000.0,0.0
c_2_1,30000.0,0.0
c_2_2,30000.0,0.0
c_2_3,30000.0,0.0
c_3_0,30000.0,0.0
c_3_1,30000.0,0.0
c_3_2,30000.0,0.0
c_3_3,30000.0,0.0
e_0_0,30000.0,0.0
a_0_0,30000.0,0.0
e_0_1,30000.0,0.0
a_0_1,30000.0,0.0
e_0_2,30000.0,0.0
a_0_2,30000.0,0.0
e_0_3,30000.0,0.0
a_0_3,30000.0,0.0
e_1_0,30000.0,0.0
a_1_0,30000.0,0.0
e_1_1,30000.0,0.0
a_1_1,30000.0,0.0
e_1_2,30000.0,0.0
a_1_2,30000.0,0.0
e_1_3,30000.0,0.0
a_1_3,30000.0,0.0
e_2_0,30000.0,0.0
a_2_0,30000.0,0.0
e_2_1,30000.0,0.0
a_2_1,30000.0,0.0
e_2_2,30000.0,0.0
a_2_2,30000.0,0.0
e_2_3,30000.0,0.0
a_2_3,30000.0,0.0
e_3_0,30000.0,0.0
a_3_0,30000.0,0.0
e_3_1,30000.0,0.0
a_3_1,30000.0,0.0
e_3_2,30000.0,0.0
a_3_2,30000.0,0.0
e_3_3,30000.0,0.0
a_3_3,30000.0,0.0
e_4_0,30000.0,0.0
a_4_0,30000.0,0.0
e_4_1,30000.0,0.0
a_4_1,30000.0,0.0
e_4_2,30000.0,0.0
a_4_2,30000.0,0.0
e_4_3,30000.0,0.0
a_4_3,30000.0,0.0
e_5_0,30000.0,0.0
a_5_0,30000.0,0.0
e_5_1,30000.0,0.0
a_5_1,30000.0,0.0
e_5_2,30000.0,0.0
a_5_2,30000.0,0.0
e_5_3,30000.0,0.0
a_5_3,30000.0,0.0
e_6_0,30000.0,0.0
a_6_0,30000.0,0.0
e_6_1,30000.0,0.0
a_6_1,30000.0,0.0
e_6_2,30000.0,0.0
a_6_2,30000.0,0.0
e_6_3,30000.0,0.0
a_6_3,30000.0,0.0
e_7_0,30000.0,0.0
a_7_0,30000.0,0.0
e_7_1,30000.0,0.0
a_7_1,30000.0,0.0
e_7_2,30000.0,0.0
a_7_2,30000.0,0.0
e_7_3,30000.0,0.0
a_7_3,30000.0,0.0
c_0_0,30600.0,0.0
c_0_1,30600.0,0.0
c_0_2,30600.0,0.0
c_0_3,30600.0,0.0
c_1_0,30600.0,0.0
c_1_1,30600.0,0.0
c_1_2,30600.0,0.0
c_1_3,30600.0,0.0
c_2_0,30600.0,0.0
c_2_1,30600.0,0.0
c_2_2,30600.0,0.0
c_2_3,30600.0,0.0
c_3_0,30600.0,0.0
c_3_1,30600.0,0.0
c_3_2,30600.0,0.0
c_3_3,30600.0,0.0
e_0_0,30600.0,0.0
a_0_0,30600.0,0.0
e_0_1,30600.0,0.0
a_0_1,30600.0,0.0
e_0_2,30600.0,0.0
a_0_2,30600.0,0.0
e_0_3,30600.0,0.0
a_0_3,30600.0,0.0
e_1_0,30600.0,0.0
a_1_0,30600.0,0.0
e_1_1,30600.0,0.0
a_1_1,30600.0,0.0
e_1_2,30600.0,0.0
a_1_2,30600.0,0.0
e_1_3,30600.0,0.0
a_1_3,30600.0,0.0
e_2_0,30600.0,0.0
a_2_0,30600.0,0.0
e_2_1,30600.0,0.0
a_2_1,30600.0,0.0
e_2_2,30600.0,0.0
a_2_2,30600.0,0.0
e_2_3,30600.0,0.0
a_2_3,30600.0,0.0
e_3_0,30600.0,0.0
a_3_0,30600.0,0.0
e_3_1,30600.0,0.0
a_3_1,30600.0,0.0
e_3_2,30600.0,0.0
a_3_2,30600.0,0.0
e_3_3,30600.0,0.0
a_3_3,30600.0,0.0
e_4_0,30600.0,0.0
a_4_0,30600.0,0.0
e_4_1,30600.0,0.0
a_4_1,30600.0,0.0
e_4_2,30600.0,0.0
a_4_2,30600.0,0.0
e_4_3,30600.0,0.0
a_4_3,30600.0,0.0
e_5_0,30600.0,0.0
a_5_0,30600.0,0.0
e_5_1,30600.0,0.0
a_5_1,30600.0,0.0
e_5_2,30600.0,0.0
a_5_2,30600.0,0.0
e_5_3,30600.0,0.0
a_5_3,30600.0,0.0
e_6_0,30600.0,0.0
a_6_0,30600.0,0.0
e_6_1,30600.0,0.0
a_6_1,30600.0,0.0
e_6_2,30600.0,0.0
a_6_2,30600.0,0.0
e_6_3,30600.0,0.0
a_6_3,30600.0,0.0
e_7_0,30600.0,0.0
a_7_0,30600.0,0.0
e_7_1,30600.0,0.0
a_7_1,30600.0,0.0
e_7_2,30600.0,0.0
a_7_2,30600.0,0.0
e_7_3,30600.0,0.0
a_7_3,30600.0,0.0
c_0_0,31200.0,0.0
c_0_1,31200.0,0.0
c_0_2,31200.0,0.0
c_0_3,31200.0,0.0
c_1_0,31200.0,0.0
c_1_1,31200.0,0.0
c_1_2,31200.0,0.0
c_1_3,31200.0,0.0
c_2_0,31200.0,0.0
c_2_1,31200.0,0.0
c_2_2,31200.0,0.0
c_2_3,31200.0,0.0
c_3_0,31200.0,0.0
c_3_1,31200.0,0.0
c_3_2,31200.0,0.0
c_3_3,31200.0,0.0
e_0_0,31200.0,0.0
a_0_0,31200.0,0.0
e_0_1,31200.0,0.0
a_0_1,31200.0,0.0
e_0_2,31200.0,0.0
a_0_2,31200.0,0.0
e_0_3,31200.0,0.0
a_0_3,31200.0,0.0
e_1_0,31200.0,0.0
a_1_0,31200.0,0.0
e_1_1,31200.0,0.0
a_1_1,31200.0,0.0
e_1_2,31200.0,0.0
a_1_2,31200.0,0.0
e_1_3,31200.0,0.0
a_1_3,31200.0,0.0
e_2_0,31200.0,0.0
a_2_0,31200.0,0.0
e_2_1,31200.0,0.0
a_2_1,31200.0,0.0
e_2_2,31200.0,0.0
a_2_2,31200.0,0.0
e_2_3,31200.0,0.0
a_2_3,31200.0,0.0
e_3_0,31200.0,0.0
a_3_0,31200.0,0.0
e_3_1,31200.0,0.0
a_3_1,31200.0,0.0
e_3_2,31200.0,0.0
a_3_2,31200.0,0.0
e_3_3,31200.0,0.0
a_3_3,31200.0,0.0
e_4_0,31200.0,0.0
a_4_0,31200.0,0.0
e_4_1,31200.0,0.0
a_4_1,31200.0,0.0
e_4_2,31200.0,0.0
a_4_2,31200.0,0.0
e_4_3,31200.0,0.0
a_4_3,31200.0,0.0
e_5_0,31200.0,0.0
a_5_0,31200.0,0.0
e_5_1,31200.0,0.0
a_5_1,31200.0,0.0
e_5_2,31200.0,0.0
a_5_2,31200.0,0.0
e_5_3,31200.0,0.0
a_5_3,31200.0,0.0
e_6_0,31200.0,0.0
a_6_0,31200.0,0.0
e_6_1,31200.0,0.0
a_6_1,31200.0,0.0
e_6_2,31200.0,0.0
a_6_2,31200.0,0.0
e_6_3,31200.0,0.0
a_6_3,31200.0,0.0
e_7_0,31200.0,0.0
a_7_0,31200.0,0.0
e_7_1,31200.0,0.0
a_7_1,31200.0,0.0
e_7_2,31200.0,0.0
a_7_2,31200.0,0.0
e_7_3,31200.0,0.0
a_7_3,31200.0,0.0
c_0_0,31800.0,0.0
c_0_1,31800.0,0.0
c_0_2,31800.0,0.0
c_0_3,31800.0,0.0
c_1_0,31800.0,0.0
c_1_1,31800.0,0.0
c_1_2,31800.0,0.0
c_1_3,31800.0,0.0
c_2_0,31800.0,0.0
c_2_1,31800.0,0.0
c_2_2,31800.0,0.0
c_2_3,31800.0,0.0
c_3_0,31800.0,0.0
c_3_1,31800.0,0.0
c_3_2,31800.0,0.0
c_3_3,31800.0,0.0
e_0_0,31800.0,0.0
a_0_0,31800.0,0.0
e_0_1,31800.0,0.0
a_0_1,31800.0,0.0
e_0_2,31800.0,0.0
a_0_2,31800.0,0.0
e_0_3,31800.0,0.0
a_0_3,31800.0,0.0
e_1_0,31800.0,0.0
a_1_0,31800.0,0.0
e_1_1,31800.0,0.0
a_1_1,31800.0,0.0
e_1_2,31800.0,0.0
a_1_2,31800.0,0.0
e_1_3,31800.0,0.0
a_1_3,31800.0,0.0
e_2_0,31800.0,0.0
a_2_0,31800.0,0.0
e_2_1,31800.0,0.0
a_2_1,31800.0,0.0
e_2_2,31800.0,0.0
a_2_2,31800.0,0.0
e_2_3,31800.0,0.0
a_2_3,31800.0,0.0
e_3_0,31800.0,0.0
a_3_0,31800.0,0.0
e_3_1,31800.0,0.0
a_3_1,31800.0,0.0
e_3_2,31800.0,0.0
a_3_2,31800.0,0.0
e_3_3,31800.0,0.0
a_3_3,31800.0,0.0
e_4_0,31800.0,0.0
a_4_0,31800.0,0.0
e_4_1,31800.0,0.0
a_4_1,31800.0,0.0
e_4_2,31800.0,0.0
a_4_2,31800.0,0.0
e_4_3,31800.0,0.0
a_4_3,31800.0,0.0
e_5_0,31800.0,0.0
a_5_0,31800.0,0.0
e_5_1,31800.0,0.0
a_5_1,31800.0,0.0
e_5_2,31800.0,0.0
a_5_2,31800.0,0.0
e_5_3,31800.0,0.0
a_5_3,31800.0,0.0
e_6_0,31800.0,0.0
a_6_0,31800.0,0.0
e_6_1,31800.0,0.0
a_6_1,31800.0,0.0
e_6_2,31800.0,0.0
a_6_2,31800.0,0.0
e_6_3,31800.0,0.0
a_6_3,31800.0,0.0
e_7_0,31800.0,0.0
a_7_0,31800.0,0.0
e_7_1,31800.0,0.0
a_7_1,31800.0,0.0
e_7_2,31800.0,0.0
a_7_2,31800.0,0.0
e_7_3,31800.0,0.0
a_7_3,31800.0,0.0
c_0_0,32400.0,0.0
c_0_1,32400.0,0.0
c_0_2,32400.0,0.0
c_0_3,32400.0,0.0
c_1_0,32400.0,0.0
c_1_1,32400.0,0.0
c_1_2,32400.0,0.0
c_1_3,32400.0,0.0
c_2_0,32400.0,0.0
c_2_1,32400.0,0.0
c_2_2,32400.0,0.0
c_2_3,32400.0,0.0
c_3_0,32400.0,0.0
c_3_1,32400.0,0.0
c_3_2,32400.0,0.0
c_3_3,32400.0,0.0
e_0_0,32400.0,0.0
a_0_0,32400.0,0.0
e_0_1,32400.0,0.0
a_0_1,32400.0,0.0
e_0_2,32400.0,0.0
a_0_2,32400.0,0.0
e_0_3,32400.0,0.0
a_0_3,32400.0,0.0
e_1_0,32400.0,0.0
a_1_0,32400.0,0.0
e_1_1,32400.0,0.0
a_1_1,32400.0,0.0
e_1_2,32400.0,0.0
a_1_2,32400.0,0.0
e_1_3,32400.0,0.0
a_1_3,32400.0,0.0
e_2_0,32400.0,0.0
a_2_0,32400.0,0.0
e_2_1,32400.0,0.0
a_2_1,32400.0,0.0
e_2_2,32400.0,0.0
a_2_2,32400.0,0.0
e_2_3,32400.0,0.0
a_2_3,32400.0,0.0
e_3_0,32400.0,0.0
a_3_0,32400.0,0.0
e_3_1,32400.0,0.0
a_3_1,32400.0,0.0
e_3_2,32400.0,0.0
a_3_2,32400.0,0.0
e_3_3,32400.0,0.0
a_3_3,32400.0,0.0
e_4_0,32400.0,0.0
a_4_0,32400.0,0.0
e_4_1,32400.0,0.0
a_4_1,32400.0,0.0
e_4_2,32400.0,0.0
a_4_2,32400.0,0.0
e_4_3,32400.0,0.0
a_4_3,32400.0,0.0
e_5_0,32400.0,0.0
a_5_0,32400.0,0.0
e_5_1,32400.0,0.0
a_5_1,32400.0,0.0
e_5_2,32400.0,0.0
a_5_2,32400.0,0.0
e_5_3,32400.0,0.0
a_5_3,32400.0,0.0
e_6_0,32400.0,0.0
a_6_0,32400.0,0.0
e_6_1,32400.0,0.0
a_6_1,32400.0,0.0
e_6_2,32400.0,0.0
a_6_2,32400.0,0.0
e_6_3,32400.0,0.0
a_6_3,32400.0,0.0
e_7_0,32400.0,0.0
a_7_0,32400.0,0.0
e_7_1,32400.0,0.0
a_7_1,32400.0,0.0
e_7_2,32400.0,0.0
a_7_2,32400.0,0.0
e_7_3,32400.0,0.0
a_7_3,32400.0,0.0
c_0_0,33000.0,0.0
c_0_1,33000.0,0.0
c_0_2,33000.0,0.0
c_0_3,33000.0,0.0
c_1_0,33000.0,0.0
c_1_1,33000.0,0.0
c_1_2,33000.0,0.0
c_1_3,33000.0,0.0
c_2_0,33000.0,0.0
c_2_1,33000.0,0.0
c_2_2,33000.0,0.0
c_2_3,33000.0,0.0
c_3_0,33000.0,0.0
c_3_1,33000.0,0.0
c_3_2,33000.0,0.0
c_3_3,33000.0,0.0
e_0_0,33000.0,0.0
a_0_0,33000.0,0.0
e_0_1,33000.0,0.0
a_0_1,33000.0,0.0
e_0_2,33000.0,0.0
a_0_2,33000.0,0.0
e_0_3,33000.0,0.0
a_0_3,33000.0,0.0
e_1_0,33000.0,0.0
a_1_0,33000.0,0.0
e_1_1,33000.0,0.0
a_1_1,33000.0,0.0
e_1_2,33000.0,0.0
a_1_2,33000.0,0.0
e_1_3,33000.0,0.0
a_1_3,33000.0,0.0
e_2_0,33000.0,0.0
a_2_0,33000.0,0.0
e_2_1,33000.0,0.0
a_2_1,33000.0,0.0
e_2_2,33000.0,0.0
a_2_2,33000.0,0.0
e_2_3,33000.0,0.0
a_2_3,33000.0,0.0
e_3_0,33000.0,0.0
a_3_0,33000.0,0.0
e_3_1,33000.0,0.0
a_3_1,33000.0,0.0
e_3_2,33000.0,0.0
a_3_2,33000.0,0.0
e_3_3,33000.0,0.0
a_3_3,33000.0,0.0
e_4_0,33000.0,0.0
a_4_0,33000.0,0.0
e_4_1,33000.0,0.0
a_4_1,33000.0,0.0
e_4_2,33000.0,0.0
a_4_2,33000.0,0.0
e_4_3,33000.0,0.0
a_4_3,33000.0,0.0
e_5_0,33000.0,0.0
a_5_0,33000.0,0.0
e_5_1,33000.0,0.0
a_5_1,33000.0,0.0
e_5_2,33000.0,0.0
a_5_2,33000.0,0.0
e_5_3,33000.0,0.0
a_5_3,33000.0,0.0
e_6_0,33000.0,0.0
a_6_0,33000.0,0.0
e_6_1,33000.0,0.0
a_6_1,33000.0,0.0
e_6_2,33000.0,0.0
a_6_2,33000.0,0.0
e_6_3,33000.0,0.0
a_6_3,33000.0,0.0
e_7_0,33000.0,0.0
a_7_0,33000.0,0.0
e_7_1,33000.0,0.0
a_7_1,33000.0,0.0
e_7_2,33000.0,0.0
a_7_2,33000.0,0.0
e_7_3,33000.0,0.0
a_7_3,33000.0,0.0
c_0_0,33600.0,0.0
c_0_1,33600.0,0.0
c_0_2,33600.0,0.0
c_0_3,33600.0,0.0
c_1_0,33600.0,0.0
c_1_1,33600.0,0.0
c_1_2,33600.0,0.0
c_1_3,33600.0,0.0
c_2_0,33600.0,0.0
c_2_1,33600.0,0.0
c_2_2,33600.0,0.0
c_2_3,33600.0,0.0
c_3_0,33600.0,0.0
c_3_1,33600.0,0.0
c_3_2,33600.0,0.0
c_3_3,33600.0,0.0
e_0_0,33600.0,0.0
a_0_0,33600.0,0.0
e_0_1,33600.0,0.0
a_0_1,33600.0,0.0
e_0_2,33600.0,0.0
a_0_2,33600.0,0.0
e_0_3,33600.0,0.0
a_0_3,33600.0,0.0
e_1_0,33600.0,0.0
a_1_0,33600.0,0.0
e_1_1,33600.0,0.0
a_1_1,33600.0,0.0
e_1_2,33600.0,0.0
a_1_2,33600.0,0.0
e_1_3,33600.0,0.0
a_1_3,33600.0,0.0
e_2_0,33600.0,0.0
a_2_0,33600.0,0.0
e_2_1,33600.0,0.0
a_2_1,33600.0,0.0
e_2_2,33600.0,0.0
a_2_2,33600.0,0.0
e_2_3,33600.0,0.0
a_2_3,33600.0,0.0
e_3_0,33600.0,0.0
a_3_0,33600.0,0.0
e_3_1,33600.0,0.0
a_3_1,33600.0,0.0
e_3_2,33600.0,0.0
a_3_2,33600.0,0.0
e_3_3,33600.0,0.0
a_3_3,33600.0,0.0
e_4_0,33600.0,0.0
a_4_0,33600.0,0.0
e_4_1,33600.0,0.0
a_4_1,33600.0,0.0
e_4_2,33600.0,0.0
a_4_2,33600.0,0.0
e_4_3,33600.0,0.0
a_4_3,33600.0,0.0
e_5_0,33600.0,0.0
a_5_0,33600.0,0.0
e_5_1,33600.0,0.0
a_5_1,33600.0,0.0
e_5_2,33600.0,0.0
a_5_2,33600.0,0.0
e_5_3,33600.0,0.0
a_5_3,33600.0,0.0
e_6_0,33600.0,0.0
a_6_0,33600.0,0.0
e_6_1,33600.0,0.0
a_6_1,33600.0,0.0
e_6_2,33600.0,0.0
a_6_2,33600.0,0.0
e_6_3,33600.0,0.0
a_6_3,33600.0,0.0
e_7_0,33600.0,0.0
a_7_0,33600.0,0.0
e_7_1,33600.0,0.0
a_7_1,33600.0,0.0
e_7_2,33600.0,0.0
a_7_2,33600.0,0.0
e_7_3,33600.0,0.0
a_7_3,33600.0,0.0
c_0_0,34200.0,0.0
c_0_1,34200.0,0.0
c_0_2,34200.0,0.0
c_0_3,34200.0,0.0
c_1_0,34200.0,0.0
c_1_1,34200.0,0.0
c_1_2,34200.0,0.0
c_1_3,34200.0,0.0
c_2_0,34200.0,0.0
c_2_1,34200.0,0.0
c_2_2,34200.0,0.0
c_2_3,34200.0,0.0
c_3_0,34200.0,0.0
c_3_1,34200.0,0.0
c_3_2,34200.0,0.0
c_3_3,34200.0,0.0
e_0_0,34200.0,0.0
a_0_0,34200.0,0.0
e_0_1,34200.0,0.0
a_0_1,34200.0,0.0
e_0_2,34200.0,0.0
a_0_2,34200.0,0.0
e_0_3,34200.0,0.0
a_0_3,34200.0,0.0
e_1_0,34200.0,0.0
a_1_0,34200.0,0.0
e_1_1,34200.0,0.0
a_1_1,34200.0,0.0
e_1_2,34200.0,0.0
a_1_2,34200.0,0.0
e_1_3,34200.0,0.0
a_1_3,34200.0,0.0
e_2_0,34200.0,0.0
a_2_0,34200.0,0.0
e_2_1,34200.0,0.0
a_2_1,34200.0,0.0
e_2_2,34200.0,0.0
a_2_2,34200.0,0.0
e_2_3,34200.0,0.0
a_2_3,34200.0,0.0
e_3_0,34200.0,0.0
a_3_0,34200.0,0.0
e_3_1,34200.0,0.0
a_3_1,34200.0,0.0
e_3_2,34200.0,0.0
a_3_2,34200.0,0.0
e_3_3,34200.0,0.0
a_3_3,34200.0,0.0
e_4_0,34200.0,0.0
a_4_0,34200.0,0.0
e_4_1,34200.0,0.0
a_4_1,34200.0,0.0
e_4_2,34200.0,0.0
a_4_2,34200.0,0.0
e_4_3,34200.0,0.0
a_4_3,34200.0,0.0
e_5_0,34200.0,0.0
a_5_0,34200.0,0.0
e_5_1,34200.0,0.0
a_5_1,34200.0,0.0
e_5_2,34200.0,0.0
a_5_2,34200.0,0.0
e_5_3,34200.0,0.0
a_5_3,34200.0,0.0
e_6_0,34200.0,0.0
a_6_0,34200.0,0.0
e_6_1,34200.0,0.0
a_6_1,34200.0,0.0
e_6_2,34200.0,0.0
a_6_2,34200.0,0.0
e_6_3,34200.0,0.0
a_6_3,34200.0,0.0
e_7_0,34200.0,0.0
a_7_0,34200.0,0.0
e_7_1,34200.0,0.0
a_7_1,34200.0,0.0
e_7_2,34200.0,0.0
a_7_2,34200.0,0.0
e_7_3,34200.0,0.0
a_7_3,34200.0,0.0
c_0_0,34800.0,0.0
c_0_1,34800.0,0.0
c_0_2,34800.0,0.0
c_0_3,34800.0,0.0
c_1_0,34800.0,0.0
c_1_1,34800.0,0.0
c_1_2,34800.0,0.0
c_1_3,34800.0,0.0
c_2_0,34800.0,0.0
c_2_1,34800.0,0.0
c_2_2,34800.0,0.0
c_2_3,34800.0,0.0
c_3_0,34800.0,0.0
c_3_1,34800.0,0.0
c_3_2,34800.0,0.0
c_3_3,34800.0,0.0
e_0_0,34800.0,0.0
a_0_0,34800.0,0.0
e_0_1,34800.0,0.0
a_0_1,34800.0,0.0
e_0_2,34800.0,0.0
a_0_2,34800.0,0.0
e_0_3,34800.0,0.0
a_0_3,34800.0,0.0
e_1_0,34800.0,0.0
a_1_0,34800.0,0.0
e_1_1,34800.0,0.0
a_1_1,34800.0,0.0
e_1_2,34800.0,0.0
a_1_2,34800.0,0.0
e_1_3,34800.0,0.0
a_1_3,34800.0,0.0
e_2_0,34800.0,0.0
a_2_0,34800.0,0.0
e_2_1,34800.0,0.0
a_2_1,34800.0,0.0
e_2_2,34800.0,0.0
a_2_2,34800.0,0.0
e_2_3,34800.0,0.0
a_2_3,34800.0,0.0
e_3_0,34800.0,0.0
a_3_0,34800.0,0.0
e_3_1,34800.0,0.0
a_3_1,34800.0,0.0
e_3_2,34800.0,0.0
a_3_2,34800.0,0.0
e_3_3,34800.0,0.0
a_3_3,34800.0,0.0
e_4_0,34800.0,0.0
a_4_0,34800.0,0.0
e_4_1,34800.0,0.0
a_4_1,34800.0,0.0
e_4_2,34800.0,0.0
a_4_2,34800.0,0.0
e_4_3,34800.0,0.0
a_4_3,34800.0,0.0
e_5_0,34800.0,0.0
a_5_0,34800.0,0.0
e_5_1,34800.0,0.0
a_5_1,34800.0,0.0
e_5_2,34800.0,0.0
a_5_2,34800.0,0.0
e_5_3,34800.0,0.0
a_5_3,34800.0,0.0
e_6_0,34800.0,0.0
a_6_0,34800.0,0.0
e_6_1,34800.0,0.0
a_6_1,34800.0,0.0
e_6_2,34800.0,0.0
a_6_2,34800.0,0.0
e_6_3,34800.0,0.0
a_6_3,34800.0,0.0
e_7_0,34800.0,0.0
a_7_0,34800.0,0.0
e_7_1,34800.0,0.0
a_7_1,34800.0,0.0
e_7_2,34800.0,0.0
a_7_2,34800.0,0.0
e_7_3,34800.0,0.0
a_7_3,34800.0,0.0
c_0_0,35400.0,0.0
c_0_1,35400.0,0.0
c_0_2,35400.0,0.0
c_0_3,35400.0,0.0
c_1_0,35400.0,0.0
c_1_1,35400.0,0.0
c_1_2,35400.0,0.0
c_1_3,35400.0,0.0
c_2_0,35400.0,0.0
c_2_1,35400.0,0.0
c_2_2,35400.0,0.0
c_2_3,35400.0,0.0
c_3_0,35400.0,0.0
c_3_1,35400.0,0.0
c_3_2,35400.0,0.0
c_3_3,35400.0,0.0
e_0_0,35400.0,0.0
a_0_0,35400.0,0.0
e_0_1,35400.0,0.0
a_0_1,35400.0,0.0
e_0_2,35400.0,0.0
a_0_2,35400.0,0.0
e_0_3,35400.0,0.0
a_0_3,35400.0,0.0
e_1_0,35400.0,0.0
a_1_0,35400.0,0.0
e_1_1,35400.0,0.0
a_1_1,35400.0,0.0
e_1_2,35400.0,0.0
a_1_2,35400.0,0.0
e_1_3,35400.0,0.0
a_1_3,35400.0,0.0
e_2_0,35400.0,0.0
a_2_0,35400.0,0.0
e_2_1,35400.0,0.0
a_2_1,35400.0,0.0
e_2_2,35400.0,0.0
a_2_2,35400.0,0.0
e_2_3,35400.0,0.0
a_2_3,35400.0,0.0
e_3_0,35400.0,0.0
a_3_0,35400.0,0.0
e_3_1,35400.0,0.0
a_3_1,35400.0,0.0
e_3_2,35400.0,0.0
a_3_2,35400.0,0.0
e_3_3,35400.0,0.0
a_3_3,35400.0,0.0
e_4_0,35400.0,0.0
a_4_0,35400.0,0.0
e_4_1,35400.0,0.0
a_4_1,35400.0,0.0
e_4_2,35400.0,0.0
a_4_2,35400.0,0.0
e_4_3,35400.0,0.0
a_4_3,35400.0,0.0
e_5_0,35400.0,0.0
a_5_0,35400.0,0.0
e_5_1,35400.0,0.0
a_5_1,35400.0,0.0
e_5_2,35400.0,0.0
a_5_2,35400.0,0.0
e_5_3,35400.0,0.0
a_5_3,35400.0,0.0
e_6_0,35400.0,0.0
a_6_0,35400.0,0.0
e_6_1,35400.0,0.0
a_6_1,35400.0,0.0
e_6_2,35400.0,0.0
a_6_2,35400.0,0.0
e_6_3,35400.0,0.0
a_6_3,35400.0,0.0
e_7_0,35400.0,0.0
a_7_0,35400.0,0.0
e_7_1,35400.0,0.0
a_7_1,35400.0,0.0
e_7_2,35400.0,0.0
a_7_2,35400.0,0.0
e_7_3,35400.0,0.0
a_7_3,35400.0,0.0
c_0_0,36000.0,0.0
c_0_1,36000.0,0.0
c_0_2,36000.0,0.0
c_0_3,36000.0,0.0
c_1_0,36000.0,0.0
c_1_1,36000.0,0.0
c_1_2,36000.0,0.0
c_1_3,36000.0,0.0
c_2_0,36000.0,0.0
c_2_1,36000.0,0.0
c_2_2,36000.0,0.0
c_2_3,36000.0,0.0
c_3_0,36000.0,0.0
c_3_1,36000.0,0.0
c_3_2,36000.0,0.0
c_3_3,36000.0,0.0
e_0_0,36000.0,0.0
a_0_0,36000.0,0.0
e_0_1,36000.0,0.0
a_0_1,36000.0,0.0
e_0_2,36000.0,0.0
a_0_2,36000.0,0.0
e_0_3,36000.0,0.0
a_0_3,36000.0,0.0
e_1_0,36000.0,0.0
a_1_0,36000.0,0.0
e_1_1,36000.0,0.0
a_1_1,36000.0,0.0
e_1_2,36000.0,0.0
a_1_2,36000.0,0.0
e_1_3,36000.0,0.0
a_1_3,36000.0,0.0
e_2_0,36000.0,0.0
a_2_0,36000.0,0.0
e_2_1,36000.0,0.0
a_2_1,36000.0,0.0
e_2_2,36000.0,0.0
a_2_2,36000.0,0.0
e_2_3,36000.0,0.0
a_2_3,36000.0,0.0
e_3_0,36000.0,0.0
a_3_0,36000.0,0.0
e_3_1,36000.0,0.0
a_3_1,36000.0,0.0
e_3_2,36000.0,0.0
a_3_2,36000.0,0.0
e_3_3,36000.0,0.0
a_3_3,36000.0,0.0
e_4_0,36000.0,0.0
a_4_0,36000.0,0.0
e_4_1,36000.0,0.0
a_4_1,36000.0,0.0
e_4_2,36000.0,0.0
a_4_2,36000.0,0.0
e_4_3,36000.0,0.0
a_4_3,36000.0,0.0
e_5_0,36000.0,0.0
a_5_0,36000.0,0.0
e_5_1,36000.0,0.0
a_5_1,36000.0,0.0
e_5_2,36000.0,0.0
a_5_2,36000.0,0.0
e_5_3,36000.0,0.0
a_5_3,36000.0,0.0
e_6_0,36000.0,0.0
a_6_0,36000.0,0.0
e_6_1,36000.0,0.0
a_6_1,36000.0,0.0
e_6_2,36000.0,0.0
a_6_2,36000.0,0.0
e_6_3,36000.0,0.0
a_6_3,36000.0,0.0
e_7_0,36000.0,0.0
a_7_0,36000.0,0.0
e_7_1,36000.0,0.0
a_7_1,36000.0,0.0
e_7_2,36000.0,0.0
a_7_2,36000.0,0.0
e_7_3,36000.0,0.0
a_7_3,36000.0,0.0
