0,600.0,0.0
1,600.0,0.0
2,600.0,0.0
3,600.0,0.0
4,600.0,0.0
5,600.0,0.0
6,600.0,0.0
7,600.0,0.0
8,600.0,0.0
9,600.0,0.0
10,600.0,0.0
11,600.0,0.0
12,600.0,0.0
13,600.0,0.0
14,600.0,0.0
15,600.0,0.0
16,600.0,0.0
17,600.0,0.0
18,600.0,0.0
19,600.0,0.0
20,600.0,0.0
21,600.0,0.0
22,600.0,0.0
23,600.0,0.0
24,600.0,0.0
25,600.0,0.0
26,600.0,0.0
27,600.0,0.0
28,600.0,0.0
29,600.0,0.0
30,600.0,0.0
31,600.0,0.0
32,600.0,0.0
33,600.0,0.0
34,600.0,0.0
35,600.0,0.0
36,600.0,0.0
37,600.0,0.0
0,1200.0,0.0
1,1200.0,0.0
2,1200.0,0.0
3,1200.0,0.0
4,1200.0,0.0
5,1200.0,0.0
6,1200.0,0.0
7,1200.0,0.0
8,1200.0,0.0
9,1200.0,0.0
10,1200.0,0.0
11,1200.0,0.0
12,1200.0,0.0
13,1200.0,0.0
14,1200.0,0.0
15,1200.0,0.0
16,1200.0,0.0
17,1200.0,0.0
18,1200.0,0.0
19,1200.0,0.0
20,1200.0,0.0
21,1200.0,0.0
22,1200.0,0.0
23,1200.0,0.0
24,1200.0,0.0
25,1200.0,0.0
26,1200.0,0.0
27,1200.0,0.0
28,1200.0,0.0
29,1200.0,0.0
30,1200.0,0.0
31,1200.0,0.0
32,1200.0,0.0
33,1200.0,0.0
34,1200.0,0.0
35,1200.0,0.0
36,1200.0,0.0
37,1200.0,0.0
0,1800.0,0.0
1,1800.0,0.0
2,1800.0,0.0
3,1800.0,0.0
4,1800.0,0.0
5,1800.0,0.0
6,1800.0,0.0
7,1800.0,0.0
8,1800.0,0.0
9,1800.0,0.0
10,1800.0,0.0
11,1800.0,0.0
12,1800.0,0.0
13,1800.0,0.0
14,1800.0,0.0
15,1800.0,0.0
16,1800.0,0.0
17,1800.0,0.0
18,1800.0,0.0
19,1800.0,0.0
20,1800.0,0.0
21,1800.0,0.0
22,1800.0,0.0
23,1800.0,0.0
24,1800.0,0.0
25,1800.0,0.0
26,1800.0,0.0
27,1800.0,0.0
28,1800.0,0.0
29,1800.0,0.0
30,1800.0,0.0
31,1800.0,0.0
32,1800.0,0.0
33,1800.0,0.0
34,1800.0,0.0
35,1800.0,0.0
36,1800.0,0.0
37,1800.0,0.0
0,2400.0,0.0
1,2400.0,0.0
2,2400.0,0.0
3,2400.0,0.0
4,2400.0,0.0
5,2400.0,0.0
6,2400.0,0.0
7,2400.0,0.0
8,2400.0,0.0
9,2400.0,0.0
10,2400.0,0.0
11,2400.0,0.0
12,2400.0,0.0
13,2400.0,0.0
14,2400.0,0.0
15,2400.0,0.0
16,2400.0,0.0
17,2400.0,0.0
18,2400.0,0.0
19,2400.0,0.0
20,2400.0,0.0
21,2400.0,0.0
22,2400.0,0.0
23,2400.0,0.0
24,2400.0,0.0
25,2400.0,0.0
26,2400.0,0.0
27,2400.0,0.0
28,2400.0,0.0
29,2400.0,0.0
30,2400.0,0.0
31,2400.0,0.0
32,2400.0,0.0
33,2400.0,0.0
34,2400.0,0.0
35,2400.0,0.0
36,2400.0,0.0
37,2400.0,0.0
0,3000.0,0.0
1,3000.0,0.0
2,3000.0,0.0
3,3000.0,0.0
4,3000.0,0.0
5,3000.0,0.0
6,3000.0,0.0
7,3000.0,0.0
8,3000.0,0.0
9,3000.0,0.0
10,3000.0,0.0
11,3000.0,0.0
12,3000.0,0.0
13,3000.0,0.0
14,3000.0,0.0
15,3000.0,0.0
16,3000.0,0.0
17,3000.0,0.0
18,3000.0,0.0
19,3000.0,0.0
20,3000.0,0.0
21,3000.0,0.0
22,3000.0,0.0
23,3000.0,0.0
24,3000.0,0.0
25,3000.0,0.0
26,3000.0,0.0
27,3000.0,0.0
28,3000.0,0.0
29,3000.0,0.0
30,3000.0,0.0
31,3000.0,0.0
32,3000.0,0.0
33,3000.0,0.0
34,3000.0,0.0
35,3000.0,0.0
36,3000.0,0.0
37,3000.0,0.0
0,3600.0,0.0
1,3600.0,0.0
2,3600.0,0.0
3,3600.0,0.0
4,3600.0,0.0
5,3600.0,0.0
6,3600.0,0.0
7,3600.0,0.0
8,3600.0,0.0
9,3600.0,0.0
10,3600.0,0.0
11,3600.0,0.0
12,3600.0,0.0
13,3600.0,0.0
14,3600.0,0.0
15,3600.0,0.0
16,3600.0,0.0
17,3600.0,0.0
18,3600.0,0.0
19,3600.0,0.0
20,3600.0,0.0
21,3600.0,0.0
22,3600.0,0.0
23,3600.0,0.0
24,3600.0,0.0
25,3600.0,0.0
26,3600.0,0.0
27,3600.0,0.0
28,3600.0,0.0
29,3600.0,0.0
30,3600.0,0.0
31,3600.0,0.0
32,3600.0,0.0
33,3600.0,0.0
34,3600.0,0.0
35,3600.0,0.0
36,3600.0,0.0
37,3600.0,0.0
0,4200.0,0.0
1,4200.0,0.0
2,4200.0,0.0
3,4200.0,0.0
4,4200.0,0.0
5,4200.0,0.0
6,4200.0,0.0
7,4200.0,0.0
8,4200.0,0.0
9,4200.0,0.0
10,4200.0,0.0
11,4200.0,0.0
12,4200.0,0.0
13,4200.0,0.0
14,4200.0,0.0
15,4200.0,0.0
16,4200.0,0.0
17,4200.0,0.0
18,4200.0,0.0
19,4200.0,0.0
20,4200.0,0.0
21,4200.0,0.0
22,4200.0,0.0
23,4200.0,0.0
24,4200.0,0.0
25,4200.0,0.0
26,4200.0,0.0
27,4200.0,0.0
28,4200.0,0.0
29,4200.0,0.0
30,4200.0,0.0
31,4200.0,0.0
32,4200.0,0.0
33,4200.0,0.0
34,4200.0,0.0
35,4200.0,0.0
36,4200.0,0.0
37,4200.0,0.0
0,4800.0,0.0
1,4800.0,0.0
2,4800.0,0.0
3,4800.0,0.0
4,4800.0,0.0
5,4800.0,0.0
6,4800.0,0.0
7,4800.0,0.0
8,4800.0,0.0
9,4800.0,0.0
10,4800.0,0.0
11,4800.0,0.0
12,4800.0,0.0
13,4800.0,0.0
14,4800.0,0.0
15,4800.0,0.0
16,4800.0,0.0
17,4800.0,0.0
18,4800.0,0.0
19,4800.0,0.0
20,4800.0,0.0
21,4800.0,0.0
22,4800.0,0.0
23,4800.0,0.0
24,4800.0,0.0
25,4800.0,0.0
26,4800.0,0.0
27,4800.0,0.0
28,4800.0,0.0
29,4800.0,0.0
30,4800.0,0.0
31,4800.0,0.0
32,4800.0,0.0
33,4800.0,0.0
34,4800.0,0.0
35,4800.0,0.0
36,4800.0,0.0
37,4800.0,0.0
0,5400.0,0.0
1,5400.0,0.0
2,5400.0,0.0
3,5400.0,0.0
4,5400.0,0.0
5,5400.0,0.0
6,5400.0,0.0
7,5400.0,0.0
8,5400.0,0.0
9,5400.0,0.0
10,5400.0,0.0
11,5400.0,0.0
12,5400.0,0.0
13,5400.0,0.0
14,5400.0,0.0
15,5400.0,0.0
16,5400.0,0.0
17,5400.0,0.0
18,5400.0,0.0
19,5400.0,0.0
20,5400.0,0.0
21,5400.0,0.0
22,5400.0,0.0
23,5400.0,0.0
24,5400.0,0.0
25,5400.0,0.0
26,5400.0,0.0
27,5400.0,0.0
28,5400.0,0.0
29,5400.0,0.0
30,5400.0,0.0
31,5400.0,0.0
32,5400.0,0.0
33,5400.0,0.0
34,5400.0,0.0
35,5400.0,0.0
36,5400.0,0.0
37,5400.0,0.0
0,6000.0,0.0
1,6000.0,0.0
2,6000.0,0.0
3,6000.0,0.0
4,6000.0,0.0
5,6000.0,0.0
6,6000.0,0.0
7,6000.0,0.0
8,6000.0,0.0
9,6000.0,0.0
10,6000.0,0.0
11,6000.0,0.0
12,6000.0,0.0
13,6000.0,0.0
14,6000.0,0.0
15,6000.0,0.0
16,6000.0,0.0
17,6000.0,0.0
18,6000.0,0.0
19,6000.0,0.0
20,6000.0,0.0
21,6000.0,0.0
22,6000.0,0.0
23,6000.0,0.0
24,6000.0,0.0
25,6000.0,0.0
26,6000.0,0.0
27,6000.0,0.0
28,6000.0,0.0
29,6000.0,0.0
30,6000.0,0.0
31,6000.0,0.0
32,6000.0,0.0
33,6000.0,0.0
34,6000.0,0.0
35,6000.0,0.0
36,6000.0,0.0
37,6000.0,0.0
0,6600.0,0.0
1,6600.0,0.0
2,6600.0,0.0
3,6600.0,0.0
4,6600.0,0.0
5,6600.0,0.0
6,6600.0,0.0
7,6600.0,0.0
8,6600.0,0.0
9,6600.0,0.0
10,6600.0,0.0
11,6600.0,0.0
12,6600.0,0.0
13,6600.0,0.0
14,6600.0,0.0
15,6600.0,0.0
16,6600.0,0.0
17,6600.0,0.0
18,6600.0,0.0
19,6600.0,0.0
20,6600.0,0.0
21,6600.0,0.0
22,6600.0,0.0
23,6600.0,0.0
24,6600.0,0.0
25,6600.0,0.0
26,6600.0,0.0
27,6600.0,0.0
28,6600.0,0.0
29,6600.0,0.0
30,6600.0,0.0
31,6600.0,0.0
32,6600.0,0.0
33,6600.0,0.0
34,6600.0,0.0
35,6600.0,0.0
36,6600.0,0.0
37,6600.0,0.0
0,7200.0,0.0
1,7200.0,0.0
2,7200.0,0.0
3,7200.0,0.0
4,7200.0,0.0
5,7200.0,0.0
6,7200.0,0.0
7,7200.0,0.0
8,7200.0,0.0
9,7200.0,0.0
10,7200.0,0.0
11,7200.0,0.0
12,7200.0,0.0
13,7200.0,0.0
14,7200.0,0.0
15,7200.0,0.0
16,7200.0,0.0
17,7200.0,0.0
18,7200.0,0.0
19,7200.0,0.0
20,7200.0,0.0
21,7200.0,0.0
22,7200.0,0.0
23,7200.0,0.0
24,7200.0,0.0
25,7200.0,0.0
26,7200.0,0.0
27,7200.0,0.0
28,7200.0,0.0
29,7200.0,0.0
30,7200.0,0.0
31,7200.0,0.0
32,7200.0,0.0
33,7200.0,0.0
34,7200.0,0.0
35,7200.0,0.0
36,7200.0,0.0
37,7200.0,0.0
0,7800.0,0.0
1,7800.0,0.0
2,7800.0,0.0
3,7800.0,0.0
4,7800.0,0.0
5,7800.0,0.0
6,7800.0,0.0
7,7800.0,0.0
8,7800.0,0.0
9,7800.0,0.0
10,7800.0,0.0
11,7800.0,0.0
12,7800.0,0.0
13,7800.0,0.0
14,7800.0,0.0
15,7800.0,0.0
16,7800.0,0.0
17,7800.0,0.0
18,7800.0,0.0
19,7800.0,0.0
20,7800.0,0.0
21,7800.0,0.0
22,7800.0,0.0
23,7800.0,0.0
24,7800.0,0.0
25,7800.0,0.0
26,7800.0,0.0
27,7800.0,0.0
28,7800.0,0.0
29,7800.0,0.0
30,7800.0,0.0
31,7800.0,0.0
32,7800.0,0.0
33,7800.0,0.0
34,7800.0,0.0
35,7800.0,0.0
36,7800.0,0.0
37,7800.0,0.0
0,8400.0,0.0
1,8400.0,0.0
2,8400.0,0.0
3,8400.0,0.0
4,8400.0,0.0
5,8400.0,0.0
6,8400.0,0.0
7,8400.0,0.0
8,8400.0,0.0
9,8400.0,0.0
10,8400.0,0.0
11,8400.0,0.0
12,8400.0,0.0
13,8400.0,0.0
14,8400.0,0.0
15,8400.0,0.0
16,8400.0,0.0
17,8400.0,0.0
18,8400.0,0.0
19,8400.0,0.0
20,8400.0,0.0
21,8400.0,0.0
22,8400.0,0.0
23,8400.0,0.0
24,8400.0,0.0
25,8400.0,0.0
26,8400.0,0.0
27,8400.0,0.0
28,8400.0,0.0
29,8400.0,0.0
30,8400.0,0.0
31,8400.0,0.0
32,8400.0,0.0
33,8400.0,0.0
34,8400.0,0.0
35,8400.0,0.0
36,8400.0,0.0
37,8400.0,0.0
0,9000.0,0.0
1,9000.0,0.0
2,9000.0,0.0
3,9000.0,0.0
4,9000.0,0.0
5,9000.0,0.0
6,9000.0,0.0
7,9000.0,0.0
8,9000.0,0.0
9,9000.0,0.0
10,9000.0,0.0
11,9000.0,0.0
12,9000.0,0.0
13,9000.0,0.0
14,9000.0,0.0
15,9000.0,0.0
16,9000.0,0.0
17,9000.0,0.0
18,9000.0,0.0
19,9000.0,0.0
20,9000.0,0.0
21,9000.0,0.0
22,9000.0,0.0
23,9000.0,0.0
24,9000.0,0.0
25,9000.0,0.0
26,9000.0,0.0
27,9000.0,0.0
28,9000.0,0.0
29,9000.0,0.0
30,9000.0,0.0
31,9000.0,0.0
32,9000.0,0.0
33,9000.0,0.0
34,9000.0,0.0
35,9000.0,0.0
36,9000.0,0.0
37,9000.0,0.0
0,9600.0,0.0
1,9600.0,0.0
2,9600.0,0.0
3,9600.0,0.0
4,9600.0,0.0
5,9600.0,0.0
6,9600.0,0.0
7,9600.0,0.0
8,9600.0,0.0
9,9600.0,0.0
10,9600.0,0.0
11,9600.0,0.0
12,9600.0,0.0
13,9600.0,0.0
14,9600.0,0.0
15,9600.0,0.0
16,9600.0,0.0
17,9600.0,0.0
18,9600.0,0.0
19,9600.0,0.0
20,9600.0,0.0
21,9600.0,0.0
22,9600.0,0.0
23,9600.0,0.0
24,9600.0,0.0
25,9600.0,0.0
26,9600.0,0.0
27,9600.0,0.0
28,9600.0,0.0
29,9600.0,0.0
30,9600.0,0.0
31,9600.0,0.0
32,9600.0,0.0
33,9600.0,0.0
34,9600.0,0.0
35,9600.0,0.0
36,9600.0,0.0
37,9600.0,0.0
0,10200.0,0.0
1,10200.0,0.0
2,10200.0,0.0
3,10200.0,0.0
4,10200.0,0.0
5,10200.0,0.0
6,10200.0,0.0
7,10200.0,0.0
8,10200.0,0.0
9,10200.0,0.0
10,10200.0,0.0
11,10200.0,0.0
12,10200.0,0.0
13,10200.0,0.0
14,10200.0,0.0
15,10200.0,0.0
16,10200.0,0.0
17,10200.0,0.0
18,10200.0,0.0
19,10200.0,0.0
20,10200.0,0.0
21,10200.0,0.0
22,10200.0,0.0
23,10200.0,0.0
24,10200.0,0.0
25,10200.0,0.0
26,10200.0,0.0
27,10200.0,0.0
28,10200.0,0.0
29,10200.0,0.0
30,10200.0,0.0
31,10200.0,0.0
32,10200.0,0.0
33,10200.0,0.0
34,10200.0,0.0
35,10200.0,0.0
36,10200.0,0.0
37,10200.0,0.0
0,10800.0,0.0
1,10800.0,0.0
2,10800.0,0.0
3,10800.0,0.0
4,10800.0,0.0
5,10800.0,0.0
6,10800.0,0.0
7,10800.0,0.0
8,10800.0,0.0
9,10800.0,0.0
10,10800.0,0.0
11,10800.0,0.0
12,10800.0,0.0
13,10800.0,0.0
14,10800.0,0.0
15,10800.0,0.0
16,10800.0,0.0
17,10800.0,0.0
18,10800.0,0.0
19,10800.0,0.0
20,10800.0,0.0
21,10800.0,0.0
22,10800.0,0.0
23,10800.0,0.0
24,10800.0,0.0
25,10800.0,0.0
26,10800.0,0.0
27,10800.0,0.0
28,10800.0,0.0
29,10800.0,0.0
30,10800.0,0.0
31,10800.0,0.0
32,10800.0,0.0
33,10800.0,0.0
34,10800.0,0.0
35,10800.0,0.0
36,10800.0,0.0
37,10800.0,0.0
0,11400.0,0.0
1,11400.0,0.0
2,11400.0,0.0
3,11400.0,0.0
4,11400.0,0.0
5,11400.0,0.0
6,11400.0,0.0
7,11400.0,0.0
8,11400.0,0.0
9,11400.0,0.0
10,11400.0,0.0
11,11400.0,0.0
12,11400.0,0.0
13,11400.0,0.0
14,11400.0,0.0
15,11400.0,0.0
16,11400.0,0.0
17,11400.0,0.0
18,11400.0,0.0
19,11400.0,0.0
20,11400.0,0.0
21,11400.0,0.0
22,11400.0,0.0
23,11400.0,0.0
24,11400.0,0.0
25,11400.0,0.0
26,11400.0,0.0
27,11400.0,0.0
28,11400.0,0.0
29,11400.0,0.0
30,11400.0,0.0
31,11400.0,0.0
32,11400.0,0.0
33,11400.0,0.0
34,11400.0,0.0
35,11400.0,0.0
36,11400.0,0.0
37,11400.0,0.0
0,12000.0,0.0
1,12000.0,0.0
2,12000.0,0.0
3,12000.0,0.0
4,12000.0,0.0
5,12000.0,0.0
6,12000.0,0.0
7,12000.0,0.0
8,12000.0,0.0
9,12000.0,0.0
10,12000.0,0.0
11,12000.0,0.0
12,12000.0,0.0
13,12000.0,0.0
14,12000.0,0.0
15,12000.0,0.0
16,12000.0,0.0
17,12000.0,0.0
18,12000.0,0.0
19,12000.0,0.0
20,12000.0,0.0
21,12000.0,0.0
22,12000.0,0.0
23,12000.0,0.0
24,12000.0,0.0
25,12000.0,0.0
26,12000.0,0.0
27,12000.0,0.0
28,12000.0,0.0
29,12000.0,0.0
30,12000.0,0.0
31,12000.0,0.0
32,12000.0,0.0
33,12000.0,0.0
34,12000.0,0.0
35,12000.0,0.0
36,12000.0,0.0
37,12000.0,0.0
0,12600.0,0.0
1,12600.0,0.0
2,12600.0,0.0
3,12600.0,0.0
4,12600.0,0.0
5,12600.0,0.0
6,12600.0,0.0
7,12600.0,0.0
8,12600.0,0.0
9,12600.0,0.0
10,12600.0,0.0
11,12600.0,0.0
12,12600.0,0.0
13,12600.0,0.0
14,12600.0,0.0
15,12600.0,0.0
16,12600.0,0.0
17,12600.0,0.0
18,12600.0,0.0
19,12600.0,0.0
20,12600.0,0.0
21,12600.0,0.0
22,12600.0,0.0
23,12600.0,0.0
24,12600.0,0.0
25,12600.0,0.0
26,12600.0,0.0
27,12600.0,0.0
28,12600.0,0.0
29,12600.0,0.0
30,12600.0,0.0
31,12600.0,0.0
32,12600.0,0.0
33,12600.0,0.0
34,12600.0,0.0
35,12600.0,0.0
36,12600.0,0.0
37,12600.0,0.0
0,13200.0,0.0
1,13200.0,0.0
2,13200.0,0.0
3,13200.0,0.0
4,13200.0,0.0
5,13200.0,0.0
6,13200.0,0.0
7,13200.0,0.0
8,13200.0,0.0
9,13200.0,0.0
10,13200.0,0.0
11,13200.0,0.0
12,13200.0,0.0
13,13200.0,0.0
14,13200.0,0.0
15,13200.0,0.0
16,13200.0,0.0
17,13200.0,0.0
18,13200.0,0.0
19,13200.0,0.0
20,13200.0,0.0
21,13200.0,0.0
22,13200.0,0.0
23,13200.0,0.0
24,13200.0,0.0
25,13200.0,0.0
26,13200.0,0.0
27,13200.0,0.0
28,13200.0,0.0
29,13200.0,0.0
30,13200.0,0.0
31,13200.0,0.0
32,13200.0,0.0
33,13200.0,0.0
34,13200.0,0.0
35,13200.0,0.0
36,13200.0,0.0
37,13200.0,0.0
0,13800.0,0.0
1,13800.0,0.0
2,13800.0,0.0
3,13800.0,0.0
4,13800.0,0.0
5,13800.0,0.0
6,13800.0,0.0
7,13800.0,0.0
8,13800.0,0.0
9,13800.0,0.0
10,13800.0,0.0
11,13800.0,0.0
12,13800.0,0.0
13,13800.0,0.0
14,13800.0,0.0
15,13800.0,0.0
16,13800.0,0.0
17,13800.0,0.0
18,13800.0,0.0
19,13800.0,0.0
20,13800.0,0.0
21,13800.0,0.0
22,13800.0,0.0
23,13800.0,0.0
24,13800.0,0.0
25,13800.0,0.0
26,13800.0,0.0
27,13800.0,0.0
28,13800.0,0.0
29,13800.0,0.0
30,13800.0,0.0
31,13800.0,0.0
32,13800.0,0.0
33,13800.0,0.0
34,13800.0,0.0
35,13800.0,0.0
36,13800.0,0.0
37,13800.0,0.0
0,14400.0,0.0
1,14400.0,0.0
2,14400.0,0.0
3,14400.0,0.0
4,14400.0,0.0
5,14400.0,0.0
6,14400.0,0.0
7,14400.0,0.0
8,14400.0,0.0
9,14400.0,0.0
10,14400.0,0.0
11,14400.0,0.0
12,14400.0,0.0
13,14400.0,0.0
14,14400.0,0.0
15,14400.0,0.0
16,14400.0,0.0
17,14400.0,0.0
18,14400.0,0.0
19,14400.0,0.0
20,14400.0,0.0
21,14400.0,0.0
22,14400.0,0.0
23,14400.0,0.0
24,14400.0,0.0
25,14400.0,0.0
26,14400.0,0.0
27,14400.0,0.0
28,14400.0,0.0
29,14400.0,0.0
30,14400.0,0.0
31,14400.0,0.0
32,14400.0,0.0
33,14400.0,0.0
34,14400.0,0.0
35,14400.0,0.0
36,14400.0,0.0
37,14400.0,0.0
0,15000.0,0.0
1,15000.0,0.0
2,15000.0,0.0
3,15000.0,0.0
4,15000.0,0.0
5,15000.0,0.0
6,15000.0,0.0
7,15000.0,0.0
8,15000.0,0.0
9,15000.0,0.0
10,15000.0,0.0
11,15000.0,0.0
12,15000.0,0.0
13,15000.0,0.0
14,15000.0,0.0
15,15000.0,0.0
16,15000.0,0.0
17,15000.0,0.0
18,15000.0,0.0
19,15000.0,0.0
20,15000.0,0.0
21,15000.0,0.0
22,15000.0,0.0
23,15000.0,0.0
24,15000.0,0.0
25,15000.0,0.0
26,15000.0,0.0
27,15000.0,0.0
28,15000.0,0.0
29,15000.0,0.0
30,15000.0,0.0
31,15000.0,0.0
32,15000.0,0.0
33,15000.0,0.0
34,15000.0,0.0
35,15000.0,0.0
36,15000.0,0.0
37,15000.0,0.0
0,15600.0,0.0
1,15600.0,0.0
2,15600.0,0.0
3,15600.0,0.0
4,15600.0,0.0
5,15600.0,0.0
6,15600.0,0.0
7,15600.0,0.0
8,15600.0,0.0
9,15600.0,0.0
10,15600.0,0.0
11,15600.0,0.0
12,15600.0,0.0
13,15600.0,0.0
14,15600.0,0.0
15,15600.0,0.0
16,15600.0,0.0
17,15600.0,0.0
18,15600.0,0.0
19,15600.0,0.0
20,15600.0,0.0
21,15600.0,0.0
22,15600.0,0.0
23,15600.0,0.0
24,15600.0,0.0
25,15600.0,0.0
26,15600.0,0.0
27,15600.0,0.0
28,15600.0,0.0
29,15600.0,0.0
30,15600.0,0.0
31,15600.0,0.0
32,15600.0,0.0
33,15600.0,0.0
34,15600.0,0.0
35,15600.0,0.0
36,15600.0,0.0
37,15600.0,0.0
0,16200.0,0.0
1,16200.0,0.0
2,16200.0,0.0
3,16200.0,0.0
4,16200.0,0.0
5,16200.0,0.0
6,16200.0,0.0
7,16200.0,0.0
8,16200.0,0.0
9,16200.0,0.0
10,16200.0,0.0
11,16200.0,0.0
12,16200.0,0.0
13,16200.0,0.0
14,16200.0,0.0
15,16200.0,0.0
16,16200.0,0.0
17,16200.0,0.0
18,16200.0,0.0
19,16200.0,0.0
20,16200.0,0.0
21,16200.0,0.0
22,16200.0,0.0
23,16200.0,0.0
24,16200.0,0.0
25,16200.0,0.0
26,16200.0,0.0
27,16200.0,0.0
28,16200.0,0.0
29,16200.0,0.0
30,16200.0,0.0
31,16200.0,0.0
32,16200.0,0.0
33,16200.0,0.0
34,16200.0,0.0
35,16200.0,0.0
36,16200.0,0.0
37,16200.0,0.0
0,16800.0,0.0
1,16800.0,0.0
2,16800.0,0.0
3,16800.0,0.0
4,16800.0,0.0
5,16800.0,0.0
6,16800.0,0.0
7,16800.0,0.0
8,16800.0,0.0
9,16800.0,0.0
10,16800.0,0.0
11,16800.0,0.0
12,16800.0,0.0
13,16800.0,0.0
14,16800.0,0.0
15,16800.0,0.0
16,16800.0,0.0
17,16800.0,0.0
18,16800.0,0.0
19,16800.0,0.0
20,16800.0,0.0
21,16800.0,0.0
22,16800.0,0.0
23,16800.0,0.0
24,16800.0,0.0
25,16800.0,0.0
26,16800.0,0.0
27,16800.0,0.0
28,16800.0,0.0
29,16800.0,0.0
30,16800.0,0.0
31,16800.0,0.0
32,16800.0,0.0
33,16800.0,0.0
34,16800.0,0.0
35,16800.0,0.0
36,16800.0,0.0
37,16800.0,0.0
0,17400.0,0.0
1,17400.0,0.0
2,17400.0,0.0
3,17400.0,0.0
4,17400.0,0.0
5,17400.0,0.0
6,17400.0,0.0
7,17400.0,0.0
8,17400.0,0.0
9,17400.0,0.0
10,17400.0,0.0
11,17400.0,0.0
12,17400.0,0.0
13,17400.0,0.0
14,17400.0,0.0
15,17400.0,0.0
16,17400.0,0.0
17,17400.0,0.0
18,17400.0,0.0
19,17400.0,0.0
20,17400.0,0.0
21,17400.0,0.0
22,17400.0,0.0
23,17400.0,0.0
24,17400.0,0.0
25,17400.0,0.0
26,17400.0,0.0
27,17400.0,0.0
28,17400.0,0.0
29,17400.0,0.0
30,17400.0,0.0
31,17400.0,0.0
32,17400.0,0.0
33,17400.0,0.0
34,17400.0,0.0
35,17400.0,0.0
36,17400.0,0.0
37,17400.0,0.0
0,18000.0,0.0
1,18000.0,0.0
2,18000.0,0.0
3,18000.0,0.0
4,18000.0,0.0
5,18000.0,0.0
6,18000.0,0.0
7,18000.0,0.0
8,18000.0,0.0
9,18000.0,0.0
10,18000.0,0.0
11,18000.0,0.0
12,18000.0,0.0
13,18000.0,0.0
14,18000.0,0.0
15,18000.0,0.0
16,18000.0,0.0
17,18000.0,0.0
18,18000.0,0.0
19,18000.0,0.0
20,18000.0,0.0
21,18000.0,0.0
22,18000.0,0.0
23,18000.0,0.0
24,18000.0,0.0
25,18000.0,0.0
26,18000.0,0.0
27,18000.0,0.0
28,18000.0,0.0
29,18000.0,0.0
30,18000.0,0.0
31,18000.0,0.0
32,18000.0,0.0
33,18000.0,0.0
34,18000.0,0.0
35,18000.0,0.0
36,18000.0,0.0
37,18000.0,0.0
0,18600.0,0.0
1,18600.0,0.0
2,18600.0,0.0
3,18600.0,0.0
4,18600.0,0.0
5,18600.0,0.0
6,18600.0,0.0
7,18600.0,0.0
8,18600.0,0.0
9,18600.0,0.0
10,18600.0,0.0
11,18600.0,0.0
12,18600.0,0.0
13,18600.0,0.0
14,18600.0,0.0
15,18600.0,0.0
16,18600.0,0.0
17,18600.0,0.0
18,18600.0,0.0
19,18600.0,0.0
20,18600.0,0.0
21,18600.0,0.0
22,18600.0,0.0
23,18600.0,0.0
24,18600.0,0.0
25,18600.0,0.0
26,18600.0,0.0
27,18600.0,0.0
28,18600.0,0.0
29,18600.0,0.0
30,18600.0,0.0
31,18600.0,0.0
32,18600.0,0.0
33,18600.0,0.0
34,18600.0,0.0
35,18600.0,0.0
36,18600.0,0.0
37,18600.0,0.0
0,19200.0,0.0
1,19200.0,0.0
2,19200.0,0.0
3,19200.0,0.0
4,19200.0,0.0
5,19200.0,0.0
6,19200.0,0.0
7,19200.0,0.0
8,19200.0,0.0
9,19200.0,0.0
10,19200.0,0.0
11,19200.0,0.0
12,19200.0,0.0
13,19200.0,0.0
14,19200.0,0.0
15,19200.0,0.0
16,19200.0,0.0
17,19200.0,0.0
18,19200.0,0.0
19,19200.0,0.0
20,19200.0,0.0
21,19200.0,0.0
22,19200.0,0.0
23,19200.0,0.0
24,19200.0,0.0
25,19200.0,0.0
26,19200.0,0.0
27,19200.0,0.0
28,19200.0,0.0
29,19200.0,0.0
30,19200.0,0.0
31,19200.0,0.0
32,19200.0,0.0
33,19200.0,0.0
34,19200.0,0.0
35,19200.0,0.0
36,19200.0,0.0
37,19200.0,0.0
0,19800.0,0.0
1,19800.0,0.0
2,19800.0,0.0
3,19800.0,0.0
4,19800.0,0.0
5,19800.0,0.0
6,19800.0,0.0
7,19800.0,0.0
8,19800.0,0.0
9,19800.0,0.0
10,19800.0,0.0
11,19800.0,0.0
12,19800.0,0.0
13,19800.0,0.0
14,19800.0,0.0
15,19800.0,0.0
16,19800.0,0.0
17,19800.0,0.0
18,19800.0,0.0
19,19800.0,0.0
20,19800.0,0.0
21,19800.0,0.0
22,19800.0,0.0
23,19800.0,0.0
24,19800.0,0.0
25,19800.0,0.0
26,19800.0,0.0
27,19800.0,0.0
28,19800.0,0.0
29,19800.0,0.0
30,19800.0,0.0
31,19800.0,0.0
32,19800.0,0.0
33,19800.0,0.0
34,19800.0,0.0
35,19800.0,0.0
36,19800.0,0.0
37,19800.0,0.0
0,20400.0,0.0
1,20400.0,0.0
2,20400.0,0.0
3,20400.0,0.0
4,20400.0,0.0
5,20400.0,0.0
6,20400.0,0.0
7,20400.0,0.0
8,20400.0,0.0
9,20400.0,0.0
10,20400.0,0.0
11,20400.0,0.0
12,20400.0,0.0
13,20400.0,0.0
14,20400.0,0.0
15,20400.0,0.0
16,20400.0,0.0
17,20400.0,0.0
18,20400.0,0.0
19,20400.0,0.0
20,20400.0,0.0
21,20400.0,0.0
22,20400.0,0.0
23,20400.0,0.0
24,20400.0,0.0
25,20400.0,0.0
26,20400.0,0.0
27,20400.0,0.0
28,20400.0,0.0
29,20400.0,0.0
30,20400.0,0.0
31,20400.0,0.0
32,20400.0,0.0
33,20400.0,0.0
34,20400.0,0.0
35,20400.0,0.0
36,20400.0,0.0
37,20400.0,0.0
0,21000.0,0.0
1,21000.0,0.0
2,21000.0,0.0
3,21000.0,0.0
4,21000.0,0.0
5,21000.0,0.0
6,21000.0,0.0
7,21000.0,0.0
8,21000.0,0.0
9,21000.0,0.0
10,21000.0,0.0
11,21000.0,0.0
12,21000.0,0.0
13,21000.0,0.0
14,21000.0,0.0
15,21000.0,0.0
16,21000.0,0.0
17,21000.0,0.0
18,21000.0,0.0
19,21000.0,0.0
20,21000.0,0.0
21,21000.0,0.0
22,21000.0,0.0
23,21000.0,0.0
24,21000.0,0.0
25,21000.0,0.0
26,21000.0,0.0
27,21000.0,0.0
28,21000.0,0.0
29,21000.0,0.0
30,21000.0,0.0
31,21000.0,0.0
32,21000.0,0.0
33,21000.0,0.0
34,21000.0,0.0
35,21000.0,0.0
36,21000.0,0.0
37,21000.0,0.0
0,21600.0,0.0
1,21600.0,0.0
2,21600.0,0.0
3,21600.0,0.0
4,21600.0,0.0
5,21600.0,0.0
6,21600.0,0.0
7,21600.0,0.0
8,21600.0,0.0
9,21600.0,0.0
10,21600.0,0.0
11,21600.0,0.0
12,21600.0,0.0
13,21600.0,0.0
14,21600.0,0.0
15,21600.0,0.0
16,21600.0,0.0
17,21600.0,0.0
18,21600.0,0.0
19,21600.0,0.0
20,21600.0,0.0
21,21600.0,0.0
22,21600.0,0.0
23,21600.0,0.0
24,21600.0,0.0
25,21600.0,0.0
26,21600.0,0.0
27,21600.0,0.0
28,21600.0,0.0
29,21600.0,0.0
30,21600.0,0.0
31,21600.0,0.0
32,21600.0,0.0
33,21600.0,0.0
34,21600.0,0.0
35,21600.0,0.0
36,21600.0,0.0
37,21600.0,0.0
0,22200.0,0.0
1,22200.0,0.0
2,22200.0,0.0
3,22200.0,0.0
4,22200.0,0.0
5,22200.0,0.0
6,22200.0,0.0
7,22200.0,0.0
8,22200.0,0.0
9,22200.0,0.0
10,22200.0,0.0
11,22200.0,0.0
12,22200.0,0.0
13,22200.0,0.0
14,22200.0,0.0
15,22200.0,0.0
16,22200.0,0.0
17,22200.0,0.0
18,22200.0,0.0
19,22200.0,0.0
20,22200.0,0.0
21,22200.0,0.0
22,22200.0,0.0
23,22200.0,0.0
24,22200.0,0.0
25,22200.0,0.0
26,22200.0,0.0
27,22200.0,0.0
28,22200.0,0.0
29,22200.0,0.0
30,22200.0,0.0
31,22200.0,0.0
32,22200.0,0.0
33,22200.0,0.0
34,22200.0,0.0
35,22200.0,0.0
36,22200.0,0.0
37,22200.0,0.0
0,22800.0,0.0
1,22800.0,0.0
2,22800.0,0.0
3,22800.0,0.0
4,22800.0,0.0
5,22800.0,0.0
6,22800.0,0.0
7,22800.0,0.0
8,22800.0,0.0
9,22800.0,0.0
10,22800.0,0.0
11,22800.0,0.0
12,22800.0,0.0
13,22800.0,0.0
14,22800.0,0.0
15,22800.0,0.0
16,22800.0,0.0
17,22800.0,0.0
18,22800.0,0.0
19,22800.0,0.0
20,22800.0,0.0
21,22800.0,0.0
22,22800.0,0.0
23,22800.0,0.0
24,22800.0,0.0
25,22800.0,0.0
26,22800.0,0.0
27,22800.0,0.0
28,22800.0,0.0
29,22800.0,0.0
30,22800.0,0.0
31,22800.0,0.0
32,22800.0,0.0
33,22800.0,0.0
34,22800.0,0.0
35,22800.0,0.0
36,22800.0,0.0
37,22800.0,0.0
0,23400.0,0.0
1,23400.0,0.0
2,23400.0,0.0
3,23400.0,0.0
4,23400.0,0.0
5,23400.0,0.0
6,23400.0,0.0
7,23400.0,0.0
8,23400.0,0.0
9,23400.0,0.0
10,23400.0,0.0
11,23400.0,0.0
12,23400.0,0.0
13,23400.0,0.0
14,23400.0,0.0
15,23400.0,0.0
16,23400.0,0.0
17,23400.0,0.0
18,23400.0,0.0
19,23400.0,0.0
20,23400.0,0.0
21,23400.0,0.0
22,23400.0,0.0
23,23400.0,0.0
24,23400.0,0.0
25,23400.0,0.0
26,23400.0,0.0
27,23400.0,0.0
28,23400.0,0.0
29,23400.0,0.0
30,23400.0,0.0
31,23400.0,0.0
32,23400.0,0.0
33,23400.0,0.0
34,23400.0,0.0
35,23400.0,0.0
36,23400.0,0.0
37,23400.0,0.0
0,24000.0,0.0
1,24000.0,0.0
2,24000.0,0.0
3,24000.0,0.0
4,24000.0,0.0
5,24000.0,0.0
6,24000.0,0.0
7,24000.0,0.0
8,24000.0,0.0
9,24000.0,0.0
10,24000.0,0.0
11,24000.0,0.0
12,24000.0,0.0
13,24000.0,0.0
14,24000.0,0.0
15,24000.0,0.0
16,24000.0,0.0
17,24000.0,0.0
18,24000.0,0.0
19,24000.0,0.0
20,24000.0,0.0
21,24000.0,0.0
22,24000.0,0.0
23,24000.0,0.0
24,24000.0,0.0
25,24000.0,0.0
26,24000.0,0.0
27,24000.0,0.0
28,24000.0,0.0
29,24000.0,0.0
30,24000.0,0.0
31,24000.0,0.0
32,24000.0,0.0
33,24000.0,0.0
34,24000.0,0.0
35,24000.0,0.0
36,24000.0,0.0
37,24000.0,0.0
0,24600.0,0.0
1,24600.0,0.0
2,24600.0,0.0
3,24600.0,0.0
4,24600.0,0.0
5,24600.0,0.0
6,24600.0,0.0
7,24600.0,0.0
8,24600.0,0.0
9,24600.0,0.0
10,24600.0,0.0
11,24600.0,0.0
12,24600.0,0.0
13,24600.0,0.0
14,24600.0,0.0
15,24600.0,0.0
16,24600.0,0.0
17,24600.0,0.0
18,24600.0,0.0
19,24600.0,0.0
20,24600.0,0.0
21,24600.0,0.0
22,24600.0,0.0
23,24600.0,0.0
24,24600.0,0.0
25,24600.0,0.0
26,24600.0,0.0
27,24600.0,0.0
28,24600.0,0.0
29,24600.0,0.0
30,24600.0,0.0
31,24600.0,0.0
32,24600.0,0.0
33,24600.0,0.0
34,24600.0,0.0
35,24600.0,0.0
36,24600.0,0.0
37,24600.0,0.0
0,25200.0,0.0
1,25200.0,0.0
2,25200.0,0.0
3,25200.0,0.0
4,25200.0,0.0
5,25200.0,0.0
6,25200.0,0.0
7,25200.0,0.0
8,25200.0,0.0
9,25200.0,0.0
10,25200.0,0.0
11,25200.0,0.0
12,25200.0,0.0
13,25200.0,0.0
14,25200.0,0.0
15,25200.0,0.0
16,25200.0,0.0
17,25200.0,0.0
18,25200.0,0.0
19,25200.0,0.0
20,25200.0,0.0
21,25200.0,0.0
22,25200.0,0.0
23,25200.0,0.0
24,25200.0,0.0
25,25200.0,0.0
26,25200.0,0.0
27,25200.0,0.0
28,25200.0,0.0
29,25200.0,0.0
30,25200.0,0.0
31,25200.0,0.0
32,25200.0,0.0
33,25200.0,0.0
34,25200.0,0.0
35,25200.0,0.0
36,25200.0,0.0
37,25200.0,0.0
0,25800.0,0.0
1,25800.0,0.0
2,25800.0,0.0
3,25800.0,0.0
4,25800.0,0.0
5,25800.0,0.0
6,25800.0,0.0
7,25800.0,0.0
8,25800.0,0.0
9,25800.0,0.0
10,25800.0,0.0
11,25800.0,0.0
12,25800.0,0.0
13,25800.0,0.0
14,25800.0,0.0
15,25800.0,0.0
16,25800.0,0.0
17,25800.0,0.0
18,25800.0,0.0
19,25800.0,0.0
20,25800.0,0.0
21,25800.0,0.0
22,25800.0,0.0
23,25800.0,0.0
24,25800.0,0.0
25,25800.0,0.0
26,25800.0,0.0
27,25800.0,0.0
28,25800.0,0.0
29,25800.0,0.0
30,25800.0,0.0
31,25800.0,0.0
32,25800.0,0.0
33,25800.0,0.0
34,25800.0,0.0
35,25800.0,0.0
36,25800.0,0.0
37,25800.0,0.0
0,26400.0,0.0
1,26400.0,0.0
2,26400.0,0.0
3,26400.0,0.0
4,26400.0,0.0
5,26400.0,0.0
6,26400.0,0.0
7,26400.0,0.0
8,26400.0,0.0
9,26400.0,0.0
10,26400.0,0.0
11,26400.0,0.0
12,26400.0,0.0
13,26400.0,0.0
14,26400.0,0.0
15,26400.0,0.0
16,26400.0,0.0
17,26400.0,0.0
18,26400.0,0.0
19,26400.0,0.0
20,26400.0,0.0
21,26400.0,0.0
22,26400.0,0.0
23,26400.0,0.0
24,26400.0,0.0
25,26400.0,0.0
26,26400.0,0.0
27,26400.0,0.0
28,26400.0,0.0
29,26400.0,0.0
30,26400.0,0.0
31,26400.0,0.0
32,26400.0,0.0
33,26400.0,0.0
34,26400.0,0.0
35,26400.0,0.0
36,26400.0,0.0
37,26400.0,0.0
0,27000.0,0.0
1,27000.0,0.0
2,27000.0,0.0
3,27000.0,0.0
4,27000.0,0.0
5,27000.0,0.0
6,27000.0,0.0
7,27000.0,0.0
8,27000.0,0.0
9,27000.0,0.0
10,27000.0,0.0
11,27000.0,0.0
12,27000.0,0.0
13,27000.0,0.0
14,27000.0,0.0
15,27000.0,0.0
16,27000.0,0.0
17,27000.0,0.0
18,27000.0,0.0
19,27000.0,0.0
20,27000.0,0.0
21,27000.0,0.0
22,27000.0,0.0
23,27000.0,0.0
24,27000.0,0.0
25,27000.0,0.0
26,27000.0,0.0
27,27000.0,0.0
28,27000.0,0.0
29,27000.0,0.0
30,27000.0,0.0
31,27000.0,0.0
32,27000.0,0.0
33,27000.0,0.0
34,27000.0,0.0
35,27000.0,0.0
36,27000.0,0.0
37,27000.0,0.0
0,27600.0,0.0
1,27600.0,0.0
2,27600.0,0.0
3,27600.0,0.0
4,27600.0,0.0
5,27600.0,0.0
6,27600.0,0.0
7,27600.0,0.0
8,27600.0,0.0
9,27600.0,0.0
10,27600.0,0.0
11,27600.0,0.0
12,27600.0,0.0
13,27600.0,0.0
14,27600.0,0.0
15,27600.0,0.0
16,27600.0,0.0
17,27600.0,0.0
18,27600.0,0.0
19,27600.0,0.0
20,27600.0,0.0
21,27600.0,0.0
22,27600.0,0.0
23,27600.0,0.0
24,27600.0,0.0
25,27600.0,0.0
26,27600.0,0.0
27,27600.0,0.0
28,27600.0,0.0
29,27600.0,0.0
30,27600.0,0.0
31,27600.0,0.0
32,27600.0,0.0
33,27600.0,0.0
34,27600.0,0.0
35,27600.0,0.0
36,27600.0,0.0
37,27600.0,0.0
0,28200.0,0.0
1,28200.0,0.0
2,28200.0,0.0
3,28200.0,0.0
4,28200.0,0.0
5,28200.0,0.0
6,28200.0,0.0
7,28200.0,0.0
8,28200.0,0.0
9,28200.0,0.0
10,28200.0,0.0
11,28200.0,0.0
12,28200.0,0.0
13,28200.0,0.0
14,28200.0,0.0
15,28200.0,0.0
16,28200.0,0.0
17,28200.0,0.0
18,28200.0,0.0
19,28200.0,0.0
20,28200.0,0.0
21,28200.0,0.0
22,28200.0,0.0
23,28200.0,0.0
24,28200.0,0.0
25,28200.0,0.0
26,28200.0,0.0
27,28200.0,0.0
28,28200.0,0.0
29,28200.0,0.0
30,28200.0,0.0
31,28200.0,0.0
32,28200.0,0.0
33,28200.0,0.0
34,28200.0,0.0
35,28200.0,0.0
36,28200.0,0.0
37,28200.0,0.0
0,28800.0,0.0
1,28800.0,0.0
2,28800.0,0.0
3,28800.0,0.0
4,28800.0,0.0
5,28800.0,0.0
6,28800.0,0.0
7,28800.0,0.0
8,28800.0,0.0
9,28800.0,0.0
10,28800.0,0.0
11,28800.0,0.0
12,28800.0,0.0
13,28800.0,0.0
14,28800.0,0.0
15,28800.0,0.0
16,28800.0,0.0
17,28800.0,0.0
18,28800.0,0.0
19,28800.0,0.0
20,28800.0,0.0
21,28800.0,0.0
22,28800.0,0.0
23,28800.0,0.0
24,28800.0,0.0
25,28800.0,0.0
26,28800.0,0.0
27,28800.0,0.0
28,28800.0,0.0
29,28800.0,0.0
30,28800.0,0.0
31,28800.0,0.0
32,28800.0,0.0
33,28800.0,0.0
34,28800.0,0.0
35,28800.0,0.0
36,28800.0,0.0
37,28800.0,0.0
0,29400.0,0.0
1,29400.0,0.0
2,29400.0,0.0
3,29400.0,0.0
4,29400.0,0.0
5,29400.0,0.0
6,29400.0,0.0
7,29400.0,0.0
8,29400.0,0.0
9,29400.0,0.0
10,29400.0,0.0
11,29400.0,0.0
12,29400.0,0.0
13,29400.0,0.0
14,29400.0,0.0
15,29400.0,0.0
16,29400.0,0.0
17,29400.0,0.0
18,29400.0,0.0
19,29400.0,0.0
20,29400.0,0.0
21,29400.0,0.0
22,29400.0,0.0
23,29400.0,0.0
24,29400.0,0.0
25,29400.0,0.0
26,29400.0,0.0
27,29400.0,0.0
28,29400.0,0.0
29,29400.0,0.0
30,29400.0,0.0
31,29400.0,0.0
32,29400.0,0.0
33,29400.0,0.0
34,29400.0,0.0
35,29400.0,0.0
36,29400.0,0.0
37,29400.0,0.0
0,30000.0,0.0
1,30000.0,0.0
2,30000.0,0.0
3,30000.0,0.0
4,30000.0,0.0
5,30000.0,0.0
6,30000.0,0.0
7,30000.0,0.0
8,30000.0,0.0
9,30000.0,0.0
10,30000.0,0.0
11,30000.0,0.0
12,30000.0,0.0
13,30000.0,0.0
14,30000.0,0.0
15,30000.0,0.0
16,30000.0,0.0
17,30000.0,0.0
18,30000.0,0.0
19,30000.0,0.0
20,30000.0,0.0
21,30000.0,0.0
22,30000.0,0.0
23,30000.0,0.0
24,30000.0,0.0
25,30000.0,0.0
26,30000.0,0.0
27,30000.0,0.0
28,30000.0,0.0
29,30000.0,0.0
30,30000.0,0.0
31,30000.0,0.0
32,30000.0,0.0
33,30000.0,0.0
34,30000.0,0.0
35,30000.0,0.0
36,30000.0,0.0
37,30000.0,0.0
0,30600.0,0.0
1,30600.0,0.0
2,30600.0,0.0
3,30600.0,0.0
4,30600.0,0.0
5,30600.0,0.0
6,30600.0,0.0
7,30600.0,0.0
8,30600.0,0.0
9,30600.0,0.0
10,30600.0,0.0
11,30600.0,0.0
12,30600.0,0.0
13,30600.0,0.0
14,30600.0,0.0
15,30600.0,0.0
16,30600.0,0.0
17,30600.0,0.0
18,30600.0,0.0
19,30600.0,0.0
20,30600.0,0.0
21,30600.0,0.0
22,30600.0,0.0
23,30600.0,0.0
24,30600.0,0.0
25,30600.0,0.0
26,30600.0,0.0
27,30600.0,0.0
28,30600.0,0.0
29,30600.0,0.0
30,30600.0,0.0
31,30600.0,0.0
32,30600.0,0.0
33,30600.0,0.0
34,30600.0,0.0
35,30600.0,0.0
36,30600.0,0.0
37,30600.0,0.0
0,31200.0,0.0
1,31200.0,0.0
2,31200.0,0.0
3,31200.0,0.0
4,31200.0,0.0
5,31200.0,0.0
6,31200.0,0.0
7,31200.0,0.0
8,31200.0,0.0
9,31200.0,0.0
10,31200.0,0.0
11,31200.0,0.0
12,31200.0,0.0
13,31200.0,0.0
14,31200.0,0.0
15,31200.0,0.0
16,31200.0,0.0
17,31200.0,0.0
18,31200.0,0.0
19,31200.0,0.0
20,31200.0,0.0
21,31200.0,0.0
22,31200.0,0.0
23,31200.0,0.0
24,31200.0,0.0
25,31200.0,0.0
26,31200.0,0.0
27,31200.0,0.0
28,31200.0,0.0
29,31200.0,0.0
30,31200.0,0.0
31,31200.0,0.0
32,31200.0,0.0
33,31200.0,0.0
34,31200.0,0.0
35,31200.0,0.0
36,31200.0,0.0
37,31200.0,0.0
0,31800.0,0.0
1,31800.0,0.0
2,31800.0,0.0
3,31800.0,0.0
4,31800.0,0.0
5,31800.0,0.0
6,31800.0,0.0
7,31800.0,0.0
8,31800.0,0.0
9,31800.0,0.0
10,31800.0,0.0
11,31800.0,0.0
12,31800.0,0.0
13,31800.0,0.0
14,31800.0,0.0
15,31800.0,0.0
16,31800.0,0.0
17,31800.0,0.0
18,31800.0,0.0
19,31800.0,0.0
20,31800.0,0.0
21,31800.0,0.0
22,31800.0,0.0
23,31800.0,0.0
24,31800.0,0.0
25,31800.0,0.0
26,31800.0,0.0
27,31800.0,0.0
28,31800.0,0.0
29,31800.0,0.0
30,31800.0,0.0
31,31800.0,0.0
32,31800.0,0.0
33,31800.0,0.0
34,31800.0,0.0
35,31800.0,0.0
36,31800.0,0.0
37,31800.0,0.0
0,32400.0,0.0
1,32400.0,0.0
2,32400.0,0.0
3,32400.0,0.0
4,32400.0,0.0
5,32400.0,0.0
6,32400.0,0.0
7,32400.0,0.0
8,32400.0,0.0
9,32400.0,0.0
10,32400.0,0.0
11,32400.0,0.0
12,32400.0,0.0
13,32400.0,0.0
14,32400.0,0.0
15,32400.0,0.0
16,32400.0,0.0
17,32400.0,0.0
18,32400.0,0.0
19,32400.0,0.0
20,32400.0,0.0
21,32400.0,0.0
22,32400.0,0.0
23,32400.0,0.0
24,32400.0,0.0
25,32400.0,0.0
26,32400.0,0.0
27,32400.0,0.0
28,32400.0,0.0
29,32400.0,0.0
30,32400.0,0.0
31,32400.0,0.0
32,32400.0,0.0
33,32400.0,0.0
34,32400.0,0.0
35,32400.0,0.0
36,32400.0,0.0
37,32400.0,0.0
0,33000.0,0.0
1,33000.0,0.0
2,33000.0,0.0
3,33000.0,0.0
4,33000.0,0.0
5,33000.0,0.0
6,33000.0,0.0
7,33000.0,0.0
8,33000.0,0.0
9,33000.0,0.0
10,33000.0,0.0
11,33000.0,0.0
12,33000.0,0.0
13,33000.0,0.0
14,33000.0,0.0
15,33000.0,0.0
16,33000.0,0.0
17,33000.0,0.0
18,33000.0,0.0
19,33000.0,0.0
20,33000.0,0.0
21,33000.0,0.0
22,33000.0,0.0
23,33000.0,0.0
24,33000.0,0.0
25,33000.0,0.0
26,33000.0,0.0
27,33000.0,0.0
28,33000.0,0.0
29,33000.0,0.0
30,33000.0,0.0
31,33000.0,0.0
32,33000.0,0.0
33,33000.0,0.0
34,33000.0,0.0
35,33000.0,0.0
36,33000.0,0.0
37,33000.0,0.0
0,33600.0,0.0
1,33600.0,0.0
2,33600.0,0.0
3,33600.0,0.0
4,33600.0,0.0
5,33600.0,0.0
6,33600.0,0.0
7,33600.0,0.0
8,33600.0,0.0
9,33600.0,0.0
10,33600.0,0.0
11,33600.0,0.0
12,33600.0,0.0
13,33600.0,0.0
14,33600.0,0.0
15,33600.0,0.0
16,33600.0,0.0
17,33600.0,0.0
18,33600.0,0.0
19,33600.0,0.0
20,33600.0,0.0
21,33600.0,0.0
22,33600.0,0.0
23,33600.0,0.0
24,33600.0,0.0
25,33600.0,0.0
26,33600.0,0.0
27,33600.0,0.0
28,33600.0,0.0
29,33600.0,0.0
30,33600.0,0.0
31,33600.0,0.0
32,33600.0,0.0
33,33600.0,0.0
34,33600.0,0.0
35,33600.0,0.0
36,33600.0,0.0
37,33600.0,0.0
0,34200.0,0.0
1,34200.0,0.0
2,34200.0,0.0
3,34200.0,0.0
4,34200.0,0.0
5,34200.0,0.0
6,34200.0,0.0
7,34200.0,0.0
8,34200.0,0.0
9,34200.0,0.0
10,34200.0,0.0
11,34200.0,0.0
12,34200.0,0.0
13,34200.0,0.0
14,34200.0,0.0
15,34200.0,0.0
16,34200.0,0.0
17,34200.0,0.0
18,34200.0,0.0
19,34200.0,0.0
20,34200.0,0.0
21,34200.0,0.0
22,34200.0,0.0
23,34200.0,0.0
24,34200.0,0.0
25,34200.0,0.0
26,34200.0,0.0
27,34200.0,0.0
28,34200.0,0.0
29,34200.0,0.0
30,34200.0,0.0
31,34200.0,0.0
32,34200.0,0.0
33,34200.0,0.0
34,34200.0,0.0
35,34200.0,0.0
36,34200.0,0.0
37,34200.0,0.0
0,34800.0,0.0
1,34800.0,0.0
2,34800.0,0.0
3,34800.0,0.0
4,34800.0,0.0
5,34800.0,0.0
6,34800.0,0.0
7,34800.0,0.0
8,34800.0,0.0
9,34800.0,0.0
10,34800.0,0.0
11,34800.0,0.0
12,34800.0,0.0
13,34800.0,0.0
14,34800.0,0.0
15,34800.0,0.0
16,34800.0,0.0
17,34800.0,0.0
18,34800.0,0.0
19,34800.0,0.0
20,34800.0,0.0
21,34800.0,0.0
22,34800.0,0.0
23,34800.0,0.0
24,34800.0,0.0
25,34800.0,0.0
26,34800.0,0.0
27,34800.0,0.0
28,34800.0,0.0
29,34800.0,0.0
30,34800.0,0.0
31,34800.0,0.0
32,34800.0,0.0
33,34800.0,0.0
34,34800.0,0.0
35,34800.0,0.0
36,34800.0,0.0
37,34800.0,0.0
0,35400.0,0.0
1,35400.0,0.0
2,35400.0,0.0
3,35400.0,0.0
4,35400.0,0.0
5,35400.0,0.0
6,35400.0,0.0
7,35400.0,0.0
8,35400.0,0.0
9,35400.0,0.0
10,35400.0,0.0
11,35400.0,0.0
12,35400.0,0.0
13,35400.0,0.0
14,35400.0,0.0
15,35400.0,0.0
16,35400.0,0.0
17,35400.0,0.0
18,35400.0,0.0
19,35400.0,0.0
20,35400.0,0.0
21,35400.0,0.0
22,35400.0,0.0
23,35400.0,0.0
24,35400.0,0.0
25,35400.0,0.0
26,35400.0,0.0
27,35400.0,0.0
28,35400.0,0.0
29,35400.0,0.0
30,35400.0,0.0
31,35400.0,0.0
32,35400.0,0.0
33,35400.0,0.0
34,35400.0,0.0
35,35400.0,0.0
36,35400.0,0.0
37,35400.0,0.0
0,36000.0,0.0
1,36000.0,0.0
2,36000.0,0.0
3,36000.0,0.0
4,36000.0,0.0
5,36000.0,0.0
6,36000.0,0.0
7,36000.0,0.0
8,36000.0,0.0
9,36000.0,0.0
10,36000.0,0.0
11,36000.0,0.0
12,36000.0,0.0
13,36000.0,0.0
14,36000.0,0.0
15,36000.0,0.0
16,36000.0,0.0
17,36000.0,0.0
18,36000.0,0.0
19,36000.0,0.0
20,36000.0,0.0
21,36000.0,0.0
22,36000.0,0.0
23,36000.0,0.0
24,36000.0,0.0
25,36000.0,0.0
26,36000.0,0.0
27,36000.0,0.0
28,36000.0,0.0
29,36000.0,0.0
30,36000.0,0.0
31,36000.0,0.0
32,36000.0,0.0
33,36000.0,0.0
34,36000.0,0.0
35,36000.0,0.0
36,36000.0,0.0
37,36000.0,0.0
