818,600.1,232,17,1740
899,600.1,394,183,1740
933,600.1,462,293,1740
811,600.1,218,105,1740
813,600.1,222,143,1740
822,600.1,240,429,1740
826,600.1,248,595,1740
835,600.1,266,597,1740
850,600.1,296,3,1740
889,600.1,374,29,1740
908,600.1,412,47,1740
947,600.1,490,79,1740
770,600.1,136,81,1740
806,600.1,208,111,1740
807,600.1,210,113,1740
848,600.1,292,123,1740
941,600.1,478,125,1740
222,600.1,445,17,870
795,600.1,186,183,1740
794,600.1,184,293,1740
797,600.1,190,145,1740
872,600.1,340,277,1740
562,600.1,525,105,1740
262,600.1,525,595,870
943,600.1,482,143,1740
801,600.1,198,429,1740
968,600.1,532,597,1740
781,600.1,158,183,1740
870,600.1,336,293,1740
846,600.1,288,17,1740
796,600.1,188,595,1740
935,600.1,466,105,1740
245,600.1,491,143,870
545,600.1,491,407,1740
34,600.1,69,205,870
334,600.1,69,93,870
756,600.1,108,151,1740
784,600.1,164,231,1740
785,600.1,166,233,1740
798,600.1,192,299,1740
808,600.1,212,473,1740
834,600.1,264,479,1740
845,600.1,286,587,1740
893,600.1,382,27,1740
896,600.1,388,99,1740
905,600.1,406,117,1740
912,600.1,420,133,1740
919,600.1,434,155,1740
920,600.1,436,167,1740
922,600.1,440,173,1740
937,600.1,470,189,1740
940,600.1,476,203,1740
989,600.1,574,229,1740
992,600.1,580,251,1740
997,600.1,590,255,1740
1039,600.1,74,305,1740
739,600.1,74,333,1740
752,600.1,100,363,1740
761,600.1,118,375,1740
766,600.1,128,457,1740
772,600.1,140,463,1740
788,600.1,172,537,1740
825,600.1,246,539,1740
828,600.1,252,581,1740
849,600.1,294,333,1740
854,600.1,304,3,1740
858,600.1,312,29,1740
859,600.1,314,47,1740
875,600.1,346,79,1740
885,600.1,366,81,1740
891,600.1,378,111,1740
916,600.1,428,113,1740
923,600.1,442,123,1740
932,600.1,460,125,1740
956,600.1,508,93,1740
958,600.1,512,407,1740
959,600.1,514,145,1740
980,600.1,556,277,1740
995,600.1,586,429,1740
996,600.1,588,597,1740
879,600.1,354,183,1740
755,600.1,106,293,1740
757,600.1,110,17,1740
762,600.1,120,595,1740
847,600.1,290,105,1740
936,600.1,468,72,1740
982,600.1,560,260,1740
759,600.1,114,0,1740
1008,600.1,12,20,1740
708,600.1,12,80,1740
768,600.1,132,168,1740
921,600.1,438,306,1740
976,600.1,548,594,1740
376,600.1,153,205,1740
579,600.1,559,143,1740
584,600.1,569,173,1740
284,600.1,569,107,870
363,600.1,127,429,1740
63,600.1,127,80,870
525,600.1,451,597,1740
225,600.1,451,571,870
843,600.1,282,183,1740
900,600.1,396,293,1740
953,600.1,502,17,1740
955,600.1,506,595,1740
844,600.1,284,105,1740
902,600.1,400,123,1740
969,600.1,534,473,1740
898,600.1,392,133,1740
918,600.1,432,151,1740
971,600.1,538,155,1740
780,600.1,156,27,1740
888,600.1,372,99,1740
167,600.1,335,233,870
24,600.1,49,299,870
324,600.1,49,217,870
265,600.1,531,117,870
565,600.1,531,9,1740
258,600.1,517,167,870
558,600.1,517,39,1740
255,600.1,511,189,870
555,600.1,511,41,1740
224,600.1,449,203,870
524,600.1,449,43,1740
259,600.1,519,229,870
559,600.1,519,59,1740
171,600.1,343,231,870
471,600.1,343,80,1740
705,600.1,6,80,1740
1005,600.1,6,251,1740
767,600.1,130,305,1740
810,600.1,216,479,1740
975,600.1,546,587,1740
1047,600.1,90,255,1740
747,600.1,90,1,1740
764,600.1,124,363,1740
837,600.1,270,375,1740
857,600.1,310,457,1740
733,600.1,62,463,1740
1033,600.1,62,537,1740
790,600.1,176,581,1740
894,600.1,384,539,1740
964,600.1,524,333,1740
967,600.1,530,3,1740
1037,600.1,70,29,1740
737,600.1,70,47,1740
1027,600.1,50,79,1740
774,600.1,144,113,1740
775,600.1,146,81,1740
793,600.1,182,111,1740
852,600.1,300,125,1740
965,600.1,526,93,1740
836,600.1,268,407,1740
924,600.1,444,145,1740
715,600.1,26,277,1740
1015,600.1,26,55,1740
831,600.1,258,251,1740
581,600.1,563,183,1740
281,600.1,563,7,870
979,600.1,554,463,1740
18,600.1,37,293,870
159,600.1,319,17,870
459,600.1,319,67,1740
280,600.1,561,105,870
580,600.1,561,283,1740
482,600.1,365,123,1740
370,600.1,141,537,1740
619,600.1,141,47,1740
70,600.1,141,89,870
800,600.1,196,29,1740
887,600.1,370,595,1740
906,600.1,408,205,1740
777,600.1,150,173,1740
1043,600.1,82,429,1740
1018,600.1,32,473,1740
718,600.1,32,20,1740
931,600.1,458,597,1740
871,600.1,338,99,1740
884,600.1,364,143,1740
787,600.1,170,133,1740
802,600.1,200,151,1740
207,600.1,415,155,870
507,600.1,415,27,1740
194,600.1,389,255,870
494,600.1,389,479,1740
137,600.1,275,305,870
686,600.1,275,587,1740
183,600.1,367,375,870
483,600.1,367,457,1740
275,600.1,551,363,870
575,600.1,551,539,1740
196,600.1,393,117,870
165,600.1,331,93,870
465,600.1,331,119,1740
634,600.1,171,581,1740
385,600.1,171,72,1740
510,600.1,421,333,1740
210,600.1,421,271,870
6,600.1,13,3,870
306,600.1,13,47,870
28,600.1,57,79,870
328,600.1,57,277,870
201,600.1,403,81,870
501,600.1,403,97,1740
542,600.1,485,111,1740
242,600.1,485,345,870
493,600.1,387,113,1740
193,600.1,387,223,870
261,600.1,523,125,870
561,600.1,523,15,1740
904,600.1,404,407,1740
939,600.1,474,145,1740
978,600.1,552,233,1740
981,600.1,558,299,1740
876,600.1,348,167,1740
838,600.1,272,231,1740
476,600.1,353,189,1740
176,600.1,353,260,870
541,600.1,483,203,1740
241,600.1,483,0,870
866,600.1,328,229,1740
881,600.1,358,211,1740
882,600.1,360,251,1740
913,600.1,422,183,1740
873,600.1,342,168,1740
723,600.1,42,306,1740
1023,600.1,42,594,1740
726,600.1,48,80,1740
1026,600.1,48,23,1740
823,600.1,242,205,1740
945,600.1,486,473,1740
990,600.1,576,27,1740
778,600.1,152,463,1740
874,600.1,344,173,1740
877,600.1,350,29,1740
878,600.1,352,429,1740
880,600.1,356,597,1740
883,600.1,362,595,1740
716,600.1,28,424,1740
1016,600.1,28,20,1740
809,600.1,214,99,1740
824,600.1,244,293,1740
930,600.1,456,17,1740
728,600.1,52,105,1740
1028,600.1,52,25,1740
841,600.1,278,479,1740
856,600.1,308,587,1740
758,600.1,112,155,1740
270,600.1,541,539,870
570,600.1,541,72,1740
278,600.1,557,457,870
578,600.1,557,537,1740
379,600.1,159,123,1740
79,600.1,159,347,870
535,600.1,471,143,1740
235,600.1,471,19,870
263,600.1,527,79,870
168,600.1,337,277,870
468,600.1,337,135,1740
36,600.1,73,305,870
338,600.1,77,255,870
38,600.1,77,21,870
272,600.1,545,375,870
572,600.1,545,181,1740
161,600.1,323,3,870
461,600.1,323,289,1740
237,600.1,475,47,870
537,600.1,475,33,1740
190,600.1,381,363,870
490,600.1,381,61,1740
868,600.1,332,133,1740
748,600.1,92,151,1740
1048,600.1,92,45,1740
791,600.1,178,189,1740
754,600.1,104,407,1740
1040,600.1,76,203,1740
740,600.1,76,207,1740
998,600.1,592,145,1740
817,600.1,230,233,1740
658,600.1,219,299,1740
109,600.1,219,95,870
409,600.1,219,121,1740
93,600.1,187,63,870
642,600.1,187,185,1740
393,600.1,187,575,1740
588,600.1,577,167,1740
288,600.1,577,31,870
198,600.1,397,581,870
498,600.1,397,71,1740
671,600.1,245,231,1740
422,600.1,245,103,1740
142,600.1,285,537,870
691,600.1,285,115,1740
442,600.1,285,195,1740
157,600.1,315,117,870
457,600.1,315,157,1740
596,600.1,593,93,1740
88,600.1,177,183,870
388,600.1,177,149,1740
637,600.1,177,87,1740
911,600.1,418,229,1740
938,600.1,472,205,1740
942,600.1,480,173,1740
946,600.1,488,29,1740
993,600.1,582,395,1740
1001,600.1,598,429,1740
1003,600.1,2,211,1740
703,600.1,2,225,1740
991,600.1,578,597,1740
1010,600.1,16,306,1740
710,600.1,16,515,1740
861,600.1,318,99,1740
380,600.1,161,594,1740
80,600.1,161,163,870
629,600.1,161,51,1740
317,600.1,35,293,870
17,600.1,35,5,870
478,600.1,357,333,1740
178,600.1,357,81,870
760,600.1,116,17,1740
948,600.1,492,105,1740
988,600.1,572,113,1740
1000,600.1,596,125,1740
1035,600.1,66,111,1740
735,600.1,66,65,1740
488,600.1,377,539,1740
368,600.1,137,251,1740
617,600.1,137,287,1740
68,600.1,137,75,870
120,600.1,241,595,870
669,600.1,241,101,1740
420,600.1,241,169,1740
117,600.1,235,265,870
666,600.1,235,193,1740
417,600.1,235,461,1740
470,600.1,341,1,1740
170,600.1,341,199,870
594,600.1,589,473,1740
294,600.1,589,213,870
440,600.1,281,27,1740
140,600.1,281,311,870
689,600.1,281,239,1740
815,600.1,226,463,1740
804,600.1,204,457,1740
977,600.1,550,479,1740
746,600.1,88,339,1740
1046,600.1,88,197,1740
341,600.1,83,587,870
41,600.1,83,85,870
129,600.1,259,151,870
678,600.1,259,0,1740
429,600.1,259,295,1740
130,600.1,261,155,870
430,600.1,261,147,1740
679,600.1,261,175,1740
549,600.1,499,123,1740
249,600.1,499,237,870
1051,600.1,98,469,1740
751,600.1,98,109,1740
827,600.1,250,133,1740
839,600.1,274,79,1740
853,600.1,302,143,1740
150,600.1,301,277,870
699,600.1,301,263,1740
909,600.1,414,305,1740
763,600.1,122,255,1740
865,600.1,326,203,1740
963,600.1,522,260,1740
205,600.1,411,117,870
505,600.1,411,179,1740
1024,600.1,44,424,1740
724,600.1,44,209,1740
973,600.1,542,81,1740
731,600.1,58,299,1740
1031,600.1,58,131,1740
984,600.1,564,183,1740
812,600.1,220,167,1740
212,600.1,425,189,870
512,600.1,425,267,1740
424,600.1,249,20,1740
124,600.1,249,72,870
673,600.1,249,349,1740
540,600.1,481,205,1740
240,600.1,481,91,870
211,600.1,423,173,870
714,600.1,24,80,1740
1014,600.1,24,553,1740
814,600.1,224,407,1740
970,600.1,536,145,1740
136,600.1,273,29,870
685,600.1,273,139,1740
436,600.1,273,215,1740
243,600.1,487,429,870
543,600.1,487,405,1740
484,600.1,369,99,1740
456,600.1,313,597,1740
156,600.1,313,129,870
961,600.1,518,233,1740
890,600.1,376,239,1740
1032,600.1,60,78,1740
732,600.1,60,279,1740
1034,600.1,64,3,1740
734,600.1,64,307,1740
495,600.1,391,17,1740
195,600.1,391,221,870
842,600.1,280,105,1740
840,600.1,276,375,1740
779,600.1,154,363,1740
448,600.1,297,47,1740
148,600.1,297,211,870
697,600.1,297,247,1740
520,600.1,441,581,1740
220,600.1,441,168,870
158,600.1,317,93,870
458,600.1,317,257,1740
134,600.1,269,333,870
683,600.1,269,321,1740
434,600.1,269,327,1740
951,600.1,498,231,1740
479,600.1,359,537,1740
179,600.1,359,355,870
532,600.1,465,113,1740
986,600.1,568,595,1740
903,600.1,402,229,1740
295,600.1,591,155,870
595,600.1,591,399,1740
250,600.1,501,27,870
550,600.1,501,373,1740
208,600.1,417,111,870
508,600.1,417,419,1740
264,600.1,529,193,870
564,600.1,529,227,1740
175,600.1,351,473,870
475,600.1,351,489,1740
227,600.1,455,457,870
527,600.1,455,513,1740
833,600.1,262,395,1740
944,600.1,484,265,1740
1036,600.1,68,125,1740
736,600.1,68,165,1740
926,600.1,448,293,1740
521,600.1,443,515,1740
221,600.1,443,151,870
776,600.1,148,539,1740
830,600.1,256,251,1740
783,600.1,162,217,1740
218,600.1,437,1,870
518,600.1,437,463,1740
589,600.1,579,79,1740
289,600.1,579,479,870
162,600.1,325,123,870
462,600.1,325,543,1740
1050,600.1,96,469,1740
750,600.1,96,379,1740
1021,600.1,38,306,1740
721,600.1,38,459,1740
247,600.1,495,305,870
547,600.1,495,439,1740
248,600.1,497,277,870
548,600.1,497,493,1740
226,600.1,453,575,870
526,600.1,453,257,1740
586,600.1,573,117,1740
286,600.1,573,385,870
451,600.1,303,169,1740
151,600.1,303,143,870
700,600.1,303,409,1740
567,600.1,535,81,1740
267,600.1,535,191,870
491,600.1,383,133,1740
191,600.1,383,587,870
917,600.1,430,47,1740
720,600.1,36,29,1740
1020,600.1,36,599,1740
551,600.1,503,203,1740
251,600.1,503,427,870
454,600.1,309,211,1740
154,600.1,309,86,870
217,600.1,435,189,870
283,600.1,567,183,870
583,600.1,567,447,1740
907,600.1,410,429,1740
829,600.1,254,255,1740
972,600.1,540,299,1740
253,600.1,507,581,870
553,600.1,507,505,1740
515,600.1,431,11,1740
215,600.1,431,322,870
180,600.1,361,105,870
711,600.1,18,167,1740
1011,600.1,18,509,1740
927,600.1,450,3,1740
765,600.1,126,407,1740
897,600.1,390,107,1740
994,600.1,584,253,1740
820,600.1,236,17,1740
773,600.1,142,205,1740
164,600.1,329,173,870
464,600.1,329,291,1740
954,600.1,504,145,1740
1009,600.1,14,537,1740
709,600.1,14,521,1740
538,600.1,477,99,1740
238,600.1,477,53,870
749,600.1,94,594,1740
1049,600.1,94,401,1740
769,600.1,134,333,1740
704,600.1,4,93,1740
1004,600.1,4,555,1740
869,600.1,334,233,1740
1030,600.1,56,125,1740
730,600.1,56,583,1740
282,600.1,565,151,870
582,600.1,565,201,1740
1044,600.1,84,239,1740
744,600.1,84,243,1740
821,600.1,238,463,1740
928,600.1,452,571,1740
782,600.1,160,375,1740
983,600.1,562,363,1740
1013,600.1,22,595,1740
713,600.1,22,413,1740
725,600.1,46,469,1740
1025,600.1,46,433,1740
952,600.1,500,597,1740
974,600.1,544,479,1740
292,600.1,585,539,870
1007,600.1,10,231,1740
707,600.1,10,467,1740
962,600.1,520,155,1740
719,600.1,34,257,1740
1019,600.1,34,533,1740
949,600.1,494,229,1740
985,600.1,566,79,1740
722,600.1,40,515,1740
1022,600.1,40,547,1740
805,600.1,206,143,1740
966,600.1,528,113,1740
1029,600.1,54,251,1740
729,600.1,54,549,1740
892,600.1,380,293,1740
860,600.1,316,473,1740
816,600.1,228,225,1740
1017,600.1,30,395,1740
717,600.1,30,521,1740
1006,600.1,8,373,1740
706,600.1,8,0,1740
901,600.1,398,457,1740
819,600.1,234,47,1740
792,600.1,180,133,1740
987,600.1,570,111,1740
1048,1200.1,45,47,1740
322,1200.1,45,81,870
22,1200.1,45,93,870
291,1200.1,583,17,870
730,1200.1,583,117,1740
591,1200.1,583,155,1740
12,1200.1,25,111,870
1028,1200.1,25,99,1740
312,1200.1,25,29,870
109,1200.1,95,193,870
347,1200.1,95,229,870
37,1200.1,75,123,870
68,1200.1,75,145,870
337,1200.1,75,79,870
577,1200.1,555,151,1740
1004,1200.1,555,173,1740
277,1200.1,555,205,870
1046,1200.1,197,209,1740
398,1200.1,197,231,1740
647,1200.1,197,293,1740
133,1200.1,267,539,870
682,1200.1,267,429,1740
433,1200.1,267,305,1740
512,1200.1,267,363,1740
103,1200.1,207,595,870
652,1200.1,207,363,1740
403,1200.1,207,581,1740
740,1200.1,207,597,1740
616,1200.1,135,29,1740
67,1200.1,135,93,870
468,1200.1,135,205,1740
215,1200.1,322,229,870
863,1200.1,322,81,1740
544,1200.1,489,233,1740
244,1200.1,489,105,870
475,1200.1,489,5,1740
613,1200.1,129,597,1740
364,1200.1,129,581,1740
156,1200.1,129,1,870
64,1200.1,129,27,870
746,1200.1,339,5,1740
469,1200.1,339,293,1740
21,1200.1,43,537,870
524,1200.1,43,21,1740
321,1200.1,43,87,870
499,1200.1,399,107,1740
199,1200.1,399,133,870
595,1200.1,399,121,1740
45,1200.1,91,11,870
240,1200.1,91,113,870
345,1200.1,91,201,870
90,1200.1,181,239,870
572,1200.1,181,147,1740
639,1200.1,181,251,1740
390,1200.1,181,203,1740
576,1200.1,553,277,1740
276,1200.1,553,211,870
1014,1200.1,553,125,1740
381,1200.1,163,155,1740
80,1200.1,163,217,870
630,1200.1,163,279,1740
16,1200.1,33,305,870
537,1200.1,33,355,1740
316,1200.1,33,167,870
20,1200.1,41,467,870
320,1200.1,41,257,870
555,1200.1,41,189,1740
35,1200.1,71,117,870
498,1200.1,71,479,1740
662,1200.1,227,473,1740
564,1200.1,227,575,1740
113,1200.1,227,375,870
413,1200.1,227,225,1740
31,1200.1,63,255,870
93,1200.1,63,265,870
331,1200.1,63,407,870
342,1200.1,85,283,870
42,1200.1,85,457,870
41,1200.1,85,587,870
26,1200.1,53,291,870
326,1200.1,53,307,870
238,1200.1,53,469,870
325,1200.1,51,47,870
25,1200.1,51,333,870
629,1200.1,51,395,1740
54,1200.1,109,205,870
354,1200.1,109,405,1740
603,1200.1,109,547,1740
751,1200.1,109,121,1740
474,1200.1,349,231,1740
174,1200.1,349,27,870
673,1200.1,349,87,1740
29,1200.1,59,81,870
329,1200.1,59,167,870
559,1200.1,59,279,1740
33,1200.1,67,79,870
333,1200.1,67,143,870
459,1200.1,67,183,1740
530,1200.1,461,105,1740
417,1200.1,461,429,1740
230,1200.1,461,203,870
220,1200.1,168,145,870
768,1200.1,168,121,1740
873,1200.1,168,80,1740
786,1200.1,168,424,1740
267,1200.1,191,93,870
95,1200.1,191,395,870
395,1200.1,191,87,1740
644,1200.1,191,125,1740
554,1200.1,509,123,1740
254,1200.1,509,201,870
1011,1200.1,509,0,1740
509,1200.1,419,173,1740
209,1200.1,419,17,870
57,1200.1,115,99,870
357,1200.1,115,251,1740
606,1200.1,115,20,1740
691,1200.1,115,72,1740
173,1200.1,347,111,870
473,1200.1,347,189,1740
79,1200.1,347,78,870
519,1200.1,439,363,1740
219,1200.1,439,260,870
547,1200.1,439,306,1740
504,1200.1,409,209,1740
204,1200.1,409,21,870
700,1200.1,409,594,1740
192,1200.1,385,595,870
286,1200.1,385,72,870
131,1200.1,263,29,870
680,1200.1,263,147,1740
431,1200.1,263,306,1740
699,1200.1,263,7,1740
556,1200.1,513,539,1740
256,1200.1,513,225,870
527,1200.1,513,547,1740
9,1200.1,19,229,870
235,1200.1,19,279,870
309,1200.1,19,479,870
1015,1200.1,55,203,1740
27,1200.1,55,1,870
327,1200.1,55,183,870
423,1200.1,247,151,1740
123,1200.1,247,257,870
672,1200.1,247,407,1740
697,1200.1,247,469,1740
506,1200.1,413,5,1740
206,1200.1,413,211,870
713,1200.1,413,424,1740
163,1200.1,327,581,870
463,1200.1,327,217,1740
434,1200.1,327,457,1740
82,1200.1,165,375,870
736,1200.1,165,587,1740
382,1200.1,165,113,1740
631,1200.1,165,27,1740
348,1200.1,97,597,870
501,1200.1,97,333,1740
48,1200.1,97,167,870
78,1200.1,157,307,870
378,1200.1,157,355,1740
457,1200.1,157,405,1740
627,1200.1,157,143,1740
444,1200.1,289,265,1740
461,1200.1,289,201,1740
144,1200.1,289,80,870
693,1200.1,289,121,1740
546,1200.1,493,193,1740
246,1200.1,493,575,870
513,1200.1,427,133,1740
213,1200.1,427,547,870
251,1200.1,427,61,870
421,1200.1,243,293,1740
121,1200.1,243,253,870
670,1200.1,243,469,1740
744,1200.1,243,103,1740
332,1200.1,65,251,870
32,1200.1,65,217,870
735,1200.1,65,3,1740
229,1200.1,459,395,870
529,1200.1,459,457,1740
721,1200.1,459,31,1740
319,1200.1,39,479,870
19,1200.1,39,225,870
558,1200.1,39,87,1740
560,1200.1,521,93,1740
260,1200.1,521,167,870
709,1200.1,521,23,1740
717,1200.1,521,101,1740
435,1200.1,271,125,1740
135,1200.1,271,473,870
210,1200.1,271,594,870
684,1200.1,271,20,1740
118,1200.1,237,233,870
418,1200.1,237,27,1740
249,1200.1,237,131,870
667,1200.1,237,139,1740
87,1200.1,175,143,870
636,1200.1,175,189,1740
387,1200.1,175,183,1740
679,1200.1,175,107,1740
155,1200.1,311,407,870
140,1200.1,311,239,870
455,1200.1,311,0,1740
623,1200.1,149,537,1740
74,1200.1,149,145,870
374,1200.1,149,306,1740
388,1200.1,149,321,1740
655,1200.1,213,155,1740
294,1200.1,213,424,870
406,1200.1,213,169,1740
617,1200.1,287,113,1740
443,1200.1,287,547,1740
143,1200.1,287,333,870
692,1200.1,287,119,1740
147,1200.1,295,305,870
696,1200.1,295,429,1740
429,1200.1,295,185,1740
659,1200.1,221,205,1740
110,1200.1,221,279,870
195,1200.1,221,260,870
410,1200.1,221,299,1740
70,1200.1,89,121,870
344,1200.1,89,1,870
407,1200.1,215,255,1740
656,1200.1,215,11,1740
107,1200.1,215,211,870
436,1200.1,215,195,1740
561,1200.1,15,117,1740
307,1200.1,15,321,870
7,1200.1,15,277,870
4,1200.1,9,291,870
304,1200.1,9,72,870
565,1200.1,9,345,1740
574,1200.1,549,231,1740
274,1200.1,549,78,870
729,1200.1,549,379,1740
566,1200.1,533,47,1740
266,1200.1,533,405,870
1019,1200.1,533,103,1740
411,1200.1,223,81,1740
193,1200.1,223,105,870
660,1200.1,223,283,1740
111,1200.1,223,505,870
599,1200.1,599,167,1740
299,1200.1,599,179,870
1020,1200.1,599,199,1740
486,1200.1,373,17,1740
1006,1200.1,373,467,1740
186,1200.1,373,401,870
550,1200.1,373,433,1740
571,1200.1,543,147,1740
271,1200.1,543,87,870
462,1200.1,543,447,1740
257,1200.1,515,253,870
557,1200.1,515,21,1740
521,1200.1,515,469,1740
722,1200.1,515,587,1740
710,1200.1,515,463,1740
285,1200.1,571,173,870
928,1200.1,571,257,1740
225,1200.1,571,80,870
585,1200.1,571,101,1740
745,1200.1,86,79,1740
154,1200.1,86,594,870
1045,1200.1,86,31,1740
50,1800.1,101,123,870
585,1800.1,101,47,1740
669,1800.1,101,211,1740
717,1800.1,101,3,1740
69,1800.1,139,229,870
685,1800.1,139,203,1740
618,1800.1,139,111,1740
11,1800.1,23,5,870
1026,1800.1,23,255,1740
709,1800.1,23,405,1740
633,1800.1,169,113,1740
384,1800.1,169,205,1740
451,1800.1,169,125,1740
420,1800.1,169,167,1740
406,1800.1,169,29,1740
638,1800.1,179,147,1740
505,1800.1,179,155,1740
89,1800.1,179,217,870
299,1800.1,179,233,870
389,1800.1,179,305,1740
648,1800.1,199,333,1740
399,1800.1,199,375,1740
99,1800.1,199,479,870
1020,1800.1,199,537,1740
608,1800.1,119,395,1740
59,1800.1,119,407,870
359,1800.1,119,539,1740
692,1800.1,119,173,1740
465,1800.1,119,99,1740
477,1800.1,355,185,1740
378,1800.1,355,3,1740
179,1800.1,355,363,870
177,1800.1,355,293,870
3,1800.1,7,537,870
699,1800.1,7,405,1740
303,1800.1,7,81,870
281,1800.1,7,133,870
30,1800.1,61,111,870
490,1800.1,61,105,1740
251,1800.1,61,145,870
273,1800.1,547,479,870
213,1800.1,547,151,870
527,1800.1,547,429,1740
603,1800.1,547,231,1740
443,1800.1,547,581,1740
288,1800.1,31,189,870
315,1800.1,31,595,870
15,1800.1,31,133,870
721,1800.1,31,99,1740
1045,1800.1,31,581,1740
200,1800.1,401,473,870
1049,1800.1,401,1,1740
500,1800.1,401,103,1740
186,1800.1,401,27,870
614,1800.1,131,305,1740
365,1800.1,131,375,1740
65,1800.1,131,211,870
249,1800.1,131,21,870
472,1800.1,345,255,1740
172,1800.1,345,587,870
242,1800.1,345,107,870
565,1800.1,345,193,1740
489,1800.1,379,469,1740
750,1800.1,379,209,1740
729,1800.1,379,11,1740
189,1800.1,379,201,870
516,1800.1,433,217,1740
216,1800.1,433,225,870
1025,1800.1,433,239,1740
550,1800.1,433,253,1740
552,1800.1,505,27,1740
111,1800.1,505,257,870
553,1800.1,505,265,1740
252,1800.1,505,251,870
397,1800.1,195,93,1740
97,1800.1,195,233,870
436,1800.1,195,87,1740
442,1800.1,195,121,1740
531,1800.1,463,173,1740
821,1800.1,463,307,1740
231,1800.1,463,291,870
518,1800.1,463,299,1740
815,1800.1,463,321,1740
733,1800.1,463,457,1740
979,1800.1,463,447,1740
778,1800.1,463,467,1740
710,1800.1,463,575,1740
772,1800.1,463,277,1740
1041,1800.1,78,121,1740
79,1800.1,78,279,870
741,1800.1,78,283,1740
1032,1800.1,78,193,1740
274,1800.1,78,183,870
914,1800.1,424,277,1740
294,1800.1,424,17,870
786,1800.1,424,79,1740
713,1800.1,424,143,1740
1024,1800.1,424,597,1740
716,1800.1,424,117,1740
832,1800.1,260,125,1740
963,1800.1,260,99,1740
195,1800.1,260,581,870
176,1800.1,260,117,870
982,1800.1,260,0,1740
1012,1800.1,20,539,1740
424,1800.1,20,29,1740
1016,1800.1,20,145,1740
1008,1800.1,20,575,1740
684,1800.1,20,80,1740
718,1800.1,20,594,1740
855,1800.1,306,167,1740
1021,1800.1,306,429,1740
1010,1800.1,306,231,1740
921,1800.1,306,597,1740
723,1800.1,306,183,1740
374,1800.1,306,72,1740
547,1800.1,306,143,1740
431,1800.1,306,594,1740
523,2400.1,447,205,1740
223,2400.1,447,3,870
583,2400.1,447,29,1740
979,2400.1,447,333,1740
462,2400.1,447,5,1740
343,2400.1,87,113,870
271,2400.1,87,211,870
395,2400.1,87,93,1740
558,2400.1,87,595,1740
673,2400.1,87,47,1740
43,2400.1,87,79,870
321,2400.1,87,99,870
637,2400.1,87,147,1740
436,2400.1,87,167,1740
439,2400.1,279,375,1740
110,2400.1,279,151,870
139,2400.1,279,217,870
732,2400.1,279,189,1740
235,2400.1,279,225,870
79,2400.1,279,229,870
559,2400.1,279,251,1740
630,2400.1,279,233,1740
688,2400.1,279,257,1740
642,2400.1,185,469,1740
92,2400.1,185,283,870
477,2400.1,185,291,1740
429,2400.1,185,307,1740
392,2400.1,185,293,1740
461,2400.1,201,395,1740
400,2400.1,201,537,1740
100,2400.1,201,473,870
189,2400.1,201,167,870
254,2400.1,201,363,870
582,2400.1,201,27,1740
345,2400.1,201,111,870
51,2400.1,103,147,870
500,2400.1,103,233,1740
600,2400.1,103,5,1740
351,2400.1,103,257,1740
1019,2400.1,103,363,1740
744,2400.1,103,117,1740
460,2400.1,321,587,1740
160,2400.1,321,467,870
307,2400.1,321,145,870
388,2400.1,321,155,1740
683,2400.1,321,305,1740
815,2400.1,321,17,1740
702,2400.1,0,265,1740
1002,2400.1,0,539,1740
982,2400.1,0,203,1740
1011,2400.1,0,81,1740
706,2400.1,0,299,1740
241,2400.1,0,581,870
678,2400.1,0,105,1740
310,2400.1,21,251,870
557,2400.1,21,277,1740
10,2400.1,21,123,870
204,2400.1,21,133,870
38,2400.1,21,255,870
249,2400.1,21,429,870
502,2400.1,405,121,1740
543,2400.1,405,231,1740
202,2400.1,405,111,870
266,2400.1,405,27,870
709,2400.1,405,105,1740
457,2400.1,405,125,1740
354,2400.1,405,581,1740
699,2400.1,405,1,1740
287,2400.1,575,189,870
246,2400.1,575,293,870
587,2400.1,575,107,1740
226,2400.1,575,11,870
564,2400.1,575,193,1740
393,2400.1,575,209,1740
710,2400.1,575,239,1740
1008,2400.1,575,457,1740
675,2400.1,253,225,1740
257,2400.1,253,229,870
121,2400.1,253,333,870
994,2400.1,253,79,1740
126,2400.1,253,1,870
426,2400.1,253,143,1740
550,2400.1,253,173,1740
999,2400.1,594,473,1740
749,2400.1,594,117,1740
154,2400.1,594,597,870
700,2400.1,594,183,1740
380,2400.1,594,407,1740
431,2400.1,594,479,1740
976,2400.1,594,72,1740
718,2400.1,594,80,1740
453,3000.1,307,113,1740
821,3000.1,307,117,1740
153,3000.1,307,121,870
326,3000.1,307,145,870
78,3000.1,307,155,870
429,3000.1,307,193,1740
734,3000.1,307,203,1740
504,3000.1,209,211,1740
104,3000.1,209,217,870
404,3000.1,209,277,1740
1046,3000.1,209,225,1740
724,3000.1,209,255,1740
750,3000.1,209,233,1740
653,3000.1,209,333,1740
393,3000.1,209,257,1740
533,3000.1,467,469,1740
1006,3000.1,467,265,1740
233,3000.1,467,299,870
160,3000.1,467,251,870
707,3000.1,467,395,1740
778,3000.1,467,407,1740
20,3000.1,467,587,870
284,3000.1,107,203,870
897,3000.1,107,193,1740
602,3000.1,107,257,1740
499,3000.1,107,587,1740
587,3000.1,107,595,1740
679,3000.1,107,189,1740
53,3000.1,107,27,870
305,3000.1,11,291,870
45,3000.1,11,29,870
515,3000.1,11,231,1740
656,3000.1,11,47,1740
729,3000.1,11,79,1740
226,3000.1,11,123,870
5,3000.1,11,99,870
301,3000.1,3,457,870
1,3000.1,3,1,870
223,3000.1,3,147,870
161,3000.1,3,151,870
927,3000.1,3,173,1740
378,3000.1,3,229,1740
967,3000.1,3,305,1740
735,3000.1,3,537,1740
6,3000.1,3,363,870
854,3000.1,3,375,1740
1034,3000.1,3,429,1740
119,3000.1,239,333,870
90,3000.1,239,167,870
140,3000.1,239,133,870
419,3000.1,239,283,1740
710,3000.1,239,473,1740
890,3000.1,239,539,1740
1025,3000.1,239,581,1740
1044,3000.1,239,597,1740
668,3000.1,239,17,1740
1042,3000.1,80,375,1740
742,3000.1,80,363,1740
726,3000.1,80,429,1740
63,3000.1,80,81,870
714,3000.1,80,143,1740
471,3000.1,80,183,1740
144,3000.1,80,93,870
873,3000.1,80,105,1740
225,3000.1,80,205,870
708,3000.1,80,293,1740
718,3000.1,80,111,1740
705,3000.1,80,17,1740
684,3000.1,80,5,1740
1038,3000.1,72,395,1740
976,3000.1,72,407,1740
738,3000.1,72,537,1740
374,3000.1,72,27,1740
304,3000.1,72,125,870
124,3000.1,72,479,870
385,3000.1,72,5,1740
570,3000.1,72,597,1740
936,3000.1,72,17,1740
691,3000.1,72,111,1740
286,3000.1,72,293,870
301,3600.1,457,203,870
901,3600.1,457,193,1740
528,3600.1,457,1,1740
529,3600.1,457,217,1740
804,3600.1,457,407,1740
228,3600.1,457,47,870
483,3600.1,457,291,1740
278,3600.1,457,255,870
227,3600.1,457,121,870
766,3600.1,457,145,1740
857,3600.1,457,151,1740
42,3600.1,457,205,870
1008,3600.1,457,189,1740
105,3600.1,211,257,870
454,3600.1,211,225,1740
405,3600.1,211,251,1740
504,3600.1,211,299,1740
271,3600.1,211,587,870
65,3600.1,211,189,870
669,3600.1,211,205,1740
881,3600.1,211,29,1740
1003,3600.1,211,79,1740
107,3600.1,211,123,870
206,3600.1,211,27,870
148,3600.1,211,81,870
654,3600.1,211,147,1740
416,3600.1,233,105,1740
869,3600.1,233,117,1740
116,3600.1,233,229,870
118,3600.1,233,283,870
97,3600.1,233,99,870
544,3600.1,233,231,1740
665,3600.1,233,155,1740
750,3600.1,233,111,1740
167,3600.1,233,265,870
961,3600.1,233,333,1740
500,3600.1,233,375,1740
299,3600.1,233,173,870
978,3600.1,233,277,1740
817,3600.1,233,429,1740
630,3600.1,233,125,1740
605,3600.1,113,473,1740
453,3600.1,113,133,1740
493,3600.1,113,305,1740
966,3600.1,113,469,1740
343,3600.1,113,125,870
617,3600.1,113,363,1740
633,3600.1,113,151,1740
532,3600.1,113,145,1740
988,3600.1,113,277,1740
774,3600.1,113,429,1740
356,3600.1,113,143,1740
382,3600.1,113,5,1740
916,3600.1,113,183,1740
240,3600.1,113,93,870
807,3600.1,113,395,1740
590,3600.1,581,1,1740
290,3600.1,581,255,870
253,3600.1,581,121,870
163,3600.1,581,27,870
354,3600.1,581,81,1740
520,3600.1,581,479,1740
443,3600.1,581,167,1740
195,3600.1,581,537,870
403,3600.1,581,17,1740
634,3600.1,581,293,1740
364,3600.1,581,539,1740
1025,3600.1,581,595,1740
241,3600.1,581,597,870
962,4200.1,155,93,1740
381,4200.1,155,193,1740
295,4200.1,155,265,870
655,4200.1,155,595,1740
77,4200.1,155,225,870
78,4200.1,155,203,870
388,4200.1,155,305,1740
130,4200.1,155,407,870
377,4200.1,155,299,1740
758,4200.1,155,587,1740
665,4200.1,155,17,1740
626,4200.1,155,5,1740
207,4200.1,155,123,870
408,4200.1,217,363,1740
516,4200.1,217,145,1740
783,4200.1,217,27,1740
529,4200.1,217,257,1740
32,4200.1,217,47,870
104,4200.1,217,251,870
108,4200.1,217,469,870
139,4200.1,217,81,870
89,4200.1,217,133,870
80,4200.1,217,151,870
635,4200.1,173,123,1740
211,4200.1,173,231,870
285,4200.1,173,283,870
164,4200.1,173,293,870
531,4200.1,173,277,1740
386,4200.1,173,255,1740
86,4200.1,173,375,870
509,4200.1,173,99,1740
874,4200.1,173,395,1740
942,4200.1,173,125,1740
927,4200.1,173,429,1740
777,4200.1,173,537,1740
299,4200.1,173,5,870
692,4200.1,173,117,1740
999,4200.1,473,587,1740
605,4200.1,473,537,1740
200,4200.1,473,5,870
100,4200.1,473,299,870
236,4200.1,473,17,870
860,4200.1,473,291,1740
135,4200.1,473,117,870
662,4200.1,473,29,1740
175,4200.1,473,121,870
945,4200.1,473,147,1740
594,4200.1,473,189,1740
1018,4200.1,473,229,1740
808,4200.1,473,539,1740
710,4200.1,473,79,1740
969,4200.1,473,105,1740
273,4200.1,479,225,870
239,4200.1,479,407,870
520,4200.1,479,111,1740
974,4200.1,479,183,1740
539,4200.1,479,205,1740
977,4200.1,479,597,1740
841,4200.1,479,105,1740
289,4200.1,479,1,870
124,4200.1,479,143,870
498,4200.1,479,167,1740
309,4200.1,479,333,870
319,4200.1,479,79,870
431,4200.1,479,539,1740
99,4200.1,479,151,870
810,4200.1,479,229,1740
132,4800.1,265,93,870
1006,4800.1,265,305,1740
444,4800.1,265,299,1740
702,4800.1,265,151,1740
681,4800.1,265,193,1740
295,4800.1,265,29,870
944,4800.1,265,333,1740
117,4800.1,265,1,870
553,4800.1,265,81,1740
432,4800.1,265,183,1740
650,4800.1,203,395,1740
401,4800.1,203,99,1740
301,4800.1,203,251,870
551,4800.1,203,189,1740
101,4800.1,203,255,870
685,4800.1,203,587,1740
78,4800.1,203,167,870
284,4800.1,203,125,870
865,4800.1,203,257,1740
541,4800.1,203,469,1740
1040,4800.1,203,539,1740
390,4800.1,203,283,1740
982,4800.1,203,79,1740
734,4800.1,203,277,1740
224,4800.1,203,117,870
360,4800.1,121,79,1740
1041,4800.1,121,277,1740
609,4800.1,121,257,1740
502,4800.1,121,81,1740
253,4800.1,121,117,870
60,4800.1,121,147,870
175,4800.1,121,27,870
153,4800.1,121,17,870
693,4800.1,121,291,1740
768,4800.1,121,363,1740
70,4800.1,121,205,870
442,4800.1,121,5,1740
227,4800.1,121,429,870
655,4800.1,595,1,1740
192,4800.1,595,597,870
597,4800.1,595,47,1740
986,4800.1,595,111,1740
1013,4800.1,595,145,1740
315,4800.1,595,105,870
120,4800.1,595,133,870
887,4800.1,595,225,1740
262,4800.1,595,375,870
103,4800.1,595,231,870
883,4800.1,595,229,1740
796,4800.1,595,429,1740
1025,4800.1,595,123,1740
558,4800.1,595,407,1740
297,4800.1,595,143,870
587,4800.1,595,293,1740
826,4800.1,595,537,1740
762,4800.1,595,537,1740
645,5400.1,193,147,1740
901,5400.1,193,5,1740
546,5400.1,193,133,1740
681,5400.1,193,151,1740
897,5400.1,193,125,1740
381,5400.1,193,277,1740
264,5400.1,193,145,870
96,5400.1,193,283,870
1032,5400.1,193,251,1740
109,5400.1,193,299,870
396,5400.1,193,189,1740
565,5400.1,193,305,1740
666,5400.1,193,255,1740
234,5400.1,469,299,870
533,5400.1,469,395,1740
489,5400.1,469,407,1740
966,5400.1,469,363,1740
521,5400.1,469,81,1740
725,5400.1,469,587,1740
108,5400.1,469,255,870
541,5400.1,469,93,1740
642,5400.1,469,105,1740
670,5400.1,469,1,1740
1051,5400.1,469,205,1740
1050,5400.1,469,27,1740
697,5400.1,469,291,1740
105,5400.1,257,251,870
428,5400.1,257,597,1740
609,5400.1,257,29,1740
602,5400.1,257,143,1740
526,5400.1,257,99,1740
719,5400.1,257,117,1740
865,5400.1,257,167,1740
928,5400.1,257,229,1740
677,5400.1,257,47,1740
529,5400.1,257,231,1740
351,5400.1,257,225,1740
458,5400.1,257,293,1740
393,5400.1,257,375,1740
123,5400.1,257,111,870
688,5400.1,257,539,1740
568,5400.1,537,305,1740
268,5400.1,537,189,870
605,5400.1,537,539,1740
738,5400.1,537,291,1740
3,5400.1,537,79,870
623,5400.1,537,183,1740
400,5400.1,537,333,1740
1009,5400.1,537,27,1740
142,5400.1,537,123,870
21,5400.1,537,17,870
370,5400.1,537,429,1740
777,5400.1,537,111,1740
195,5400.1,537,205,870
735,5400.1,537,293,1740
578,5400.1,537,375,1740
479,5400.1,537,225,1740
762,5400.1,537,429,1740
788,5400.1,537,111,1740
1033,5400.1,537,1,1740
1020,5400.1,537,231,1740
826,5400.1,537,47,1740
132,6000.1,93,333,870
397,6000.1,93,111,1740
704,6000.1,93,17,1740
962,6000.1,93,429,1740
346,6000.1,93,231,870
596,6000.1,93,29,1740
267,6000.1,93,363,870
560,6000.1,93,81,1740
965,6000.1,93,125,1740
541,6000.1,93,133,1740
67,6000.1,93,151,870
240,6000.1,93,47,870
395,6000.1,93,205,1740
334,6000.1,93,277,870
445,6000.1,291,229,1740
305,6000.1,291,283,870
860,6000.1,291,299,1740
477,6000.1,291,167,1740
145,6000.1,291,1,870
738,6000.1,291,27,1740
4,6000.1,291,305,870
231,6000.1,291,99,870
693,6000.1,291,123,1740
483,6000.1,291,143,1740
26,6000.1,291,145,870
464,6000.1,291,251,1740
697,6000.1,291,293,1740
127,6000.1,255,587,870
290,6000.1,255,375,870
472,6000.1,255,407,1740
407,6000.1,255,225,1740
338,6000.1,255,395,870
427,6000.1,255,277,1740
31,6000.1,255,183,870
108,6000.1,255,5,870
101,6000.1,255,79,870
763,6000.1,255,105,1740
386,6000.1,255,597,1740
829,6000.1,255,117,1740
38,6000.1,255,189,870
666,6000.1,255,539,1740
676,6000.1,255,147,1740
724,6000.1,255,205,1740
278,6000.1,255,293,870
1026,6000.1,255,47,1740
1047,6000.1,255,151,1740
115,6600.1,231,105,870
574,6600.1,231,133,1740
211,6600.1,231,81,870
1007,6600.1,231,5,1740
346,6600.1,231,17,870
474,6600.1,231,47,1740
951,6600.1,231,29,1740
515,6600.1,231,189,1740
1010,6600.1,231,117,1740
544,6600.1,231,125,1740
664,6600.1,231,251,1740
103,6600.1,231,283,870
671,6600.1,231,293,1740
543,6600.1,231,299,1740
529,6600.1,231,151,1740
838,6600.1,231,587,1740
398,6600.1,231,183,1740
1020,6600.1,231,205,1740
119,6600.1,333,375,870
132,6600.1,333,395,870
648,6600.1,333,111,1740
466,6600.1,333,123,1740
121,6600.1,333,225,870
400,6600.1,333,229,1740
769,6600.1,333,1,1740
944,6600.1,333,597,1740
134,6600.1,333,27,870
309,6600.1,333,79,870
25,6600.1,333,167,870
143,6600.1,333,429,870
501,6600.1,333,147,1740
979,6600.1,333,305,1740
510,6600.1,333,145,1740
653,6600.1,333,277,1740
961,6600.1,333,363,1740
478,6600.1,333,539,1740
964,6600.1,333,99,1740
71,6600.1,143,587,870
371,6600.1,143,205,1740
620,6600.1,143,293,1740
627,6600.1,143,539,1740
297,6600.1,143,363,870
805,6600.1,143,277,1740
853,6600.1,143,145,1740
151,6600.1,143,305,870
87,6600.1,143,151,870
602,6600.1,143,407,1740
535,6600.1,143,183,1740
483,6600.1,143,99,1740
426,6600.1,143,147,1740
245,6600.1,143,299,870
714,6600.1,143,283,1740
943,6600.1,143,251,1740
124,6600.1,143,125,870
579,6600.1,143,167,1740
713,6600.1,143,429,1740
566,7200.1,47,151,1740
819,7200.1,47,29,1740
597,7200.1,47,27,1740
323,7200.1,47,81,870
474,7200.1,47,133,1740
656,7200.1,47,123,1740
448,7200.1,47,167,1740
32,7200.1,47,125,870
325,7200.1,47,205,870
237,7200.1,47,145,870
917,7200.1,47,189,1740
228,7200.1,47,407,870
673,7200.1,47,117,1740
1026,7200.1,47,17,1740
908,7200.1,47,395,1740
619,7200.1,47,99,1740
1048,7200.1,47,183,1740
859,7200.1,47,299,1740
677,7200.1,47,5,1740
585,7200.1,47,251,1740
514,7200.1,429,395,1740
214,7200.1,429,251,870
962,7200.1,429,5,1740
243,7200.1,429,1,870
370,7200.1,429,111,1740
817,7200.1,429,587,1740
1021,7200.1,429,293,1740
1001,7200.1,429,147,1740
696,7200.1,429,363,1740
1043,7200.1,429,375,1740
878,7200.1,429,283,1740
726,7200.1,429,99,1740
774,7200.1,429,299,1740
363,7200.1,429,225,1740
682,7200.1,429,229,1740
927,7200.1,429,597,1740
822,7200.1,429,277,1740
227,7200.1,429,105,870
249,7200.1,429,79,870
762,7200.1,429,539,1740
614,7200.1,305,145,1740
452,7200.1,305,205,1740
568,7200.1,305,183,1740
4,7200.1,305,17,870
1006,7200.1,305,117,1740
909,7200.1,305,299,1740
247,7200.1,305,99,870
16,7200.1,305,407,870
683,7200.1,305,539,1740
979,7200.1,305,79,1740
493,7200.1,305,105,1740
151,7200.1,305,277,870
152,7200.1,305,597,870
36,7200.1,305,229,870
967,7200.1,305,225,1740
137,7200.1,305,363,870
832,7800.1,125,363,1740
611,7800.1,125,151,1740
62,7800.1,125,29,870
435,7800.1,125,189,1740
1030,7800.1,125,225,1740
897,7800.1,125,133,1740
457,7800.1,125,145,1740
544,7800.1,125,27,1740
343,7800.1,125,79,870
451,7800.1,125,99,1740
644,7800.1,125,167,1740
32,7800.1,125,117,870
1000,7800.1,125,229,1740
284,7800.1,125,293,870
1036,7800.1,125,123,1740
965,7800.1,125,147,1740
124,7800.1,125,277,870
852,7800.1,125,375,1740
942,7800.1,125,407,1740
302,7800.1,5,277,870
626,7800.1,5,407,1740
200,7800.1,5,123,870
462,7800.1,5,147,1740
11,7800.1,5,17,870
901,7800.1,5,111,1740
506,7800.1,5,251,1740
962,7800.1,5,1,1740
1007,7800.1,5,105,1740
108,7800.1,5,283,870
2,7800.1,5,539,870
677,7800.1,5,395,1740
746,7800.1,5,299,1740
382,7800.1,5,205,1740
298,7800.1,597,189,870
598,7800.1,597,133,1740
428,7800.1,597,183,1740
348,7800.1,597,167,870
192,7800.1,597,375,870
456,7800.1,597,81,1740
952,7800.1,597,587,1740
977,7800.1,597,205,1740
944,7800.1,597,293,1740
991,7800.1,597,117,1740
154,7800.1,597,229,870
241,7800.1,597,299,870
152,7800.1,597,539,870
880,7800.1,597,99,1740
931,7800.1,597,79,1740
1024,7800.1,597,145,1740
921,7800.1,597,225,1740
570,7800.1,597,395,1740
927,7800.1,597,27,1740
386,7800.1,597,283,1740
613,7800.1,597,395,1740
305,8400.1,283,299,870
92,8400.1,283,1,870
141,8400.1,283,145,870
441,8400.1,283,29,1740
285,8400.1,283,17,870
118,8400.1,283,189,870
342,8400.1,283,293,870
714,8400.1,283,117,1740
108,8400.1,283,151,870
103,8400.1,283,363,870
660,8400.1,283,229,1740
386,8400.1,283,99,1740
741,8400.1,283,375,1740
419,8400.1,283,147,1740
390,8400.1,283,407,1740
878,8400.1,283,27,1740
598,8400.1,133,539,1740
66,8400.1,133,407,870
574,8400.1,133,105,1740
546,8400.1,133,277,1740
792,8400.1,133,79,1740
513,8400.1,133,81,1740
491,8400.1,133,123,1740
897,8400.1,133,167,1740
140,8400.1,133,395,870
474,8400.1,133,205,1740
787,8400.1,133,225,1740
199,8400.1,133,251,870
89,8400.1,133,27,870
453,8400.1,133,587,1740
827,8400.1,133,183,1740
868,8400.1,133,111,1740
120,8400.1,133,147,870
541,8400.1,133,375,1740
898,8400.1,133,99,1740
281,8400.1,133,363,870
366,8400.1,133,99,1740
204,8400.1,133,99,870
203,9000.1,407,225,870
273,9000.1,225,27,870
203,9000.1,225,99,870
675,9000.1,225,117,1740
454,9000.1,225,1,1740
816,9000.1,225,29,1740
112,9000.1,225,183,870
661,9000.1,225,395,1740
407,9000.1,225,17,1740
77,9000.1,225,151,870
1030,9000.1,225,293,1740
121,9000.1,225,111,870
19,9000.1,225,587,870
413,9000.1,225,123,1740
967,9000.1,225,229,1740
412,9000.1,225,299,1740
351,9000.1,225,363,1740
887,9000.1,225,277,1740
787,9000.1,225,375,1740
216,9000.1,225,167,870
479,9000.1,225,81,1740
363,9000.1,225,205,1740
1046,9000.1,225,539,1740
921,9000.1,225,79,1740
310,9000.1,251,145,870
105,9000.1,251,375,870
214,9000.1,251,147,870
943,9000.1,251,189,1740
506,9000.1,251,105,1740
125,9000.1,251,79,870
1029,9000.1,251,81,1740
332,9000.1,251,205,870
160,9000.1,251,167,870
830,9000.1,251,539,1740
664,9000.1,251,277,1740
405,9000.1,251,299,1740
301,9000.1,251,363,870
357,9000.1,251,229,1740
368,9000.1,251,123,1740
199,9000.1,251,587,870
104,9000.1,251,123,870
1032,9000.1,251,229,1740
425,9000.1,251,277,1740
674,9000.1,251,363,1740
882,9000.1,251,111,1740
197,9600.1,395,147,870
214,9600.1,147,29,870
197,9600.1,147,229,870
622,9600.1,147,299,1740
645,9600.1,147,167,1740
51,9600.1,147,587,870
60,9600.1,147,79,870
223,9600.1,147,105,870
571,9600.1,147,293,1740
501,9600.1,147,17,1740
462,9600.1,147,81,1740
638,9600.1,147,99,1740
1001,9600.1,147,539,1740
120,9600.1,147,111,870
637,9600.1,147,117,1740
965,9600.1,147,123,1740
945,9600.1,147,205,1740
419,9600.1,147,151,1740
430,9600.1,147,277,1740
426,9600.1,147,189,1740
73,9600.1,147,1,870
654,9600.1,147,27,1740
141,9600.1,145,363,870
372,9600.1,145,27,1740
310,9600.1,145,375,870
516,9600.1,145,205,1740
307,9600.1,145,277,870
954,9600.1,145,189,1740
1013,9600.1,145,407,1740
532,9600.1,145,151,1740
220,9600.1,145,123,870
853,9600.1,145,117,1740
72,9600.1,145,111,870
970,9600.1,145,99,1740
998,9600.1,145,81,1740
74,9600.1,145,17,870
614,9600.1,145,123,1740
1016,9600.1,145,183,1740
621,9600.1,145,117,1740
510,9600.1,145,1,1740
924,9600.1,145,81,1740
237,9600.1,145,111,870
251,9600.1,145,17,870
1024,9600.1,145,99,1740
457,9600.1,145,151,1740
939,9600.1,145,293,1740
264,9600.1,145,111,870
26,9600.1,145,81,870
326,9600.1,145,407,870
269,10200.1,539,151,870
58,10200.1,117,99,870
586,10200.1,117,167,1740
1006,10200.1,117,189,1740
675,10200.1,117,111,1740
35,10200.1,117,81,870
869,10200.1,117,407,1740
253,10200.1,117,17,870
561,10200.1,117,375,1740
224,10200.1,117,79,870
205,10200.1,117,205,870
692,10200.1,117,299,1740
821,10200.1,117,277,1740
853,10200.1,117,123,1740
1010,10200.1,117,105,1740
749,10200.1,117,395,1740
135,10200.1,117,1,870
32,10200.1,117,363,870
829,10200.1,117,27,1740
621,10200.1,117,29,1740
991,10200.1,117,229,1740
714,10200.1,117,293,1740
719,10200.1,117,587,1740
730,10200.1,117,587,1740
157,10200.1,117,293,870
716,10200.1,117,229,1740
637,10200.1,117,29,1740
673,10200.1,117,183,1740
91,10800.1,183,105,870
695,10800.1,293,123,1740
620,10800.1,293,229,1740
446,10800.1,293,111,1740
571,10800.1,293,81,1740
926,10800.1,293,1,1740
892,10800.1,293,189,1740
755,10800.1,293,277,1740
1030,10800.1,293,79,1740
342,10800.1,293,99,870
164,10800.1,293,375,870
246,10800.1,293,151,870
1021,10800.1,293,17,1740
157,10800.1,293,363,870
458,10800.1,293,29,1740
146,10800.1,293,205,870
421,10800.1,293,539,1740
587,10800.1,293,167,1740
714,10800.1,293,395,1740
317,10800.1,293,407,870
177,10800.1,293,407,870
469,10800.1,293,395,1740
944,10800.1,293,167,1740
278,10800.1,293,539,870
824,10800.1,293,587,1740
671,10800.1,293,27,1740
647,10800.1,293,205,1740
735,10800.1,293,29,1740
939,10800.1,293,299,1740
284,10800.1,293,105,870
40,11400.1,81,3,870
293,11400.1,587,205,870
181,11400.1,363,395,870
13,11400.1,27,17,870
272,11400.1,375,189,870
283,11400.1,183,79,870
82,11400.1,375,407,870
138,11400.1,277,299,870
262,11400.1,375,229,870
187,11400.1,375,105,870
88,11400.1,183,539,870
332,12000.1,205,3,870
191,12000.1,587,111,870
52,12000.1,105,3,870
149,12000.1,299,539,870
54,12000.1,205,99,870
325,12000.1,205,407,870
341,12000.1,587,375,870
42,12000.1,205,183,870
349,12600.1,99,3,870
292,12600.1,539,299,870
162,12600.1,123,105,870
61,12600.1,123,111,870
270,12600.1,539,375,870
347,12600.1,229,17,870
234,12600.1,299,27,870
305,12600.1,299,151,870
444,12600.1,299,79,1740
292,12600.1,299,587,870
504,12600.1,299,277,1740
698,12600.1,299,105,1740
860,12600.1,299,167,1740
138,12600.1,299,395,870
518,12600.1,299,205,1740
981,12600.1,299,407,1740
622,12600.1,299,1,1740
412,12600.1,299,189,1740
731,12600.1,299,81,1740
972,12600.1,299,29,1740
100,12600.1,299,363,870
746,12600.1,299,189,1740
909,12600.1,299,183,1740
449,12600.1,299,363,1740
692,12600.1,299,407,1740
543,12600.1,299,375,1740
233,12600.1,299,81,870
241,12600.1,299,17,870
774,12600.1,299,1,1740
859,12600.1,299,111,1740
939,12600.1,299,1,1740
405,12600.1,299,81,1740
308,13200.1,17,3,870
146,13200.1,205,81,870
132,13200.1,395,587,870
0,13200.1,1,167,870
8,13200.1,17,79,870
229,13200.1,395,111,870
338,13200.1,395,151,870
205,13200.1,205,539,870
95,13200.1,395,183,870
37,13200.1,123,27,870
30,13800.1,111,17,870
208,13800.1,111,151,870
168,13800.1,277,1,870
173,13800.1,111,189,870
340,13800.1,81,407,870
12,13800.1,111,375,870
11,13800.1,17,123,870
30,13800.1,17,105,870
4,13800.1,17,99,870
820,13800.1,17,3,1740
13,13800.1,17,229,870
285,13800.1,17,167,870
253,13800.1,17,27,870
704,13800.1,17,363,1740
1021,13800.1,17,205,1740
346,13800.1,17,183,870
236,13800.1,17,395,870
495,13800.1,17,539,1740
407,13800.1,17,27,1740
486,13800.1,17,189,1740
209,13800.1,17,539,870
291,13800.1,17,29,870
74,13800.1,17,395,870
815,13800.1,17,1,1740
760,13800.1,17,29,1740
930,13800.1,17,151,1740
159,13800.1,17,363,870
21,13800.1,17,363,870
347,13800.1,17,79,870
403,13800.1,17,189,1740
153,13800.1,17,375,870
241,13800.1,17,407,870
251,13800.1,17,183,870
1026,13800.1,17,1,1740
665,13800.1,17,205,1740
215,14400.1,229,5,870
339,14400.1,79,7,870
290,14400.1,375,105,870
181,14400.1,395,9,870
2,14400.1,539,167,870
248,14400.1,277,3,870
9,14400.1,229,183,870
155,14400.1,407,111,870
59,14400.1,407,99,870
133,14400.1,539,189,870
140,14400.1,395,1,870
201,14400.1,81,27,870
322,14400.1,81,205,870
150,14400.1,277,11,870
190,14400.1,363,13,870
39,14400.1,79,123,870
7,14400.1,277,15,870
275,14400.1,363,17,870
178,14400.1,81,19,870
14,15000.1,29,7,870
94,15000.1,189,27,870
40,15000.1,3,79,870
83,15000.1,167,395,870
282,15000.1,151,375,870
300,15000.1,1,183,870
87,15000.1,151,229,870
77,15000.1,151,539,870
50,15000.1,123,81,870
334,15000.1,277,205,870
161,15000.1,151,9,870
108,15000.1,151,5,870
212,15000.1,189,17,870
172,15000.1,587,15,870
10,15000.1,123,11,870
280,15000.1,105,19,870
57,15000.1,99,13,870
179,15000.1,363,21,870
110,15000.1,151,23,870
255,15000.1,189,25,870
226,15000.1,123,31,870
6,15000.1,363,33,870
75,15000.1,151,35,870
212,15000.1,17,539,870
275,15000.1,17,205,870
280,15000.1,19,229,870
178,15000.1,19,111,870
108,15000.1,5,13,870
215,15000.1,5,11,870
172,15000.1,15,9,870
7,15000.1,15,375,870
339,15000.1,7,9,870
14,15000.1,7,13,870
514,15000.1,395,11,1740
650,15000.1,395,9,1740
533,15000.1,395,9,1740
1038,15000.1,395,11,1740
83,15000.1,395,13,870
608,15000.1,395,9,1740
661,15000.1,395,13,1740
236,15000.1,395,11,870
138,15000.1,395,9,870
74,15000.1,395,13,870
497,15000.1,395,11,1740
714,15000.1,395,13,1740
749,15000.1,395,9,1740
1017,15000.1,395,11,1740
469,15000.1,395,11,1740
874,15000.1,395,9,1740
993,15000.1,395,13,1740
677,15000.1,395,27,1740
833,15000.1,395,13,1740
613,15000.1,395,205,1740
570,15000.1,395,81,1740
125,15000.1,79,11,870
360,15000.1,79,13,1740
40,15000.1,79,9,870
745,15000.1,79,11,1740
792,15000.1,79,9,1740
283,15000.1,79,13,870
3,15000.1,79,13,870
444,15000.1,79,11,1740
985,15000.1,79,9,1740
343,15000.1,79,11,870
994,15000.1,79,13,1740
60,15000.1,79,9,870
33,15000.1,79,11,870
1030,15000.1,79,13,1740
319,15000.1,79,11,870
839,15000.1,79,9,1740
101,15000.1,79,13,870
8,15000.1,79,13,870
979,15000.1,79,11,1740
729,15000.1,79,13,1740
347,15000.1,79,183,870
249,15000.1,79,11,870
1027,15000.1,79,81,1740
224,15000.1,79,13,870
309,15000.1,79,11,870
921,15000.1,79,13,1740
931,15000.1,79,11,1740
1003,15000.1,79,13,1740
875,15000.1,79,539,1740
982,15000.1,79,375,1740
149,15600.1,539,29,870
239,15600.1,407,13,870
293,15600.1,205,35,870
127,15600.1,587,21,870
119,15600.1,375,33,870
301,15600.1,363,23,870
287,15600.1,189,5,870
152,15600.1,539,123,870
112,15600.1,183,167,870
180,15600.1,105,9,870
20,15600.1,587,229,870
72,15600.1,111,3,870
288,15600.1,189,11,870
121,15600.1,111,11,870
250,15600.1,27,31,870
202,15600.1,111,7,870
29,15600.1,81,15,870
218,15600.1,1,17,870
31,15600.1,183,277,870
27,15600.1,1,19,870
344,15600.1,1,151,870
103,15600.1,363,37,870
137,15600.1,363,39,870
271,15600.1,587,41,870
278,15600.1,539,25,870
130,15600.1,407,43,870
120,15600.1,111,45,870
327,15600.1,183,47,870
119,15600.1,33,29,870
6,15600.1,33,25,870
250,15600.1,31,9,870
226,15600.1,31,3,870
301,15600.1,23,25,870
110,15600.1,23,229,870
127,15600.1,21,35,870
179,15600.1,21,25,870
514,15600.1,11,25,1740
1038,15600.1,11,35,1740
745,15600.1,11,35,1740
469,15600.1,11,13,1740
125,15600.1,11,25,870
444,15600.1,11,35,1740
497,15600.1,11,25,1740
288,15600.1,11,29,870
121,15600.1,11,25,870
236,15600.1,11,35,870
1017,15600.1,11,25,1740
33,15600.1,11,35,870
343,15600.1,11,25,870
150,15600.1,11,35,870
10,15600.1,11,25,870
215,15600.1,11,35,870
319,15600.1,11,25,870
931,15600.1,11,167,1740
979,15600.1,11,35,1740
309,15600.1,11,99,870
249,15600.1,11,13,870
141,16200.1,363,25,870
211,16200.1,81,35,870
1,16200.1,1,5,870
90,16200.1,167,9,870
108,16200.1,13,189,870
200,16200.1,123,111,870
136,16200.1,29,277,870
163,16200.1,27,183,870
126,16200.1,1,375,870
57,16200.1,13,205,870
142,16200.1,123,587,870
139,16200.1,81,99,870
63,16200.1,81,229,870
266,16200.1,27,105,870
190,16200.1,13,407,870
64,16200.1,27,539,870
303,16200.1,81,151,870
316,16200.1,167,17,870
148,16200.1,81,11,870
137,16200.1,39,43,870
271,16200.1,41,151,870
327,16200.1,47,37,870
120,16200.1,45,539,870
27,16200.1,19,407,870
218,16200.1,17,229,870
316,16200.1,17,7,870
29,16200.1,15,539,870
287,16200.1,5,35,870
1,16200.1,5,7,870
141,16200.1,25,43,870
514,16200.1,25,37,1740
125,16200.1,25,35,870
497,16200.1,25,205,1740
301,16200.1,25,7,870
1017,16200.1,25,587,1740
121,16200.1,25,407,870
343,16200.1,25,277,870
10,16200.1,25,99,870
255,16200.1,25,111,870
179,16200.1,25,7,870
278,16200.1,25,375,870
6,16200.1,25,99,870
319,16200.1,25,111,870
308,16200.1,3,7,870
349,16200.1,3,37,870
52,16200.1,3,43,870
820,16200.1,3,35,1740
332,16200.1,3,7,870
248,16200.1,3,43,870
72,16200.1,3,37,870
226,16200.1,3,277,870
640,16200.1,183,7,1740
568,16200.1,183,37,1740
42,16200.1,183,43,870
623,16200.1,183,43,1740
428,16200.1,183,37,1740
391,16200.1,183,7,1740
974,16200.1,183,37,1740
300,16200.1,183,43,870
163,16200.1,183,7,870
827,16200.1,183,407,1740
535,16200.1,183,35,1740
9,16200.1,183,37,870
387,16200.1,183,43,1740
346,16200.1,183,37,870
1016,16200.1,183,9,1740
581,16200.1,183,111,1740
723,16200.1,183,587,1740
347,16200.1,183,587,870
913,16200.1,183,229,1740
95,16200.1,183,205,870
909,16200.1,183,277,1740
398,16200.1,183,375,1740
843,16200.1,183,151,1740
984,16200.1,183,43,1740
1048,16200.1,183,105,1740
673,16200.1,183,99,1740
879,16200.1,183,189,1740
273,16800.1,27,43,870
269,16800.1,151,11,870
71,16800.1,587,37,870
257,16800.1,229,7,870
69,16800.1,229,205,870
175,16800.1,27,29,870
104,16800.1,123,1,870
220,16800.1,123,9,870
205,16800.1,539,407,870
244,16800.1,105,99,870
193,16800.1,105,35,870
181,17400.1,9,11,870
334,17400.1,205,99,870
275,17400.1,205,167,870
322,17400.1,205,29,870
293,17400.1,35,587,870
1038,17400.1,35,43,1740
127,17400.1,35,7,870
287,17400.1,35,407,870
745,17400.1,35,363,1740
444,17400.1,35,37,1740
125,17400.1,35,27,870
820,17400.1,35,189,1740
211,17400.1,35,111,870
215,17400.1,35,81,870
33,17400.1,35,539,870
150,17400.1,35,375,870
535,17400.1,35,13,1740
236,17400.1,35,29,870
193,17400.1,35,123,870
75,17400.1,35,1,870
979,17400.1,35,151,1740
349,18000.1,37,11,870
115,18000.1,105,11,870
105,18000.1,375,43,870
348,18000.1,167,151,870
315,18000.1,105,123,870
312,18000.1,29,229,870
192,18000.1,375,363,870
131,18000.1,29,9,870
202,18000.1,7,205,870
228,18000.1,407,277,870
103,18000.1,37,81,870
78,18000.1,167,27,870
141,18600.1,43,11,870
62,18600.1,29,81,870
197,18600.1,229,277,870
11,18600.1,123,13,870
268,18600.1,189,151,870
116,18600.1,229,9,870
45,18600.1,29,111,870
97,18600.1,99,1,870
16,18600.1,407,37,870
19,18600.1,587,27,870
130,18600.1,43,539,870
36,18600.1,229,105,870
231,18600.1,99,363,870
65,18600.1,189,375,870
295,18600.1,29,363,870
5,18600.1,99,375,870
57,18600.1,205,3,870
154,18600.1,229,5,870
137,18600.1,43,15,870
339,19200.1,9,37,870
214,19200.1,29,105,870
69,19200.1,205,13,870
160,19200.1,167,43,870
95,19200.1,205,189,870
161,19200.1,9,363,870
209,19200.1,539,111,870
172,19200.1,9,11,870
216,19200.1,167,375,870
137,19200.1,15,99,870
154,19200.1,5,81,870
57,19200.1,3,7,870
486,19800.1,189,111,1740
820,19800.1,189,151,1740
1006,19800.1,189,9,1740
272,19800.1,189,105,870
892,19800.1,189,37,1740
298,19800.1,189,11,870
954,19800.1,189,1,1740
551,19800.1,189,7,1740
118,19800.1,189,277,870
394,19800.1,189,29,1740
435,19800.1,189,43,1740
746,19800.1,189,13,1740
636,19800.1,189,81,1740
515,19800.1,189,123,1740
173,19800.1,189,229,870
133,19800.1,189,99,870
108,19800.1,189,587,870
791,19800.1,189,205,1740
917,19800.1,189,167,1740
396,19800.1,189,375,1740
679,19800.1,189,539,1740
732,19800.1,189,363,1740
412,19800.1,189,407,1740
473,19800.1,189,27,1740
403,19800.1,189,27,1740
95,19800.1,189,407,870
38,19800.1,189,363,870
879,19800.1,189,167,1740
323,20400.1,81,123,870
590,20400.1,1,363,1740
655,20400.1,1,375,1740
92,20400.1,1,11,870
622,20400.1,1,29,1740
699,20400.1,1,167,1740
97,20400.1,1,27,870
962,20400.1,1,111,1740
954,20400.1,1,37,1740
104,20400.1,1,7,870
769,20400.1,1,277,1740
243,20400.1,1,229,870
145,20400.1,1,151,870
168,20400.1,1,205,870
140,20400.1,1,9,870
135,20400.1,1,43,870
117,20400.1,1,13,870
454,20400.1,1,105,1740
670,20400.1,1,407,1740
510,20400.1,1,99,1740
926,20400.1,1,539,1740
1049,20400.1,1,587,1740
815,20400.1,1,587,1740
774,20400.1,1,407,1740
470,20400.1,1,539,1740
1026,20400.1,1,99,1740
75,20400.1,1,539,870
66,21000.1,407,43,870
234,21000.1,27,229,870
302,21000.1,277,363,870
72,21000.1,37,13,870
247,21000.1,99,123,870
151,21000.1,277,105,870
124,21000.1,277,167,870
414,21000.1,229,11,1740
234,21000.1,229,9,870
445,21000.1,229,539,1740
87,21000.1,229,587,870
620,21000.1,229,29,1740
13,21000.1,229,111,870
949,21000.1,229,375,1740
903,21000.1,229,151,1740
173,21000.1,229,81,870
243,21000.1,229,205,870
110,21000.1,229,105,870
1032,21000.1,229,151,1740
378,21000.1,229,205,1740
400,21000.1,229,81,1740
218,21000.1,229,375,870
357,21000.1,229,205,1740
262,21000.1,229,81,870
928,21000.1,229,81,1740
913,21000.1,229,375,1740
967,21000.1,229,111,1740
716,21000.1,229,151,1740
911,21000.1,229,205,1740
63,21000.1,229,81,870
312,21000.1,229,587,870
1000,21000.1,229,375,1740
660,21000.1,229,205,1740
991,21000.1,229,205,1740
1018,21000.1,229,7,1740
280,21000.1,229,7,870
883,21000.1,229,81,1740
269,21600.1,11,407,870
1,21600.1,7,27,870
148,21600.1,11,29,870
316,21600.1,7,81,870
100,22200.1,363,99,870
317,22200.1,407,277,870
0,22200.1,167,375,870
157,22200.1,363,7,870
32,22200.1,363,37,870
246,22200.1,151,11,870
52,22800.1,43,1,870
200,22800.1,111,99,870
152,22800.1,123,407,870
61,22800.1,111,539,870
223,22800.1,105,587,870
233,22800.1,81,375,870
26,22800.1,81,7,870
155,22800.1,111,151,870
229,22800.1,111,37,870
191,22800.1,111,29,870
39,22800.1,123,13,870
237,22800.1,111,27,870
178,22800.1,111,363,870
35,22800.1,81,11,870
138,23400.1,9,1,870
305,23400.1,151,43,870
51,23400.1,587,375,870
315,23400.1,123,363,870
284,23400.1,105,99,870
162,23400.1,105,407,870
193,23400.1,123,29,870
187,23400.1,105,7,870
199,23400.1,587,539,870
91,23400.1,105,37,870
52,23400.1,1,11,870
138,23400.1,1,277,870
14,24000.1,13,1,870
181,24000.1,11,27,870
310,24000.1,375,81,870
203,24000.1,99,43,870
9,24000.1,37,29,870
77,24000.1,539,205,870
136,24000.1,277,587,870
192,24000.1,363,7,870
177,24000.1,407,9,870
29,24000.1,539,105,870
307,24000.1,277,167,870
212,24000.1,539,123,870
159,24000.1,363,3,870
21,24000.1,363,5,870
31,24000.1,277,15,870
120,24000.1,539,17,870
323,24600.1,123,1,870
132,24600.1,587,167,870
301,24600.1,7,13,870
149,24600.1,29,43,870
292,24600.1,587,11,870
211,24600.1,111,151,870
253,24600.1,27,19,870
33,24600.1,539,99,870
231,24600.1,363,5,870
319,24600.1,111,81,870
37,24600.1,27,37,870
291,24600.1,29,205,870
255,24600.1,111,105,870
75,24600.1,539,9,870
130,24600.1,539,407,870
231,24600.1,5,15,870
21,24600.1,5,407,870
120,24600.1,17,105,870
159,24600.1,3,13,870
14,24600.1,1,15,870
323,24600.1,1,15,870
146,25200.1,81,15,870
119,25200.1,29,13,870
164,25200.1,375,7,870
82,25200.1,407,123,870
338,25200.1,151,11,870
202,25200.1,205,105,870
208,25200.1,151,37,870
348,25200.1,151,111,870
344,25200.1,151,99,870
271,25200.1,151,363,870
253,25200.1,19,363,870
268,25800.1,151,15,870
243,25800.1,205,43,870
168,25800.1,205,363,870
349,26400.1,11,15,870
308,26400.1,7,1,870
179,26400.1,7,111,870
346,26400.1,37,9,870
987,26400.1,111,13,1740
446,26400.1,111,587,1740
648,26400.1,111,27,1740
179,26400.1,111,105,870
962,26400.1,111,29,1740
13,26400.1,111,123,870
397,26400.1,111,81,1740
901,26400.1,111,277,1740
348,26400.1,111,151,870
355,26400.1,111,29,1740
675,26400.1,111,363,1740
986,26400.1,111,375,1740
45,26400.1,111,167,870
209,26400.1,111,99,870
1035,26400.1,111,43,1740
520,26400.1,111,539,1740
967,26400.1,111,407,1740
793,26400.1,111,43,1740
604,26400.1,111,99,1740
750,26400.1,111,167,1740
370,26400.1,111,205,1740
777,26400.1,111,43,1740
486,26400.1,111,151,1740
581,26400.1,111,99,1740
618,26400.1,111,407,1740
806,26400.1,111,363,1740
868,26400.1,111,539,1740
859,26400.1,111,43,1740
542,26400.1,111,99,1740
58,27000.1,99,1,870
40,27000.1,9,7,870
94,27000.1,27,29,870
285,27000.1,167,81,870
343,27000.1,277,15,870
247,27000.1,123,105,870
325,27000.1,407,11,870
201,27000.1,27,43,870
50,27600.1,81,1,870
341,27600.1,375,407,870
2,28200.1,167,1,870
83,28200.1,13,123,870
283,28200.1,13,99,870
248,28200.1,43,587,870
295,28200.1,363,37,870
270,28200.1,375,407,870
74,28200.1,13,105,870
12,28200.1,375,9,870
302,28800.1,363,1,870
71,28800.1,37,15,870
290,28800.1,105,539,870
62,28800.1,81,151,870
30,28800.1,105,205,870
112,28800.1,167,9,870
173,28800.1,81,7,870
342,28800.1,99,27,870
340,28800.1,407,277,870
175,28800.1,29,11,870
282,28800.1,375,13,870
161,28800.1,363,123,870
266,28800.1,105,587,870
262,28800.1,81,3,870
215,28800.1,81,5,870
154,28800.1,81,43,870
103,28800.1,81,17,870
54,28800.1,99,19,870
288,28800.1,29,21,870
7,28800.1,375,23,870
27,28800.1,407,25,870
190,28800.1,407,31,870
153,28800.1,375,33,870
38,28800.1,363,35,870
211,29400.1,151,1,870
293,29400.1,587,11,870
214,29400.1,105,123,870
155,29400.1,151,27,870
145,29400.1,151,363,870
193,29400.1,29,539,870
150,29400.1,375,167,870
126,29400.1,375,13,870
121,29400.1,407,43,870
36,29400.1,105,37,870
148,29400.1,29,15,870
142,29400.1,587,81,870
332,29400.1,7,205,870
205,29400.1,407,9,870
347,29400.1,587,99,870
236,29400.1,29,19,870
278,29400.1,375,21,870
191,29400.1,29,23,870
38,29400.1,35,3,870
190,29400.1,31,25,870
236,29400.1,19,17,870
54,29400.1,19,5,870
7,29400.1,23,99,870
191,29400.1,23,33,870
288,29400.1,21,15,870
278,29400.1,21,33,870
308,29400.1,1,3,870
58,29400.1,1,33,870
211,29400.1,1,25,870
2,29400.1,1,37,870
302,29400.1,1,5,870
50,29400.1,1,13,870
586,29400.1,167,17,1740
599,29400.1,167,5,1740
645,29400.1,167,17,1740
855,29400.1,167,5,1740
132,29400.1,167,25,870
860,29400.1,167,17,1740
307,29400.1,167,33,870
275,29400.1,167,43,870
897,29400.1,167,37,1740
632,29400.1,167,11,1740
477,29400.1,167,99,1740
150,29400.1,167,363,870
443,29400.1,167,123,1740
812,29400.1,167,5,1740
944,29400.1,167,15,1740
644,29400.1,167,81,1740
711,29400.1,167,3,1740
750,29400.1,167,539,1740
448,29400.1,167,25,1740
588,29400.1,167,5,1740
45,29400.1,167,3,870
876,29400.1,167,25,1740
865,29400.1,167,9,1740
917,29400.1,167,11,1740
587,29400.1,167,5,1740
383,29400.1,167,43,1740
931,29400.1,167,33,1740
699,29400.1,167,3,1740
879,29400.1,167,205,1740
124,29400.1,167,17,870
498,29400.1,167,11,1740
552,29400.1,27,17,1740
1,29400.1,27,5,870
155,29400.1,27,25,870
372,29400.1,27,33,1740
597,29400.1,27,3,1740
125,29400.1,27,3,870
648,29400.1,27,33,1740
418,29400.1,27,25,1740
181,29400.1,27,17,870
342,29400.1,27,5,870
1009,29400.1,27,25,1740
544,29400.1,27,17,1740
783,29400.1,27,5,1740
407,29400.1,27,3,1740
440,29400.1,27,33,1740
738,29400.1,27,17,1740
97,29400.1,27,3,870
1050,29400.1,27,5,1740
677,29400.1,27,25,1740
927,29400.1,27,33,1740
990,29400.1,27,5,1740
19,29400.1,27,25,870
237,29400.1,27,33,870
78,29400.1,27,3,870
878,29400.1,27,17,1740
507,29400.1,27,33,1740
473,29400.1,27,25,1740
829,29400.1,27,5,1740
780,29400.1,27,17,1740
582,29400.1,27,3,1740
403,29400.1,27,17,1740
138,29400.1,277,17,870
404,29400.1,277,5,1740
914,29400.1,277,33,1740
1041,29400.1,277,25,1740
546,29400.1,277,3,1740
197,29400.1,277,3,870
118,29400.1,277,25,870
427,29400.1,277,33,1740
340,29400.1,277,5,870
228,29400.1,277,3,870
901,29400.1,277,25,1740
576,29400.1,277,33,1740
805,29400.1,277,5,1740
531,29400.1,277,3,1740
504,29400.1,277,25,1740
317,29400.1,277,17,870
664,29400.1,277,33,1740
821,29400.1,277,5,1740
909,29400.1,277,17,1740
769,29400.1,277,25,1740
557,29400.1,277,3,1740
226,29400.1,277,33,870
687,29400.1,277,5,1740
887,29400.1,277,33,1740
988,29400.1,277,5,1740
978,29400.1,277,13,1740
822,29400.1,277,205,1740
115,30000.1,11,17,870
287,30000.1,407,25,870
273,30000.1,43,5,870
290,30000.1,539,33,870
3,30000.1,13,81,870
9,30000.1,29,3,870
315,30000.1,363,151,870
61,30000.1,539,375,870
16,30000.1,37,15,870
212,30000.1,123,9,870
300,30000.1,43,7,870
199,30000.1,539,205,870
178,30000.1,363,105,870
115,30000.1,17,3,870
552,30000.1,17,587,1740
645,30000.1,17,151,1740
181,30000.1,17,15,870
138,30000.1,17,33,870
586,30000.1,17,5,1740
544,30000.1,17,25,1740
738,30000.1,17,5,1740
860,30000.1,17,25,1740
236,30000.1,17,105,870
317,30000.1,17,81,870
878,30000.1,17,33,1740
103,30000.1,17,99,870
909,30000.1,17,25,1740
403,30000.1,17,205,1740
124,30000.1,17,15,870
780,30000.1,17,9,1740
54,30600.1,5,11,870
239,30600.1,13,33,870
94,30600.1,29,1,870
13,30600.1,123,17,870
193,30600.1,539,43,870
4,30600.1,99,407,870
60,30600.1,9,25,870
77,30600.1,205,15,870
82,30600.1,123,19,870
163,30600.1,7,21,870
65,30600.1,375,23,870
253,30600.1,363,27,870
348,30600.1,151,31,870
271,30600.1,363,37,870
8,30600.1,13,35,870
218,30600.1,375,105,870
101,30600.1,13,39,870
63,30600.1,81,41,870
216,30600.1,375,587,870
215,30600.1,5,45,870
316,30600.1,81,47,870
224,30600.1,13,3,870
308,31200.1,3,1,870
310,31200.1,81,17,870
83,31200.1,123,29,870
108,31200.1,587,5,870
231,31200.1,15,363,870
262,31200.1,3,13,870
31,31200.1,15,7,870
38,31200.1,3,539,870
316,31200.1,47,25,870
63,31200.1,41,43,870
215,31200.1,45,375,870
101,31200.1,39,33,870
8,31200.1,35,151,870
65,31200.1,23,9,870
253,31200.1,27,11,870
82,31200.1,19,205,870
348,31200.1,31,37,870
163,31200.1,21,105,870
310,31200.1,17,1,870
13,31200.1,17,43,870
622,31200.1,29,1,1740
620,31200.1,29,13,1740
355,31200.1,29,5,1740
816,31200.1,29,25,1740
83,31200.1,29,99,870
819,31200.1,29,7,1740
662,31200.1,29,33,1740
441,31200.1,29,1,1740
394,31200.1,29,9,1740
962,31200.1,29,205,1740
596,31200.1,29,375,1740
720,31200.1,29,151,1740
946,31200.1,29,11,1740
424,31200.1,29,37,1740
951,31200.1,29,407,1740
760,31200.1,29,363,1740
583,31200.1,29,363,1740
621,31200.1,29,1,1740
972,31200.1,29,7,1740
735,31200.1,29,105,1740
881,31200.1,29,37,1740
1037,31200.1,29,11,1740
800,31200.1,29,33,1740
609,31200.1,29,363,1740
458,31200.1,29,205,1740
637,31200.1,29,1,1740
272,31800.1,105,407,870
105,31800.1,43,3,870
30,31800.1,205,1,870
87,31800.1,587,81,870
145,31800.1,363,375,870
180,31800.1,9,33,870
168,31800.1,363,123,870
291,31800.1,205,37,870
14,32400.1,15,1,870
302,32400.1,5,99,870
332,32400.1,205,11,870
82,32400.1,205,43,870
199,32400.1,205,407,870
191,32400.1,33,7,870
153,32400.1,33,37,870
416,32400.1,105,81,1740
574,32400.1,105,123,1740
454,32400.1,105,3,1740
163,32400.1,105,25,870
493,32400.1,105,363,1740
1007,32400.1,105,375,1740
218,32400.1,105,151,870
530,32400.1,105,539,1740
247,32400.1,105,9,870
236,32400.1,105,13,870
110,32400.1,105,7,870
506,32400.1,105,539,1740
698,32400.1,105,375,1740
1010,32400.1,105,43,1740
151,32400.1,105,13,870
935,32400.1,105,11,1740
178,32400.1,105,7,870
352,32400.1,105,375,1740
29,32400.1,105,9,870
74,32400.1,105,81,870
948,32400.1,105,539,1740
763,32400.1,105,7,1740
120,32400.1,105,539,870
179,32400.1,105,7,870
642,32400.1,105,375,1740
873,32400.1,105,587,1740
728,32400.1,105,123,1740
735,32400.1,105,7,1740
841,32400.1,105,123,1740
202,32400.1,105,7,870
490,32400.1,105,99,1740
844,32400.1,105,37,1740
601,32400.1,105,11,1740
339,33000.1,37,17,870
90,33000.1,9,375,870
250,33000.1,9,7,870
160,33000.1,43,15,870
172,33000.1,11,363,870
402,33000.1,205,13,1740
120,33000.1,539,33,870
214,33600.1,123,17,870
298,33600.1,11,5,870
651,33600.1,205,1,1740
66,33600.1,43,151,870
285,33600.1,81,3,870
11,33600.1,13,363,870
556,33600.1,539,9,1740
319,33600.1,81,375,870
488,33600.1,539,33,1740
776,33600.1,539,15,1740
59,33600.1,99,37,870
161,33600.1,123,587,870
135,33600.1,43,19,870
309,33600.1,99,7,870
139,33600.1,99,21,870
95,33600.1,407,23,870
894,33600.1,539,27,1740
211,34200.1,25,17,870
58,34200.1,33,17,870
94,34200.1,1,15,870
305,34200.1,43,11,870
51,34200.1,375,3,870
0,34200.1,375,7,870
72,34200.1,13,123,870
69,34200.1,13,205,870
87,34200.1,81,19,870
3,34200.1,81,539,870
223,34200.1,587,21,870
62,34200.1,151,9,870
233,34200.1,375,363,870
317,34200.1,81,37,870
10,34200.1,99,23,870
190,34200.1,25,5,870
117,34200.1,13,407,870
27,34200.1,25,29,870
142,34200.1,81,31,870
312,34200.1,587,27,870
244,34200.1,99,35,870
334,34200.1,99,39,870
278,34200.1,33,41,870
137,34200.1,99,45,870
10,34200.1,23,27,870
95,34200.1,23,539,870
223,34200.1,21,205,870
139,34200.1,21,27,870
87,34200.1,19,27,870
135,34200.1,19,3,870
211,34200.1,17,27,870
339,34200.1,17,27,870
58,34200.1,17,27,870
214,34200.1,17,27,870
92,34800.1,11,27,870
323,34800.1,15,1,870
127,34800.1,7,33,870
200,34800.1,99,25,870
1,34800.1,5,151,870
131,34800.1,9,43,870
168,34800.1,123,37,870
116,34800.1,9,31,870
3,34800.1,539,17,870
61,34800.1,375,19,870
257,34800.1,7,39,870
231,34800.1,363,407,870
150,34800.1,363,81,870
220,34800.1,9,13,870
215,34800.1,375,587,870
133,34800.1,99,587,870
278,34800.1,41,45,870
244,34800.1,35,29,870
257,34800.1,39,45,870
334,34800.1,39,29,870
116,34800.1,31,27,870
142,34800.1,31,81,870
308,34800.1,1,45,870
14,34800.1,1,29,870
323,34800.1,1,27,870
622,34800.1,1,45,1740
441,34800.1,1,33,1740
310,34800.1,1,29,870
651,34800.1,1,29,1740
30,34800.1,1,45,870
621,34800.1,1,3,1740
149,34800.1,43,29,870
13,34800.1,43,45,870
1038,34800.1,43,45,1740
203,34800.1,43,29,870
243,34800.1,43,29,870
131,34800.1,43,45,870
121,34800.1,43,29,870
984,34800.1,43,27,1740
435,34800.1,43,45,1740
383,34800.1,43,33,1740
623,34800.1,43,45,1740
82,34800.1,43,29,870
793,34800.1,43,45,1740
201,34800.1,43,29,870
275,34800.1,43,37,870
1035,34800.1,43,29,1740
193,34800.1,43,45,870
387,34800.1,43,29,1740
154,34800.1,43,45,870
1010,34800.1,43,29,1740
777,34800.1,43,587,1740
859,34800.1,43,45,1740
63,34800.1,43,45,870
132,35400.1,25,29,870
125,35400.1,3,123,870
146,35400.1,15,45,870
69,35400.1,205,9,870
315,35400.1,151,11,870
145,35400.1,375,11,870
45,35400.1,3,5,870
74,35400.1,81,99,870
307,35400.1,33,363,870
87,35400.1,27,1,870
57,35400.1,7,17,870
226,35400.1,33,407,870
237,35400.1,33,587,870
139,35400.1,27,37,870
10,35400.1,27,13,870
8,35400.1,151,21,870
61,35400.1,19,11,870
3,35400.1,17,29,870
57,35400.1,17,29,870
269,36000.1,407,1,870
90,36000.1,375,81,870
290,36000.1,33,13,870
192,36000.1,7,3,870
26,36000.1,7,205,870
342,36000.1,5,27,870
27,36000.1,29,37,870
33,36000.1,99,123,870
246,36000.1,11,363,870
209,36000.1,99,9,870
104,36000.1,7,25,870
157,36000.1,7,539,870
218,36000.1,151,15,870
284,36000.1,99,15,870
187,36000.1,7,17,870
137,36000.1,45,19,870
244,36000.1,29,587,870
344,36000.1,99,21,870
8,36000.1,21,15,870
344,36000.1,21,81,870
11,36600.1,363,1,870
138,36600.1,33,81,870
66,36600.1,151,1,870
233,36600.1,363,27,870
197,36600.1,3,99,870
72,36600.1,123,29,870
97,36600.1,3,375,870
340,36600.1,5,7,870
301,36600.1,13,37,870
257,36600.1,45,407,870
223,36600.1,205,25,870
159,36600.1,13,9,870
172,36600.1,363,17,870
78,36600.1,3,587,870
35,36600.1,11,539,870
278,36600.1,45,19,870
39,36600.1,13,21,870
172,36600.1,17,19,870
187,36600.1,17,407,870
269,36600.1,1,19,870
87,36600.1,1,19,870
11,36600.1,1,19,870
66,36600.1,1,19,870
136,37200.1,587,19,870
283,37200.1,99,25,870
268,37200.1,15,81,870
157,37200.1,539,151,870
26,37200.1,205,45,870
32,37200.1,37,5,870
229,37200.1,37,33,870
319,37200.1,375,13,870
95,37200.1,539,363,870
39,37200.1,21,27,870
52,37800.1,11,19,870
157,37800.1,151,99,870
1,37800.1,151,29,870
155,37800.1,25,123,870
140,37800.1,9,3,870
308,38400.1,45,19,870
228,38400.1,3,407,870
9,38400.1,3,539,870
307,38400.1,363,25,870
246,38400.1,363,151,870
95,38400.1,363,27,870
91,38400.1,37,81,870
239,39000.1,33,45,870
273,39000.1,5,1,870
375,39000.1,151,11,1740
118,39000.1,25,123,870
246,39000.1,151,9,870
295,39000.1,37,99,870
35,39000.1,539,375,870
938,39000.1,205,19,1740
19,39000.1,25,363,870
208,39000.1,37,3,870
823,39000.1,205,13,1740
37,39000.1,37,7,870
906,39000.1,205,407,1740
14,39600.1,29,13,870
234,39600.1,9,33,870
359,39600.1,539,7,1740
9,39600.1,539,11,870
273,39600.1,1,5,870
119,40200.1,13,29,870
108,40200.1,5,19,870
282,40200.1,13,37,870
125,40200.1,123,33,870
162,40200.1,407,151,870
152,40200.1,407,27,870
21,40200.1,407,45,870
130,40200.1,407,363,870
211,40800.1,27,205,870
1012,40800.1,539,99,1740
200,40800.1,25,375,870
283,40800.1,25,29,870
1041,40800.1,25,37,1740
418,40800.1,25,15,1740
287,40800.1,25,3,870
860,40800.1,25,363,1740
816,40800.1,25,33,1740
769,40800.1,25,5,1740
504,40800.1,25,9,1740
163,40800.1,25,81,870
901,40800.1,25,9,1740
60,40800.1,25,407,870
1009,40800.1,25,11,1740
307,40800.1,25,45,870
223,40800.1,25,3,870
448,40800.1,25,3,1740
677,40800.1,25,29,1740
316,40800.1,25,7,870
909,40800.1,25,19,1740
544,40800.1,25,587,1740
104,40800.1,25,13,870
876,40800.1,25,587,1740
473,40800.1,25,123,1740
115,41400.1,3,1,870
40,41400.1,7,17,870
118,41400.1,123,27,870
248,41400.1,587,375,870
90,41400.1,81,151,870
164,41400.1,7,45,870
155,41400.1,123,13,870
215,41400.1,587,29,870
33,41400.1,123,363,870
270,41400.1,407,11,870
150,41400.1,81,5,870
161,41400.1,587,37,870
266,41400.1,587,9,870
142,41400.1,81,33,870
341,41400.1,407,205,870
137,41400.1,19,15,870
216,41400.1,587,539,870
310,42000.1,29,1,870
83,42000.1,99,17,870
292,42000.1,11,151,870
101,42000.1,33,205,870
7,42000.1,99,363,870
2,42000.1,37,3,870
97,42000.1,375,7,870
172,42000.1,19,15,870
103,42000.1,99,123,870
36,42000.1,37,5,870
278,42000.1,19,9,870
347,42000.1,99,13,870
40,42000.1,17,1,870
83,42000.1,17,3,870
269,42600.1,19,1,870
200,42600.1,375,29,870
4,42600.1,407,99,870
180,42600.1,33,3,870
262,42600.1,13,15,870
50,42600.1,13,9,870
138,42600.1,81,37,870
126,42600.1,13,11,870
344,42600.1,81,45,870
35,42600.1,375,587,870
149,43200.1,29,1,870
211,43200.1,205,45,870
298,43200.1,5,19,870
112,43200.1,9,407,870
236,43200.1,13,27,870
348,43200.1,37,151,870
177,43200.1,9,539,870
33,43200.1,363,375,870
19,43200.1,363,99,870
268,43200.1,81,11,870
12,43200.1,9,7,870
271,43200.1,37,15,870
120,43200.1,33,123,870
130,43200.1,363,587,870
346,43200.1,9,3,870
162,43800.1,151,1,870
90,43800.1,151,99,870
205,43800.1,9,407,870
224,43800.1,3,29,870
1012,43800.1,99,375,1740
401,43800.1,99,363,1740
74,43800.1,99,15,870
302,43800.1,99,37,870
4,43800.1,99,539,870
509,43800.1,99,5,1740
157,43800.1,99,7,870
526,43800.1,99,11,1740
451,43800.1,99,19,1740
538,43800.1,99,45,1740
484,43800.1,99,81,1740
970,43800.1,99,123,1740
477,43800.1,99,33,1740
197,43800.1,99,205,870
295,43800.1,99,587,870
963,43800.1,99,205,1740
366,43800.1,99,587,1740
581,43800.1,99,13,1740
542,43800.1,99,123,1740
90,43800.1,99,45,870
604,43800.1,99,5,1740
483,43800.1,99,19,1740
1024,43800.1,99,11,1740
510,43800.1,99,7,1740
638,43800.1,99,587,1740
809,43800.1,99,205,1740
880,43800.1,99,123,1740
861,43800.1,99,5,1740
490,43800.1,99,45,1740
19,43800.1,99,11,870
888,43800.1,99,407,1740
726,43800.1,99,29,1740
673,43800.1,99,7,1740
386,43800.1,99,33,1740
964,43800.1,99,29,1740
898,43800.1,99,13,1740
349,44400.1,15,1,870
105,44400.1,3,17,870
127,44400.1,33,7,870
338,44400.1,11,45,870
32,44400.1,5,539,870
317,44400.1,37,375,870
59,44400.1,37,27,870
168,44400.1,37,151,870
45,44400.1,5,19,870
272,44400.1,407,9,870
190,44400.1,5,29,870
291,44400.1,37,13,870
153,44400.1,37,205,870
273,45000.1,5,17,870
339,45000.1,27,17,870
203,45000.1,29,15,870
292,45000.1,151,9,870
30,45000.1,45,33,870
285,45000.1,3,21,870
248,45000.1,375,23,870
199,45000.1,407,25,870
133,45000.1,587,13,870
173,45000.1,7,123,870
300,45000.1,7,19,870
325,45000.1,11,31,870
31,45000.1,7,363,870
275,45000.1,37,35,870
101,45600.1,205,17,870
343,45600.1,15,3,870
348,45600.1,151,45,870
197,45600.1,205,11,870
481,45600.1,363,27,1740
151,45600.1,13,33,870
33,45600.1,375,1,870
7,45600.1,363,19,870
212,45600.1,9,5,870
341,45600.1,205,29,870
91,45600.1,81,123,870
78,45600.1,587,407,870
237,45600.1,587,37,870
31,45600.1,363,23,870
244,45600.1,587,21,870
191,45600.1,7,25,870
275,45600.1,35,31,870
199,45600.1,25,407,870
191,45600.1,25,21,870
248,45600.1,23,17,870
31,45600.1,23,1,870
287,45600.1,3,17,870
83,45600.1,3,21,870
597,45600.1,3,31,1740
51,45600.1,3,21,870
454,45600.1,3,5,1740
343,45600.1,3,123,870
407,45600.1,3,17,1740
531,45600.1,3,31,1740
192,45600.1,3,31,870
180,45600.1,3,21,870
223,45600.1,3,1,870
699,45600.1,3,17,1740
448,45600.1,3,21,1740
582,45600.1,3,27,1740
557,45600.1,3,19,1740
140,45600.1,3,407,870
621,45600.1,3,5,1740
711,45600.1,3,29,1740
135,45600.1,3,31,870
208,45600.1,3,31,870
2,45600.1,3,17,870
346,45600.1,3,11,870
546,45600.1,3,17,1740
234,45600.1,33,31,870
372,45600.1,33,21,1740
914,45600.1,33,17,1740
30,45600.1,33,21,870
648,45600.1,33,31,1740
441,45600.1,33,21,1740
927,45600.1,33,31,1740
427,45600.1,33,17,1740
816,45600.1,33,31,1740
125,45600.1,33,21,870
229,45600.1,33,31,870
488,45600.1,33,21,1740
477,45600.1,33,17,1740
576,45600.1,33,21,1740
664,45600.1,33,31,1740
151,45600.1,33,31,870
440,45600.1,33,21,1740
662,45600.1,33,31,1740
383,45600.1,33,21,1740
931,45600.1,33,31,1740
142,45600.1,33,21,870
887,45600.1,33,407,1740
800,45600.1,33,539,1740
507,45600.1,33,21,1740
386,45600.1,33,539,1740
13,46200.1,45,31,870
293,46200.1,11,21,870
317,46200.1,375,9,870
983,46200.1,363,15,1740
177,46200.1,539,587,870
175,46200.1,11,27,870
779,46200.1,363,1,1740
216,46200.1,539,19,870
220,46200.1,13,17,870
71,46800.1,15,31,870
146,46800.1,45,3,870
87,46800.1,19,151,870
131,46800.1,45,1,870
519,46800.1,363,37,1740
10,46800.1,13,81,870
154,46800.1,45,21,870
63,46800.1,45,407,870
115,47400.1,1,3,870
487,47400.1,375,21,1740
173,47400.1,123,205,870
253,47400.1,11,17,870
54,47400.1,11,27,870
120,47400.1,123,19,870
91,47400.1,123,9,870
139,47400.1,37,81,870
103,47400.1,123,407,870
610,48000.1,123,3,1740
105,48000.1,17,15,870
4,48000.1,539,1,870
343,48000.1,123,5,870
26,48000.1,45,363,870
117,48000.1,407,587,870
27,48000.1,37,13,870
65,48000.1,9,31,870
301,48000.1,37,375,870
148,48600.1,15,3,870
301,48600.1,375,27,870
173,48600.1,205,37,870
150,48600.1,5,21,870
153,48600.1,205,9,870
35,48600.1,587,45,870
332,49200.1,11,3,870
11,49200.1,19,81,870
282,49200.1,37,123,870
773,49200.1,205,27,1740
247,49200.1,9,7,870
62,49200.1,9,539,870
325,49200.1,31,29,870
540,49200.1,205,17,1740
29,49200.1,9,375,870
14,49800.1,13,3,870
310,49800.1,1,17,870
290,49800.1,13,45,870
163,49800.1,81,27,870
161,49800.1,37,19,870
319,49800.1,13,5,870
452,49800.1,205,21,1740
371,49800.1,205,29,1740
516,49800.1,205,363,1740
822,49800.1,205,123,1740
518,49800.1,205,539,1740
384,49800.1,205,11,1740
497,49800.1,205,151,1740
659,49800.1,205,375,1740
1021,49800.1,205,587,1740
474,49800.1,205,7,1740
962,49800.1,205,407,1740
382,49800.1,205,9,1740
539,49800.1,205,31,1740
363,49800.1,205,5,1740
809,49800.1,205,19,1740
977,49800.1,205,31,1740
791,49800.1,205,9,1740
378,49800.1,205,27,1740
458,49800.1,205,29,1740
1051,49800.1,205,7,1740
669,49800.1,205,5,1740
963,49800.1,205,151,1740
945,49800.1,205,9,1740
357,49800.1,205,31,1740
660,49800.1,205,27,1740
911,49800.1,205,15,1740
991,49800.1,205,7,1740
370,49800.1,205,19,1740
724,49800.1,205,587,1740
403,49800.1,205,123,1740
305,50400.1,11,13,870
231,50400.1,407,3,870
285,50400.1,21,31,870
69,50400.1,9,15,870
257,50400.1,407,45,870
168,50400.1,151,7,870
36,50400.1,5,37,870
226,50400.1,407,29,870
58,51000.1,27,23,870
243,51000.1,29,3,870
82,51000.1,29,13,870
121,51000.1,29,123,870
295,51000.1,587,363,870
130,51000.1,587,7,870
360,51000.1,13,11,1740
620,51000.1,13,375,1740
305,51000.1,13,17,870
987,51000.1,13,81,1740
82,51000.1,13,45,870
402,51000.1,13,1,1740
994,51000.1,13,5,1740
535,51000.1,13,9,1740
833,51000.1,13,19,1740
133,51000.1,13,37,870
1030,51000.1,13,31,1740
746,51000.1,13,151,1740
661,51000.1,13,407,1740
155,51000.1,13,539,870
581,51000.1,13,539,1740
291,51000.1,13,407,870
104,51000.1,13,1,870
27,51000.1,13,151,870
921,51000.1,13,31,1740
1003,51000.1,13,37,1740
469,51000.1,13,151,1740
993,51000.1,13,45,1740
823,51000.1,13,407,1740
347,51000.1,13,21,870
729,51000.1,13,363,1740
898,51000.1,13,15,1740
714,51000.1,13,31,1740
978,51000.1,13,31,1740
288,51600.1,15,23,870
138,51600.1,37,31,870
209,51600.1,9,5,870
110,51600.1,7,1,870
132,52200.1,29,23,870
302,52200.1,37,27,870
343,52200.1,5,11,870
177,52200.1,587,7,870
32,52200.1,539,3,870
212,52200.1,5,375,870
201,52200.1,29,17,870
58,52200.1,23,123,870
132,52200.1,23,3,870
288,52200.1,23,15,870
51,52800.1,21,29,870
214,52800.1,27,5,870
11,52800.1,81,37,870
83,52800.1,21,19,870
26,52800.1,363,15,870
191,52800.1,21,45,870
10,52800.1,81,407,870
212,52800.1,375,539,870
139,52800.1,81,1,870
244,52800.1,21,151,870
29,52800.1,375,17,870
275,52800.1,31,3,870
62,53400.1,539,123,870
192,53400.1,31,3,870
782,53400.1,375,587,1740
840,53400.1,375,9,1740
295,53400.1,363,5,870
761,53400.1,375,15,1740
273,54000.1,17,13,870
87,54000.1,151,27,870
239,54000.1,45,23,870
66,54000.1,19,1,870
155,54000.1,539,3,870
319,54000.1,5,587,870
135,54000.1,31,15,870
282,54600.1,123,13,870
214,54600.1,5,21,870
16,54600.1,15,3,870
202,54600.1,7,37,870
228,54600.1,407,45,870
250,54600.1,7,9,870
208,54600.1,31,375,870
209,54600.1,5,19,870
212,54600.1,539,17,870
178,54600.1,7,11,870
179,54600.1,7,27,870
187,54600.1,407,29,870
239,54600.1,23,13,870
339,54600.1,17,13,870
310,54600.1,17,13,870
914,54600.1,17,81,1740
287,54600.1,17,363,870
305,54600.1,17,29,870
2,54600.1,17,27,870
699,54600.1,17,151,1740
427,54600.1,17,11,1740
29,54600.1,17,37,870
477,54600.1,17,151,1740
101,54600.1,17,375,870
407,54600.1,17,19,1740
220,54600.1,17,13,870
212,54600.1,17,37,870
201,54600.1,17,11,870
248,54600.1,17,13,870
546,54600.1,17,13,1740
253,54600.1,17,1,870
540,54600.1,17,3,1740
58,55200.1,123,13,870
234,55200.1,31,17,870
599,55200.1,5,29,1740
173,55200.1,37,27,870
121,55200.1,123,1,870
246,55200.1,9,7,870
21,55200.1,45,11,870
159,55200.1,9,15,870
567,55200.1,81,363,1740
295,55200.1,5,19,870
237,55200.1,37,3,870
973,55200.1,81,21,1740
101,55800.1,375,17,870
40,55800.1,1,123,870
287,55800.1,363,45,870
315,55800.1,11,5,870
1002,55800.1,539,3,1740
411,55800.1,81,21,1740
229,55800.1,31,13,870
208,55800.1,375,7,870
52,56400.1,19,17,870
273,56400.1,13,17,870
181,56400.1,15,27,870
0,56400.1,7,23,870
269,56400.1,1,25,870
136,56400.1,19,33,870
57,56400.1,29,35,870
60,56400.1,407,39,870
40,56400.1,123,41,870
315,56400.1,5,43,870
62,56400.1,123,47,870
36,56400.1,37,31,870
146,56400.1,3,49,870
3,56400.1,29,51,870
145,56400.1,11,375,870
307,56400.1,45,53,870
624,56400.1,151,55,1740
72,56400.1,29,363,870
27,56400.1,151,539,870
309,56400.1,7,363,870
553,56400.1,81,57,1740
117,56400.1,587,59,870
244,56400.1,151,61,870
1011,56400.1,81,63,1740
72,57000.1,363,25,870
554,57000.1,123,49,1740
92,57000.1,27,41,870
180,57000.1,21,47,870
502,57000.1,81,17,1740
742,57000.1,363,11,1740
116,57000.1,27,19,870
145,57000.1,375,7,870
164,57000.1,45,407,870
319,57000.1,587,3,870
266,57000.1,9,1,870
482,57000.1,123,5,1740
1019,57000.1,363,151,1740
309,57000.1,363,31,870
553,57000.1,57,37,1740
244,57000.1,61,13,870
117,57000.1,59,29,870
1011,57000.1,63,15,1740
624,57000.1,55,539,1740
315,57000.1,43,13,870
136,57000.1,33,47,870
3,57000.1,51,151,870
57,57000.1,35,41,870
60,57000.1,39,17,870
0,57000.1,23,49,870
307,57000.1,53,25,870
308,57000.1,19,47,870
83,57000.1,19,41,870
298,57000.1,19,49,870
116,57000.1,19,539,870
557,57000.1,19,13,1740
108,57000.1,19,17,870
161,57000.1,19,37,870
300,57000.1,19,17,870
407,57000.1,19,25,1740
45,57000.1,19,41,870
938,57000.1,19,25,1740
483,57000.1,19,17,1740
209,57000.1,19,41,870
295,57000.1,19,25,870
809,57000.1,19,49,1740
7,57000.1,19,29,870
120,57000.1,19,15,870
216,57000.1,19,407,870
370,57000.1,19,17,1740
909,57000.1,19,41,1740
833,57000.1,19,25,1740
451,57000.1,19,49,1740
349,57000.1,1,41,870
66,57000.1,1,49,870
149,57000.1,1,25,870
253,57000.1,1,17,870
4,57000.1,1,25,870
121,57000.1,1,47,870
223,57000.1,1,17,870
162,57000.1,1,49,870
33,57000.1,1,47,870
402,57000.1,1,25,1740
779,57000.1,1,49,1740
104,57000.1,1,17,870
110,57000.1,1,47,870
31,57000.1,1,25,870
131,57000.1,1,49,870
139,57000.1,1,17,870
266,57000.1,1,41,870
669,57000.1,5,49,1740
355,57000.1,5,47,1740
454,57000.1,5,25,1740
738,57000.1,5,41,1740
855,57000.1,5,41,1740
586,57000.1,5,25,1740
783,57000.1,5,17,1740
812,57000.1,5,47,1740
821,57000.1,5,49,1740
769,57000.1,5,47,1740
994,57000.1,5,41,1740
829,57000.1,5,49,1740
404,57000.1,5,25,1740
805,57000.1,5,47,1740
1050,57000.1,5,41,1740
990,57000.1,5,49,1740
988,57000.1,5,11,1740
604,57000.1,5,25,1740
587,57000.1,5,47,1740
687,57000.1,5,41,1740
861,57000.1,5,49,1740
482,57000.1,5,25,1740
621,57000.1,5,25,1740
509,57000.1,5,41,1740
363,57000.1,5,37,1740
588,57000.1,5,49,1740
115,57600.1,3,47,870
1,57600.1,29,49,870
292,57600.1,9,25,870
3,57600.1,151,375,870
61,57600.1,11,45,870
272,57600.1,9,363,870
50,57600.1,9,31,870
278,57600.1,9,15,870
593,57600.1,587,21,1740
856,57600.1,587,17,1740
736,57600.1,587,37,1740
323,58200.1,27,25,870
11,58200.1,37,3,870
340,58200.1,7,9,870
272,58200.1,363,45,870
30,58200.1,21,123,870
9,58200.1,11,407,870
133,58200.1,37,17,870
617,58200.1,363,49,1740
521,58200.1,81,31,1740
211,58800.1,45,123,870
344,58800.1,45,41,870
268,59400.1,11,407,870
3,59400.1,375,45,870
126,59400.1,11,17,870
270,59400.1,11,3,870
514,59400.1,37,41,1740
428,59400.1,37,49,1740
1041,59400.1,37,27,1740
568,59400.1,37,13,1740
202,59400.1,37,151,870
974,59400.1,37,587,1740
519,59400.1,37,31,1740
212,59400.1,37,363,870
954,59400.1,37,81,1740
897,59400.1,37,7,1740
892,59400.1,37,29,1740
424,59400.1,37,15,1740
444,59400.1,37,47,1740
29,59400.1,37,25,870
161,59400.1,37,9,870
363,59400.1,37,123,1740
1003,59400.1,37,21,1740
736,59400.1,37,539,1740
553,59400.1,37,539,1740
844,59400.1,37,21,1740
282,60000.1,13,25,870
342,60000.1,27,21,870
112,60000.1,407,539,870
151,60000.1,31,123,870
202,60000.1,151,41,870
212,60000.1,363,15,870
635,60000.1,123,49,1740
211,60000.1,123,9,870
574,60000.1,123,17,1740
30,60000.1,123,11,870
695,60000.1,123,81,1740
491,60000.1,123,47,1740
614,60000.1,123,375,1740
542,60000.1,123,7,1740
151,60000.1,123,375,870
970,60000.1,123,3,1740
656,60000.1,123,29,1740
515,60000.1,123,7,1740
965,60000.1,123,539,1740
841,60000.1,123,21,1740
368,60000.1,123,25,1740
413,60000.1,123,25,1740
443,60000.1,123,17,1740
363,60000.1,123,587,1740
853,60000.1,123,47,1740
880,60000.1,123,539,1740
728,60000.1,123,81,1740
1036,60000.1,123,17,1740
466,60000.1,123,17,1740
693,60000.1,123,45,1740
473,60000.1,123,9,1740
822,60000.1,123,45,1740
1025,60000.1,123,45,1740
91,60600.1,9,1,870
13,60600.1,31,5,870
722,60600.1,587,27,1740
157,60600.1,7,151,870
316,60600.1,7,13,870
151,60600.1,375,41,870
97,60600.1,7,21,870
12,60600.1,7,363,870
317,60600.1,9,25,870
19,60600.1,11,407,870
37,60600.1,7,49,870
124,60600.1,15,81,870
40,61200.1,41,5,870
338,61200.1,45,17,870
116,61200.1,539,31,870
90,61200.1,45,151,870
205,61200.1,407,29,870
27,61200.1,539,363,870
91,61200.1,1,7,870
269,61800.1,25,5,870
199,61800.1,407,21,870
234,61800.1,17,11,870
112,61800.1,539,9,870
233,61800.1,27,81,870
78,61800.1,407,45,870
12,61800.1,363,151,870
13,61800.1,5,587,870
269,61800.1,5,13,870
40,61800.1,5,31,870
52,62400.1,17,1,870
239,62400.1,13,5,870
71,62400.1,31,7,870
125,62400.1,21,375,870
157,62400.1,151,49,870
72,62400.1,25,9,870
307,62400.1,25,27,870
90,62400.1,151,41,870
101,62400.1,17,3,870
140,62400.1,407,15,870
146,63000.1,49,1,870
239,63000.1,5,539,870
323,63000.1,25,17,870
586,63000.1,25,27,1740
4,63000.1,25,41,870
454,63000.1,25,13,1740
282,63000.1,25,407,870
292,63000.1,25,363,870
404,63000.1,25,587,1740
407,63000.1,25,29,1740
604,63000.1,25,45,1740
413,63000.1,25,7,1740
482,63000.1,25,21,1740
295,63000.1,25,3,870
402,63000.1,25,11,1740
31,63000.1,25,47,870
317,63000.1,25,151,870
368,63000.1,25,15,1740
29,63000.1,25,81,870
833,63000.1,25,375,1740
621,63000.1,25,15,1740
938,63000.1,25,375,1740
149,63000.1,25,11,870
273,63600.1,17,1,870
0,63600.1,49,47,870
92,63600.1,41,45,870
13,63600.1,587,1,870
119,63600.1,29,363,870
239,63600.1,539,5,870
127,63600.1,7,19,870
124,63600.1,81,11,870
340,63600.1,9,23,870
152,63600.1,27,15,870
250,63600.1,9,151,870
153,63600.1,9,31,870
103,63600.1,407,3,870
95,63600.1,27,375,870
339,64200.1,13,19,870
293,64200.1,21,1,870
292,64200.1,363,539,870
118,64200.1,27,9,870
197,64200.1,11,587,870
142,64200.1,21,49,870
27,64200.1,363,375,870
340,64200.1,23,17,870
239,64200.1,5,45,870
211,64800.1,9,19,870
298,64800.1,49,1,870
125,64800.1,375,81,870
292,64800.1,539,407,870
343,64800.1,11,3,870
236,64800.1,27,7,870
348,64800.1,45,13,870
160,64800.1,15,31,870
197,64800.1,587,21,870
77,64800.1,15,5,870
178,64800.1,11,363,870
460,64800.1,587,17,1740
35,64800.1,45,47,870
161,64800.1,9,41,870
119,65400.1,363,19,870
290,65400.1,45,13,870
257,65400.1,45,27,870
62,65400.1,47,29,870
57,65400.1,41,15,870
77,65400.1,5,81,870
365,66000.1,375,19,1740
83,66000.1,41,1,870
233,66000.1,81,31,870
30,66000.1,11,49,870
125,66000.1,81,363,870
21,66000.1,11,3,870
164,66000.1,407,9,870
201,66000.1,11,7,870
29,66000.1,81,13,870
10,66000.1,407,151,870
890,66000.1,539,17,1740
27,66000.1,375,45,870
95,66000.1,375,21,870
291,66000.1,407,15,870
310,66600.1,13,19,870
94,66600.1,15,41,870
180,66600.1,47,17,870
177,66600.1,7,27,870
77,66600.1,81,1,870
148,66600.1,3,9,870
168,66600.1,7,31,870
246,66600.1,7,45,870
247,66600.1,7,11,870
332,66600.1,3,375,870
317,66600.1,151,407,870
12,66600.1,151,49,870
154,66600.1,21,539,870
130,66600.1,7,29,870
178,66600.1,363,587,870
14,67200.1,3,19,870
439,67200.1,375,5,1740
234,67200.1,11,23,870
66,67200.1,49,25,870
125,67200.1,363,15,870
332,67200.1,375,1,870
175,67200.1,27,407,870
560,67200.1,81,17,1740
54,67200.1,27,41,870
456,67200.1,81,9,1740
59,67200.1,27,29,870
301,67200.1,27,13,870
250,67200.1,151,7,870
287,67800.1,45,3,870
145,67800.1,7,29,870
228,67800.1,45,41,870
163,67800.1,27,587,870
82,67800.1,45,9,870
208,67800.1,7,1,870
191,67800.1,45,31,870
216,67800.1,407,49,870
154,67800.1,539,11,870
364,67800.1,539,81,1740
66,67800.1,25,375,870
439,67800.1,5,23,1740
695,67800.1,81,23,1740
513,67800.1,81,23,1740
987,67800.1,81,31,1740
416,67800.1,81,23,1740
397,67800.1,81,23,1740
914,67800.1,81,363,1740
954,67800.1,81,13,1740
484,67800.1,81,49,1740
400,67800.1,81,151,1740
1029,67800.1,81,17,1740
571,67800.1,81,3,1740
731,67800.1,81,15,1740
924,67800.1,81,19,1740
928,67800.1,81,47,1740
636,67800.1,81,21,1740
644,67800.1,81,11,1740
883,67800.1,81,19,1740
728,67800.1,81,47,1740
364,67800.1,81,11,1740
998,67800.1,81,19,1740
1027,67800.1,81,21,1740
283,68400.1,29,23,870
285,68400.1,31,11,870
60,68400.1,17,587,870
108,68400.1,17,41,870
218,68400.1,15,27,870
220,68400.1,13,19,870
65,68400.1,31,375,870
10,68400.1,151,1,870
918,68400.1,151,3,1740
45,69000.1,41,23,870
284,69000.1,15,47,870
52,69600.1,1,23,870
66,69600.1,375,587,870
209,69600.1,41,29,870
181,69600.1,27,19,870
257,69600.1,27,11,870
1041,69600.1,27,363,1740
586,69600.1,27,49,1740
302,69600.1,27,13,870
307,69600.1,27,407,870
722,69600.1,27,17,1740
87,69600.1,27,15,870
773,69600.1,27,7,1740
582,69600.1,27,45,1740
378,69600.1,27,539,1740
179,69600.1,27,3,870
218,69600.1,27,9,870
177,69600.1,27,151,870
481,69600.1,27,21,1740
984,69600.1,27,31,1740
894,69600.1,27,3,1740
173,69600.1,27,21,870
660,69600.1,27,29,1740
2,69600.1,27,151,870
71,70200.1,7,23,870
408,70200.1,363,1,1740
9,70200.1,407,19,870
231,70200.1,3,11,870
138,70200.1,31,17,870
137,70200.1,15,9,870
248,70200.1,13,45,870
91,70200.1,7,29,870
349,70800.1,41,5,870
149,70800.1,11,23,870
60,70800.1,587,363,870
127,70800.1,19,539,870
268,70800.1,407,49,870
163,70800.1,587,1,870
215,70800.1,29,31,870
243,70800.1,3,375,870
177,70800.1,151,9,870
172,70800.1,15,7,870
32,70800.1,3,45,870
178,70800.1,587,21,870
51,71400.1,29,5,870
58,71400.1,13,5,870
66,71400.1,587,7,870
146,71400.1,1,41,870
200,71400.1,29,11,870
253,71400.1,17,539,870
223,71400.1,17,23,870
262,71400.1,15,49,870
226,71400.1,29,407,870
300,71400.1,17,21,870
325,71400.1,29,47,870
190,71400.1,29,19,870
341,71400.1,29,31,870
224,71400.1,29,45,870
339,72000.1,19,5,870
127,72000.1,539,1,870
150,72000.1,21,11,870
266,72000.1,41,363,870
247,72600.1,11,5,870
116,72600.1,31,17,870
60,72600.1,363,9,870
50,72600.1,31,539,870
124,72600.1,11,23,870
36,72600.1,31,7,870
162,72600.1,49,13,870
309,72600.1,31,19,870
323,72600.1,17,29,870
574,72600.1,17,47,1740
502,72600.1,17,407,1740
340,72600.1,17,587,870
560,72600.1,17,375,1740
116,72600.1,17,15,870
783,72600.1,17,45,1740
180,72600.1,17,19,870
460,72600.1,17,1,1740
338,72600.1,17,13,870
133,72600.1,17,41,870
722,72600.1,17,7,1740
443,72600.1,17,7,1740
466,72600.1,17,13,1740
139,72600.1,17,151,870
126,72600.1,17,539,870
370,72600.1,17,23,1740
890,72600.1,17,19,1740
1036,72600.1,17,539,1740
483,72600.1,17,45,1740
1029,72600.1,17,375,1740
138,72600.1,17,375,870
104,72600.1,17,45,870
856,72600.1,17,15,1740
74,73200.1,15,5,870
2,73200.1,151,19,870
234,73200.1,23,31,870
132,73200.1,3,17,870
136,73200.1,47,375,870
72,73200.1,9,7,870
131,73200.1,49,25,870
283,73200.1,23,29,870
340,73200.1,587,13,870
112,73200.1,9,21,870
285,73200.1,11,27,870
499,73200.1,587,363,1740
253,73200.1,539,33,870
154,73200.1,11,45,870
52,73800.1,23,17,870
203,73800.1,15,5,870
214,73800.1,21,27,870
272,73800.1,45,1,870
257,73800.1,11,539,870
966,73800.1,363,587,1740
61,73800.1,45,3,870
45,73800.1,23,9,870
236,73800.1,7,47,870
201,73800.1,7,19,870
266,73800.1,363,41,870
347,73800.1,21,29,870
253,73800.1,33,31,870
131,73800.1,25,5,870
214,73800.1,27,17,870
285,73800.1,27,17,870
269,74400.1,13,17,870
308,74400.1,47,25,870
92,74400.1,45,15,870
211,74400.1,19,23,870
1,74400.1,49,1,870
40,74400.1,31,27,870
118,74400.1,9,21,870
3,74400.1,45,375,870
315,74400.1,13,407,870
229,74400.1,13,3,870
50,74400.1,539,587,870
696,74400.1,363,41,1740
78,74400.1,45,5,870
961,74400.1,363,151,1740
244,74400.1,13,7,870
316,74400.1,13,29,870
257,75000.1,539,25,870
305,75000.1,29,27,870
157,75000.1,49,17,870
832,75000.1,363,45,1740
342,75000.1,21,151,870
164,75000.1,9,407,870
126,75000.1,539,1,870
187,75000.1,29,7,870
37,75000.1,49,31,870
40,75000.1,27,25,870
305,75000.1,27,47,870
52,75000.1,17,25,870
214,75000.1,17,13,870
132,75000.1,17,23,870
269,75000.1,17,25,870
157,75000.1,17,7,870
285,75000.1,17,11,870
71,75600.1,23,25,870
605,75600.1,539,5,1740
30,75600.1,49,15,870
282,75600.1,407,587,870
1040,75600.1,539,47,1740
65,75600.1,375,11,870
19,75600.1,407,21,870
142,75600.1,49,13,870
808,75600.1,539,7,1740
273,76200.1,1,19,870
239,76200.1,45,29,870
138,76200.1,375,11,870
292,76200.1,407,25,870
82,76200.1,9,587,870
243,76200.1,375,49,870
33,76200.1,47,41,870
148,76200.1,9,151,870
121,76200.1,47,13,870
342,76800.1,151,23,870
202,76800.1,41,363,870
139,76800.1,151,5,870
344,76800.1,41,7,870
610,76800.1,3,1,1740
343,76800.1,3,11,870
571,76800.1,3,13,1740
11,76800.1,3,21,870
61,76800.1,3,15,870
192,76800.1,3,407,870
155,76800.1,3,47,870
287,76800.1,3,539,870
1002,76800.1,3,29,1740
21,76800.1,3,31,870
275,76800.1,3,19,870
16,76800.1,3,9,870
970,76800.1,3,25,1740
229,76800.1,3,45,870
540,76800.1,3,587,1740
237,76800.1,3,49,870
101,76800.1,3,7,870
319,76800.1,3,5,870
270,76800.1,3,587,870
918,76800.1,3,45,1740
103,76800.1,3,49,870
295,76800.1,3,9,870
179,76800.1,3,375,870
894,76800.1,3,5,1740
66,77400.1,7,363,870
136,77400.1,375,45,870
119,77400.1,19,3,870
287,77400.1,539,17,870
348,77400.1,13,27,870
62,77400.1,29,33,870
151,77400.1,41,23,870
172,77400.1,7,5,870
231,77400.1,11,21,870
250,77400.1,7,47,870
117,77400.1,29,31,870
7,77400.1,29,35,870
205,77400.1,29,407,870
137,77400.1,9,37,870
12,77400.1,49,39,870
218,77400.1,9,43,870
115,78000.1,47,3,870
105,78000.1,15,539,870
13,78000.1,1,49,870
285,78000.1,11,23,870
200,78000.1,11,45,870
197,78000.1,21,9,870
110,78000.1,47,31,870
175,78000.1,407,41,870
199,78000.1,21,13,870
97,78000.1,21,587,870
317,78000.1,407,19,870
150,78000.1,11,25,870
137,78000.1,37,363,870
218,78000.1,43,5,870
12,78000.1,39,375,870
7,78000.1,35,363,870
348,78000.1,27,17,870
62,78000.1,33,19,870
115,78000.1,3,17,870
119,78000.1,3,17,870
349,78600.1,5,17,870
66,78600.1,363,47,870
268,78600.1,49,17,870
59,78600.1,29,9,870
202,78600.1,363,45,870
130,78600.1,29,15,870
216,78600.1,49,7,870
90,79200.1,41,11,870
246,79200.1,45,17,870
50,79200.1,587,29,870
802,79200.1,151,375,1740
27,79200.1,45,25,870
148,79200.1,151,13,870
343,79200.1,11,21,870
427,79200.1,11,47,1740
402,79200.1,11,363,1740
414,79200.1,11,1,1740
360,79200.1,11,539,1740
644,79200.1,11,5,1740
1009,79200.1,11,7,1740
526,79200.1,11,9,1740
632,79200.1,11,15,1740
375,79200.1,11,17,1740
90,79200.1,11,49,870
742,79200.1,11,13,1740
364,79200.1,11,23,1740
65,79200.1,11,29,870
1024,79200.1,11,31,1740
988,79200.1,11,25,1740
946,79200.1,11,375,1740
1037,79200.1,11,407,1740
917,79200.1,11,23,1740
138,79200.1,11,25,870
601,79200.1,11,375,1740
384,79200.1,11,49,1740
310,79800.1,19,17,870
149,79800.1,23,3,870
293,79800.1,1,11,870
3,79800.1,375,539,870
173,79800.1,21,13,870
307,79800.1,407,5,870
748,79800.1,151,31,1740
95,79800.1,21,587,870
308,80400.1,25,3,870
105,80400.1,539,11,870
288,80400.1,15,49,870
423,80400.1,151,29,1740
248,80400.1,45,375,870
69,80400.1,15,19,870
282,80400.1,587,41,870
112,80400.1,21,47,870
118,80400.1,21,1,870
32,80400.1,45,5,870
160,80400.1,31,407,870
60,80400.1,9,17,870
177,80400.1,9,13,870
168,80400.1,31,7,870
633,80400.1,151,23,1740
233,80400.1,31,363,870
300,80400.1,21,27,870
153,80400.1,31,33,870
178,80400.1,21,35,870
577,80400.1,151,37,1740
105,80400.1,11,3,870
293,80400.1,11,3,870
91,81000.1,29,3,870
298,81000.1,1,33,870
51,81000.1,5,25,870
209,81000.1,29,7,870
137,81000.1,363,45,870
16,81000.1,9,151,870
145,81000.1,29,21,870
262,81000.1,49,15,870
82,81000.1,587,539,870
45,81000.1,9,13,870
31,81000.1,47,19,870
270,81000.1,587,17,870
577,81000.1,37,31,1740
300,81000.1,27,407,870
178,81000.1,35,23,870
298,81000.1,33,3,870
153,81000.1,33,41,870
11,81600.1,21,3,870
97,81600.1,587,45,870
0,81600.1,47,13,870
26,81600.1,15,19,870
226,81600.1,407,23,870
243,81600.1,49,31,870
72,81600.1,7,41,870
135,81600.1,15,151,870
7,81600.1,363,1,870
19,81600.1,21,29,870
36,81600.1,7,539,870
179,81600.1,375,5,870
191,82200.1,31,3,870
1042,82200.1,375,11,1740
3,82200.1,539,29,870
233,82200.1,363,41,870
248,82200.1,375,7,870
683,82200.1,539,25,1740
315,82200.1,407,21,870
16,82200.1,151,5,870
82,82200.1,539,1,870
223,82200.1,23,19,870
36,82200.1,539,17,870
12,82200.1,375,9,870
14,82800.1,19,11,870
58,82800.1,5,11,870
323,83400.1,29,11,870
598,83400.1,539,5,1740
197,83400.1,9,19,870
231,83400.1,21,375,870
287,83400.1,17,363,870
290,83400.1,13,15,870
104,83400.1,45,23,870
295,83400.1,9,3,870
224,83400.1,45,41,870
4,84000.1,41,11,870
215,84000.1,31,21,870
229,84000.1,45,1,870
302,84000.1,13,19,870
29,84000.1,13,5,870
154,84000.1,45,23,870
301,84000.1,13,375,870
452,84000.1,21,29,1740
576,84000.1,21,587,1740
411,84000.1,21,539,1740
372,84000.1,21,363,1740
215,84000.1,21,9,870
343,84000.1,21,49,870
145,84000.1,21,3,870
315,84000.1,21,25,870
441,84000.1,21,151,1740
481,84000.1,21,17,1740
488,84000.1,21,19,1740
448,84000.1,21,19,1740
593,84000.1,21,47,1740
1003,84000.1,21,407,1740
383,84000.1,21,407,1740
440,84000.1,21,5,1740
841,84000.1,21,17,1740
973,84000.1,21,25,1740
487,84000.1,21,9,1740
507,84000.1,21,15,1740
636,84000.1,21,375,1740
1027,84000.1,21,23,1740
844,84000.1,21,7,1740
339,84600.1,5,11,870
13,84600.1,49,21,870
40,84600.1,25,27,870
181,84600.1,19,33,870
348,84600.1,17,1,870
162,84600.1,13,151,870
283,84600.1,29,363,870
257,84600.1,25,3,870
830,84600.1,539,41,1740
758,84600.1,587,23,1740
220,84600.1,19,15,870
237,84600.1,49,47,870
103,84600.1,49,375,870
1046,84600.1,539,7,1740
95,84600.1,587,407,870
161,85200.1,41,27,870
244,85200.1,7,33,870
187,85200.1,7,539,870
13,85200.1,21,27,870
181,85200.1,33,27,870
244,85200.1,33,363,870
445,85200.1,539,5,1740
421,85200.1,539,25,1740
411,85200.1,539,19,1740
360,85200.1,539,407,1740
506,85200.1,539,17,1740
624,85200.1,539,27,1740
378,85200.1,539,9,1740
926,85200.1,539,45,1740
518,85200.1,539,29,1740
1001,85200.1,539,375,1740
386,85200.1,539,3,1740
530,85200.1,539,151,1740
948,85200.1,539,31,1740
965,85200.1,539,11,1740
495,85200.1,539,587,1740
581,85200.1,539,49,1740
520,85200.1,539,15,1740
1036,85200.1,539,13,1740
750,85200.1,539,1,1740
187,85200.1,539,47,870
800,85200.1,539,47,1740
736,85200.1,539,363,1740
553,85200.1,539,23,1740
157,85800.1,7,27,870
164,85800.1,407,5,870
59,85800.1,9,31,870
90,85800.1,49,19,870
338,85800.1,13,25,870
