899,600.1,394,299,1740
889,600.1,374,299,1740
747,600.1,90,299,1740
947,600.1,90,299,1740
822,600.1,240,1,1740
1022,600.1,240,3,1740
708,600.1,12,299,1740
908,600.1,12,5,1740
872,600.1,340,299,1740
734,600.1,64,299,1740
943,600.1,82,299,1740
870,600.1,336,299,1740
989,600.1,174,299,1740
893,600.1,382,299,1740
896,600.1,388,299,1740
1026,600.1,248,7,1740
826,600.1,248,9,1740
854,600.1,304,13,1740
858,600.1,312,19,1740
859,600.1,314,27,1740
875,600.1,346,35,1740
885,600.1,366,47,1740
891,600.1,378,59,1740
733,600.1,62,61,1740
933,600.1,62,117,1740
879,600.1,354,101,1740
757,600.1,110,81,1740
912,600.1,20,29,1740
712,600.1,20,11,1740
1048,600.1,292,103,1740
848,600.1,292,25,1740
997,600.1,190,39,1740
797,600.1,190,67,1740
828,600.1,252,77,1740
1028,600.1,252,37,1740
995,600.1,186,79,1740
795,600.1,186,105,1740
388,600.1,377,299,1740
637,600.1,377,139,1740
940,600.1,76,107,1740
740,600.1,76,23,1740
953,600.1,102,111,1740
900,600.1,396,113,1740
710,600.1,16,137,1740
971,600.1,138,207,1740
898,600.1,392,253,1740
768,600.1,132,143,1740
968,600.1,132,31,1740
741,600.1,78,323,1740
941,600.1,78,33,1740
888,600.1,372,15,1740
735,600.1,66,147,1740
935,600.1,66,155,1740
996,600.1,188,185,1740
796,600.1,188,175,1740
705,600.1,6,133,1740
905,600.1,6,141,1740
715,600.1,26,237,1740
808,600.1,212,145,1740
1008,600.1,212,159,1740
737,600.1,70,187,1740
937,600.1,70,179,1740
956,600.1,108,189,1740
756,600.1,108,183,1740
857,600.1,310,327,1740
729,600.1,54,395,1740
894,600.1,384,17,1740
1018,600.1,232,41,1740
818,600.1,232,43,1740
1011,600.1,218,45,1740
811,600.1,218,49,1740
852,600.1,300,51,1740
759,600.1,114,197,1740
959,600.1,114,251,1740
955,600.1,106,279,1740
755,600.1,106,281,1740
780,600.1,156,21,1740
980,600.1,156,305,1740
918,600.1,32,219,1740
718,600.1,32,325,1740
275,600.1,151,299,870
75,600.1,151,53,870
524,600.1,151,55,1740
241,600.1,83,63,870
41,600.1,83,355,870
490,600.1,83,383,1740
690,600.1,83,85,1740
431,600.1,365,69,1740
382,600.1,365,357,1740
631,600.1,365,393,1740
642,600.1,387,195,1740
393,600.1,387,135,1740
193,600.1,387,123,870
442,600.1,387,191,1740
887,600.1,370,297,1740
1045,600.1,286,75,1740
845,600.1,286,209,1740
1047,600.1,290,95,1740
847,600.1,290,347,1740
723,600.1,42,87,1740
923,600.1,42,73,1740
837,600.1,270,249,1740
1037,600.1,270,89,1740
716,600.1,28,91,1740
916,600.1,28,99,1740
871,600.1,338,157,1740
884,600.1,364,173,1740
831,600.1,258,243,1740
1031,600.1,258,119,1740
276,600.1,153,169,870
525,600.1,153,121,1740
306,600.1,213,229,870
106,600.1,213,125,870
555,600.1,213,127,1740
939,600.1,74,299,1740
739,600.1,74,71,1740
876,600.1,348,65,1740
1046,600.1,288,269,1740
846,600.1,288,205,1740
866,600.1,328,225,1740
881,600.1,358,259,1740
882,600.1,360,261,1740
873,600.1,342,97,1740
967,600.1,130,129,1740
767,600.1,130,333,1740
1025,600.1,246,239,1740
825,600.1,246,149,1740
964,600.1,124,161,1740
764,600.1,124,163,1740
775,600.1,146,165,1740
975,600.1,146,109,1740
981,600.1,158,287,1740
781,600.1,158,171,1740
874,600.1,344,211,1740
877,600.1,350,215,1740
878,600.1,352,241,1740
880,600.1,356,245,1740
883,600.1,362,247,1740
1003,600.1,202,307,1740
924,600.1,44,343,1740
724,600.1,44,177,1740
856,600.1,308,351,1740
299,600.1,199,265,870
548,600.1,199,131,1740
99,600.1,199,295,870
868,600.1,332,299,1740
1043,600.1,282,193,1740
843,600.1,282,345,1740
1035,600.1,266,57,1740
835,600.1,266,115,1740
732,600.1,60,223,1740
932,600.1,60,203,1740
176,600.1,353,293,870
376,600.1,353,181,1740
425,600.1,353,221,1740
634,600.1,371,167,1740
434,600.1,371,227,1740
385,600.1,371,257,1740
913,600.1,22,201,1740
713,600.1,22,263,1740
861,600.1,318,217,1740
736,600.1,68,271,1740
936,600.1,68,275,1740
758,600.1,112,311,1740
958,600.1,112,273,1740
1051,600.1,298,309,1740
760,600.1,116,339,1740
1001,600.1,198,341,1740
801,600.1,198,231,1740
1010,600.1,216,235,1740
810,600.1,216,233,1740
750,600.1,96,291,1740
998,600.1,192,289,1740
798,600.1,192,315,1740
823,600.1,242,93,1740
1023,600.1,242,255,1740
990,600.1,176,277,1740
790,600.1,176,267,1740
1050,600.1,296,283,1740
850,600.1,296,317,1740
930,600.1,56,337,1740
730,600.1,56,319,1740
804,600.1,204,385,1740
1004,600.1,204,389,1740
815,600.1,226,361,1740
1015,600.1,226,285,1740
721,600.1,38,399,1740
921,600.1,38,375,1740
988,600.1,172,313,1740
788,600.1,172,367,1740
853,600.1,302,299,1740
909,600.1,14,379,1740
709,600.1,14,329,1740
865,600.1,326,397,1740
1049,600.1,294,303,1740
849,600.1,294,301,1740
993,600.1,182,321,1740
793,600.1,182,381,1740
778,600.1,152,349,1740
978,600.1,152,335,1740
839,600.1,274,331,1740
1039,600.1,274,359,1740
946,600.1,88,363,1740
746,600.1,88,369,1740
970,600.1,136,391,1740
770,600.1,136,373,1740
890,600.1,376,117,1740
1036,600.1,268,43,1740
836,600.1,268,71,1740
1000,600.1,196,1,1740
800,600.1,196,49,1740
827,600.1,250,3,1740
1027,600.1,250,5,1740
984,600.1,164,9,1740
784,600.1,164,115,1740
948,600.1,92,317,1740
748,600.1,92,329,1740
977,600.1,150,55,1740
777,600.1,150,33,1740
1034,600.1,264,25,1740
834,600.1,264,127,1740
961,600.1,118,85,1740
761,600.1,118,373,1740
1024,600.1,244,389,1740
824,600.1,244,11,1740
991,600.1,178,37,1740
791,600.1,178,105,1740
731,600.1,58,191,1740
931,600.1,58,67,1740
814,600.1,224,123,1740
1014,600.1,224,383,1740
951,600.1,98,299,1740
751,600.1,98,285,1740
903,600.1,2,139,1740
703,600.1,2,0,1740
833,600.1,262,23,1740
1033,600.1,262,24,1740
779,600.1,154,31,1740
979,600.1,154,231,1740
706,600.1,8,171,1740
906,600.1,8,205,1740
776,600.1,148,155,1740
976,600.1,148,30,1740
840,600.1,276,175,1740
1040,600.1,276,7,1740
944,600.1,84,29,1740
744,600.1,84,39,1740
720,600.1,36,299,1740
920,600.1,36,40,1740
926,600.1,48,107,1740
726,600.1,48,133,1740
927,600.1,50,141,1740
963,600.1,122,145,1740
763,600.1,122,159,1740
897,600.1,390,179,1740
994,600.1,184,183,1740
794,600.1,184,34,1740
820,600.1,236,209,1740
1020,600.1,236,72,1740
907,600.1,10,315,1740
707,600.1,10,162,1740
972,600.1,140,359,1740
772,600.1,140,80,1740
725,600.1,46,19,1740
1044,600.1,284,59,1740
844,600.1,284,86,1740
765,600.1,126,27,1740
965,600.1,126,94,1740
869,600.1,334,299,1740
1013,600.1,222,13,1740
813,600.1,222,18,1740
1006,600.1,208,61,1740
806,600.1,208,100,1740
1007,600.1,210,119,1740
807,600.1,210,104,1740
769,600.1,134,35,1740
969,600.1,134,120,1740
782,600.1,160,147,1740
982,600.1,160,128,1740
1009,600.1,214,73,1740
809,600.1,214,47,1740
985,600.1,166,263,1740
785,600.1,166,142,1740
704,600.1,4,77,1740
904,600.1,4,79,1740
892,600.1,380,185,1740
805,600.1,206,99,1740
1005,600.1,206,144,1740
860,600.1,316,149,1740
928,600.1,52,187,1740
728,600.1,52,189,1740
1002,600.1,200,115,1740
802,600.1,200,251,1740
816,600.1,228,305,1740
1016,600.1,228,170,1740
821,600.1,238,367,1740
1021,600.1,238,203,1740
1030,600.1,256,257,1740
830,600.1,256,273,1740
901,600.1,398,299,1740
1017,600.1,230,301,1740
817,600.1,230,101,1740
1029,600.1,254,103,1740
829,600.1,254,81,1740
792,600.1,180,347,1740
992,600.1,180,194,1740
863,600.1,322,299,1740
819,600.1,234,281,1740
1019,600.1,234,89,1740
1041,600.1,278,127,1740
841,600.1,278,325,1740
855,600.1,306,275,1740
1038,600.1,272,197,1740
838,600.1,272,143,1740
786,600.1,168,393,1740
986,600.1,168,375,1740
832,600.1,260,299,1740
1032,600.1,260,373,1740
1012,600.1,220,357,1740
812,600.1,220,285,1740
1042,600.1,280,53,1740
842,600.1,280,355,1740
306,1200.1,229,299,870
256,1200.1,113,299,870
505,1200.1,113,3,1740
900,1200.1,113,7,1740
763,1200.1,159,299,1740
79,1200.1,159,5,870
1008,1200.1,159,239,1740
528,1200.1,159,1,1740
130,1200.1,261,19,870
330,1200.1,261,29,870
579,1200.1,261,67,1740
882,1200.1,261,9,1740
865,1200.1,397,299,1740
398,1200.1,397,21,1740
647,1200.1,397,27,1740
124,1200.1,249,41,870
324,1200.1,249,31,870
837,1200.1,249,45,1740
711,1200.1,18,299,1740
911,1200.1,18,61,1740
813,1200.1,18,65,1740
545,1200.1,193,143,1740
1043,1200.1,193,311,1740
96,1200.1,193,231,870
45,1200.1,91,299,870
716,1200.1,91,347,1740
245,1200.1,91,343,870
884,1200.1,173,35,1740
535,1200.1,173,69,1740
286,1200.1,173,11,870
86,1200.1,173,33,870
154,1200.1,309,55,870
354,1200.1,309,15,1740
1051,1200.1,309,59,1740
603,1200.1,309,25,1740
403,1200.1,309,13,1740
133,1200.1,267,73,870
582,1200.1,267,53,1740
333,1200.1,267,47,870
790,1200.1,267,79,1740
722,1200.1,40,299,1740
920,1200.1,40,17,1740
224,1200.1,49,71,870
473,1200.1,49,37,1740
800,1200.1,49,77,1740
673,1200.1,49,81,1740
811,1200.1,49,93,1740
24,1200.1,49,39,870
157,1200.1,315,133,870
357,1200.1,315,97,1740
606,1200.1,315,129,1740
406,1200.1,315,115,1740
343,1200.1,287,105,870
143,1200.1,287,135,870
981,1200.1,287,139,1740
366,1200.1,333,57,1740
166,1200.1,333,43,870
415,1200.1,333,145,1740
615,1200.1,333,117,1740
135,1200.1,271,109,870
736,1200.1,271,131,1740
584,1200.1,271,63,1740
583,1200.1,269,125,1740
1046,1200.1,269,147,1740
334,1200.1,269,191,870
134,1200.1,269,155,870
268,1200.1,137,299,870
68,1200.1,137,163,870
710,1200.1,137,165,1740
578,1200.1,259,299,1740
329,1200.1,259,167,870
881,1200.1,259,171,1740
109,1200.1,219,177,870
558,1200.1,219,181,1740
918,1200.1,219,179,1740
309,1200.1,219,183,870
120,1200.1,241,209,870
878,1200.1,241,123,1740
320,1200.1,241,51,870
569,1200.1,241,75,1740
126,1200.1,253,185,870
575,1200.1,253,207,1740
326,1200.1,253,285,870
898,1200.1,253,103,1740
504,1200.1,111,87,1740
255,1200.1,111,23,870
55,1200.1,111,319,870
953,1200.1,111,85,1740
280,1200.1,161,187,870
529,1200.1,161,95,1740
80,1200.1,161,201,870
964,1200.1,161,89,1740
136,1200.1,273,223,870
830,1200.1,273,275,1740
585,1200.1,273,211,1740
958,1200.1,273,337,1740
370,1200.1,341,217,1740
1001,1200.1,341,121,1740
419,1200.1,341,99,1740
170,1200.1,341,101,870
619,1200.1,341,281,1740
418,1200.1,339,291,1740
618,1200.1,339,257,1740
760,1200.1,339,349,1740
78,1200.1,157,245,870
871,1200.1,157,251,1740
278,1200.1,157,255,870
527,1200.1,157,107,1740
719,1200.1,34,221,1740
794,1200.1,34,119,1740
638,1200.1,379,277,1740
389,1200.1,379,127,1740
438,1200.1,379,279,1740
909,1200.1,379,149,1740
189,1200.1,379,283,870
116,1200.1,233,299,870
565,1200.1,233,141,1740
316,1200.1,233,175,870
810,1200.1,233,197,1740
146,1200.1,293,297,870
346,1200.1,293,205,870
176,1200.1,293,295,870
595,1200.1,293,225,1740
1021,1200.1,203,303,1740
301,1200.1,203,169,870
101,1200.1,203,189,870
550,1200.1,203,195,1740
932,1200.1,203,301,1740
962,1200.1,120,215,1740
762,1200.1,120,227,1740
969,1200.1,120,247,1740
952,1200.1,100,235,1740
806,1200.1,100,305,1740
752,1200.1,100,237,1740
416,1200.1,335,29,1740
616,1200.1,335,243,1740
978,1200.1,335,313,1740
167,1200.1,335,263,870
636,1200.1,375,265,1740
387,1200.1,375,289,1740
986,1200.1,375,307,1740
921,1200.1,375,317,1740
187,1200.1,375,321,870
436,1200.1,375,329,1740
954,1200.1,104,325,1740
754,1200.1,104,327,1740
807,1200.1,104,331,1740
738,1200.1,72,351,1740
938,1200.1,72,359,1740
1020,1200.1,72,345,1740
443,1200.1,389,355,1740
394,1200.1,389,323,1740
1024,1200.1,389,357,1740
1004,1200.1,389,369,1740
194,1200.1,389,363,870
643,1200.1,389,361,1740
976,1200.1,30,367,1740
917,1200.1,30,381,1740
717,1200.1,30,373,1740
966,1200.1,128,391,1740
982,1200.1,128,385,1740
766,1200.1,128,383,1740
742,1200.1,80,393,1740
942,1200.1,80,395,1740
772,1200.1,80,399,1740
702,1200.1,0,7,1740
902,1200.1,0,17,1740
703,1200.1,0,24,1740
773,1200.1,142,197,1740
973,1200.1,142,13,1740
974,1200.1,144,373,1740
774,1200.1,144,85,1740
949,1200.1,94,63,1740
749,1200.1,94,1,1740
965,1200.1,94,225,1740
745,1200.1,86,299,1740
945,1200.1,86,239,1740
844,1200.1,86,343,1740
999,1200.1,194,29,1740
992,1200.1,194,162,1740
987,1200.1,170,299,1740
787,1200.1,170,33,1740
1016,1200.1,170,39,1740
218,1800.1,37,299,870
473,1800.1,37,29,1740
991,1800.1,37,299,1740
562,1800.1,227,29,1740
113,1800.1,227,299,870
313,1800.1,227,3,870
762,1800.1,227,239,1740
671,1800.1,45,299,1740
222,1800.1,45,31,870
22,1800.1,45,117,870
471,1800.1,45,297,1740
1011,1800.1,45,347,1740
530,1800.1,163,299,1740
68,1800.1,163,331,870
764,1800.1,163,1,1740
281,1800.1,163,13,870
177,1800.1,355,29,870
41,1800.1,355,25,870
377,1800.1,355,9,1740
842,1800.1,355,5,1740
626,1800.1,355,7,1740
443,1800.1,355,33,1740
426,1800.1,355,11,1740
37,1800.1,75,299,870
237,1800.1,75,35,870
569,1800.1,75,59,1740
1045,1800.1,75,41,1740
486,1800.1,75,223,1740
19,1800.1,39,43,870
1016,1800.1,39,27,1740
668,1800.1,39,47,1740
24,1800.1,39,17,870
744,1800.1,39,363,1740
121,1800.1,243,29,870
321,1800.1,243,51,870
570,1800.1,243,19,1740
831,1800.1,243,63,1740
616,1800.1,243,23,1740
1030,1800.1,257,299,1740
577,1800.1,257,61,1740
328,1800.1,257,65,870
618,1800.1,257,145,1740
385,1800.1,257,53,1740
423,1800.1,349,105,1740
623,1800.1,349,155,1740
760,1800.1,349,71,1740
778,1800.1,349,69,1740
174,1800.1,349,67,870
374,1800.1,349,77,1740
27,1800.1,55,73,870
154,1800.1,55,93,870
977,1800.1,55,81,1740
476,1800.1,55,79,1740
227,1800.1,55,123,870
676,1800.1,55,21,1740
524,1800.1,55,103,1740
633,1800.1,369,95,1740
746,1800.1,369,97,1740
384,1800.1,369,119,1740
1004,1800.1,369,89,1740
433,1800.1,369,99,1740
164,1800.1,329,125,870
748,1800.1,329,133,1740
613,1800.1,329,127,1740
364,1800.1,329,165,1740
413,1800.1,329,129,1740
436,1800.1,329,169,1740
709,1800.1,329,177,1740
519,1800.1,141,299,1740
927,1800.1,141,101,1740
270,1800.1,141,109,870
70,1800.1,141,209,870
565,1800.1,141,87,1740
985,1800.1,263,29,1740
131,1800.1,263,85,870
167,1800.1,263,149,870
713,1800.1,263,167,1740
331,1800.1,263,205,870
118,1800.1,237,299,870
567,1800.1,237,351,1740
715,1800.1,237,255,1740
752,1800.1,237,215,1740
145,1800.1,291,131,870
750,1800.1,291,187,1740
418,1800.1,291,115,1740
345,1800.1,291,195,870
594,1800.1,291,135,1740
163,1800.1,327,175,870
412,1800.1,327,15,1740
754,1800.1,327,179,1740
363,1800.1,327,211,1740
857,1800.1,327,265,1740
180,1800.1,361,385,870
815,1800.1,361,277,1740
429,1800.1,361,107,1740
380,1800.1,361,305,1740
643,1800.1,361,57,1740
629,1800.1,361,191,1740
994,1800.1,183,197,1740
540,1800.1,183,221,1740
91,1800.1,183,143,870
291,1800.1,183,285,870
309,1800.1,183,201,870
756,1800.1,183,283,1740
966,1800.1,391,121,1740
970,1800.1,391,231,1740
195,1800.1,391,295,870
395,1800.1,391,217,1740
644,1800.1,391,147,1740
444,1800.1,391,225,1740
552,1800.1,207,29,1740
103,1800.1,207,399,870
303,1800.1,207,171,870
575,1800.1,207,251,1740
632,1800.1,367,235,1740
821,1800.1,367,301,1740
383,1800.1,367,181,1740
183,1800.1,367,247,870
432,1800.1,367,189,1740
788,1800.1,367,307,1740
976,1800.1,367,275,1740
571,1800.1,245,279,1740
78,1800.1,245,311,870
322,1800.1,245,321,870
880,1800.1,245,303,1740
407,1800.1,317,289,1740
158,1800.1,317,323,870
948,1800.1,317,313,1740
358,1800.1,317,281,1740
921,1800.1,317,185,1740
607,1800.1,317,383,1740
850,1800.1,317,139,1740
617,1800.1,337,357,1740
930,1800.1,337,395,1740
168,1800.1,337,325,870
368,1800.1,337,319,1740
417,1800.1,337,343,1740
958,1800.1,337,345,1740
439,1800.1,381,351,1740
190,1800.1,381,359,870
917,1800.1,381,373,1740
390,1800.1,381,393,1740
793,1800.1,381,24,1740
983,1800.1,162,299,1740
783,1800.1,162,239,1740
992,1800.1,162,363,1740
707,1800.1,162,23,1740
243,2400.1,87,299,870
504,2400.1,87,7,1740
723,2400.1,87,29,1740
43,2400.1,87,29,870
692,2400.1,87,7,1740
565,2400.1,87,27,1740
88,2400.1,177,299,870
288,2400.1,177,29,870
109,2400.1,177,7,870
709,2400.1,177,47,1740
724,2400.1,177,5,1740
493,2400.1,89,299,1740
693,2400.1,89,29,1740
1019,2400.1,89,21,1740
244,2400.1,89,31,870
1037,2400.1,89,11,1740
964,2400.1,89,19,1740
1004,2400.1,89,325,1740
208,2400.1,17,7,870
457,2400.1,17,167,1740
894,2400.1,17,33,1740
8,2400.1,17,65,870
902,2400.1,17,127,1740
920,2400.1,17,35,1740
949,2400.1,63,29,1740
31,2400.1,63,1,870
231,2400.1,63,43,870
680,2400.1,63,51,1740
241,2400.1,63,13,870
33,2400.1,67,299,870
682,2400.1,67,69,1740
233,2400.1,67,311,870
482,2400.1,67,119,1740
931,2400.1,67,9,1740
579,2400.1,67,15,1740
642,2400.1,195,7,1740
97,2400.1,195,41,870
550,2400.1,195,3,1740
546,2400.1,195,23,1740
297,2400.1,195,71,870
345,2400.1,195,53,870
54,2400.1,109,73,870
270,2400.1,109,79,870
503,2400.1,109,57,1740
135,2400.1,109,85,870
975,2400.1,109,221,1740
254,2400.1,109,93,870
300,2400.1,201,143,870
913,2400.1,201,147,1740
549,2400.1,201,189,1740
100,2400.1,201,95,870
309,2400.1,201,97,870
80,2400.1,201,285,870
29,2400.1,59,299,870
229,2400.1,59,117,870
891,2400.1,59,319,1740
1051,2400.1,59,61,1740
478,2400.1,59,165,1740
1044,2400.1,59,99,1740
678,2400.1,59,101,1740
569,2400.1,59,81,1740
731,2400.1,191,29,1740
544,2400.1,191,103,1740
295,2400.1,191,217,870
442,2400.1,191,279,1740
95,2400.1,191,25,870
334,2400.1,191,107,870
285,2400.1,171,299,870
881,2400.1,171,121,1740
534,2400.1,171,115,1740
706,2400.1,171,181,1740
781,2400.1,171,131,1740
303,2400.1,171,77,870
516,2400.1,135,105,1740
393,2400.1,135,255,1740
267,2400.1,135,145,870
594,2400.1,135,123,1740
67,2400.1,135,155,870
143,2400.1,135,175,870
605,2400.1,313,143,1740
948,2400.1,313,125,1740
405,2400.1,313,209,1740
156,2400.1,313,129,870
988,2400.1,313,185,1740
978,2400.1,313,231,1740
356,2400.1,313,187,1740
360,2400.1,321,281,1740
160,2400.1,321,197,870
993,2400.1,321,265,1740
322,2400.1,321,235,870
187,2400.1,321,205,870
609,2400.1,321,139,1740
407,2400.1,289,275,1740
387,2400.1,289,251,1740
144,2400.1,289,133,870
593,2400.1,289,149,1740
344,2400.1,289,283,870
998,2400.1,289,373,1740
400,2400.1,303,297,1740
1021,2400.1,303,169,1740
151,2400.1,303,215,870
600,2400.1,303,179,1740
880,2400.1,303,301,1740
1049,2400.1,303,345,1740
351,2400.1,303,211,1740
428,2400.1,359,7,1740
179,2400.1,359,305,870
938,2400.1,359,223,1740
190,2400.1,359,239,870
379,2400.1,359,247,1740
972,2400.1,359,225,1740
648,2400.1,399,29,1740
448,2400.1,399,295,1740
199,2400.1,399,307,870
103,2400.1,399,323,870
721,2400.1,399,393,1740
399,2400.1,399,331,1740
914,2400.1,24,299,1740
714,2400.1,24,343,1740
703,2400.1,24,363,1740
793,2400.1,24,385,1740
1033,2400.1,24,277,1740
197,2400.1,395,105,870
446,2400.1,395,143,1740
397,2400.1,395,347,1740
930,2400.1,395,351,1740
729,2400.1,395,357,1740
942,2400.1,395,383,1740
326,3000.1,285,29,870
342,3000.1,285,299,870
812,3000.1,285,7,1740
142,3000.1,285,7,870
291,3000.1,285,143,870
80,3000.1,285,77,870
474,3000.1,51,29,1740
25,3000.1,51,93,870
674,3000.1,51,299,1740
320,3000.1,51,7,870
225,3000.1,51,211,870
852,3000.1,51,47,1740
680,3000.1,51,1,1740
321,3000.1,51,3,870
21,3000.1,43,93,870
470,3000.1,43,299,1740
19,3000.1,43,7,870
231,3000.1,43,325,870
670,3000.1,43,5,1740
1036,3000.1,43,11,1740
221,3000.1,43,21,870
484,3000.1,71,351,1740
224,3000.1,71,7,870
760,3000.1,71,9,1740
297,3000.1,71,15,870
35,3000.1,71,19,870
235,3000.1,71,27,870
836,3000.1,71,23,1740
684,3000.1,71,147,1740
739,3000.1,71,117,1740
212,3000.1,25,29,870
661,3000.1,25,299,1740
95,3000.1,25,31,870
603,3000.1,25,345,1740
12,3000.1,25,33,870
848,3000.1,25,197,1740
461,3000.1,25,85,1740
1034,3000.1,25,35,1740
51,3000.1,103,93,870
544,3000.1,103,325,1740
1029,3000.1,103,41,1740
500,3000.1,103,53,1740
898,3000.1,103,57,1740
1048,3000.1,103,73,1740
251,3000.1,103,61,870
700,3000.1,103,65,1740
1041,3000.1,127,29,1740
555,3000.1,127,179,1740
63,3000.1,127,81,870
613,3000.1,127,95,1740
389,3000.1,127,297,1740
263,3000.1,127,69,870
384,3000.1,119,7,1740
1007,3000.1,119,351,1740
59,3000.1,119,101,870
482,3000.1,119,125,1740
794,3000.1,119,97,1740
127,3000.1,255,299,870
576,3000.1,255,13,1740
327,3000.1,255,105,870
393,3000.1,255,133,1740
278,3000.1,255,281,870
715,3000.1,255,283,1740
531,3000.1,165,325,1740
82,3000.1,165,115,870
282,3000.1,165,123,870
364,3000.1,165,79,1740
710,3000.1,165,319,1740
775,3000.1,165,129,1740
478,3000.1,165,107,1740
638,3000.1,277,283,1740
138,3000.1,277,131,870
338,3000.1,277,149,870
587,3000.1,277,145,1740
990,3000.1,277,155,1740
815,3000.1,277,139,1740
1033,3000.1,277,169,1740
966,3000.1,121,105,1740
1001,3000.1,121,167,1740
60,3000.1,121,181,870
509,3000.1,121,187,1740
881,3000.1,121,175,1740
525,3000.1,121,189,1740
560,3000.1,223,351,1740
486,3000.1,223,99,1740
732,3000.1,223,383,1740
111,3000.1,223,225,870
136,3000.1,223,185,870
938,3000.1,223,209,1740
556,3000.1,215,279,1740
962,3000.1,215,231,1740
151,3000.1,215,217,870
307,3000.1,215,221,870
107,3000.1,215,247,870
877,3000.1,215,235,1740
181,3000.1,363,93,870
381,3000.1,363,275,1740
946,3000.1,363,323,1740
630,3000.1,363,331,1740
430,3000.1,363,265,1740
992,3000.1,363,295,1740
744,3000.1,363,385,1740
703,3000.1,363,301,1740
402,3000.1,307,29,1740
602,3000.1,307,305,1740
153,3000.1,307,205,870
986,3000.1,307,239,1740
199,3000.1,307,251,870
1003,3000.1,307,311,1740
788,3000.1,307,343,1740
1012,3000.1,357,283,1740
427,3000.1,357,325,1740
627,3000.1,357,347,1740
178,3000.1,357,373,870
729,3000.1,357,393,1740
617,3000.1,357,301,1740
378,3000.1,357,117,1740
1024,3000.1,357,65,1740
382,3000.1,357,107,1740
769,3600.1,35,29,1740
237,3600.1,35,7,870
466,3600.1,35,93,1740
666,3600.1,35,105,1740
920,3600.1,35,299,1740
1034,3600.1,35,299,1740
875,3600.1,35,23,1740
665,3600.1,33,299,1740
443,3600.1,33,105,1740
86,3600.1,33,93,870
216,3600.1,33,7,870
787,3600.1,33,41,1740
894,3600.1,33,53,1740
777,3600.1,33,3,1740
16,3600.1,33,5,870
12,3600.1,33,9,870
465,3600.1,33,65,1740
941,3600.1,33,239,1740
477,3600.1,57,29,1740
677,3600.1,57,283,1740
503,3600.1,57,93,1740
366,3600.1,57,7,1740
228,3600.1,57,105,870
1035,3600.1,57,11,1740
643,3600.1,57,15,1740
898,3600.1,57,351,1740
538,3600.1,179,29,1740
897,3600.1,179,299,1740
754,3600.1,179,143,1740
918,3600.1,179,47,1740
89,3600.1,179,69,870
555,3600.1,179,125,1740
937,3600.1,179,77,1740
289,3600.1,179,19,870
780,3600.1,21,105,1740
659,3600.1,21,93,1740
10,3600.1,21,205,870
1019,3600.1,21,85,1740
221,3600.1,21,187,870
398,3600.1,21,1,1740
676,3600.1,21,209,1740
222,3600.1,31,7,870
664,3600.1,31,283,1740
95,3600.1,31,143,870
215,3600.1,31,73,870
779,3600.1,31,123,1740
464,3600.1,31,27,1740
15,3600.1,31,79,870
244,3600.1,31,99,870
968,3600.1,31,13,1740
147,3600.1,295,7,870
596,3600.1,295,61,1740
347,3600.1,295,81,870
448,3600.1,295,95,1740
195,3600.1,295,117,870
99,3600.1,295,131,870
323,3600.1,247,29,870
183,3600.1,247,101,870
107,3600.1,247,155,870
123,3600.1,247,221,870
572,3600.1,247,129,1740
969,3600.1,247,133,1740
883,3600.1,247,145,1740
379,3600.1,247,115,1740
408,3600.1,319,93,1740
159,3600.1,319,351,870
608,3600.1,319,167,1740
368,3600.1,319,169,1740
55,3600.1,319,97,870
359,3600.1,319,175,1740
730,3600.1,319,189,1740
710,3600.1,319,211,1740
891,3600.1,319,139,1740
414,3600.1,331,283,1740
365,3600.1,331,299,1740
614,3600.1,331,143,1740
839,3600.1,331,147,1740
807,3600.1,331,197,1740
399,3600.1,331,225,1740
630,3600.1,331,149,1740
599,3600.1,301,105,1740
821,3600.1,301,275,1740
1017,3600.1,301,305,1740
617,3600.1,301,347,1740
150,3600.1,301,185,870
880,3600.1,301,235,1740
703,3600.1,301,265,1740
574,3600.1,251,351,1740
125,3600.1,251,143,870
325,3600.1,251,279,870
199,3600.1,251,107,870
387,3600.1,251,181,1740
871,3600.1,251,297,1740
575,3600.1,251,217,1740
959,3600.1,251,311,1740
802,3600.1,251,323,1740
645,3600.1,393,299,1740
445,3600.1,393,7,1740
742,3600.1,393,231,1740
786,3600.1,393,281,1740
196,3600.1,393,383,870
729,3600.1,393,345,1740
721,3600.1,393,325,1740
390,3600.1,393,385,1740
631,3600.1,393,343,1740
396,3600.1,393,373,1740
454,4200.1,11,29,1740
5,4200.1,11,7,870
205,4200.1,11,143,870
1035,4200.1,11,283,1740
824,4200.1,11,351,1740
1036,4200.1,11,93,1740
426,4200.1,11,105,1740
1037,4200.1,11,279,1740
654,4200.1,11,299,1740
805,4200.1,99,279,1740
698,4200.1,99,299,1740
498,4200.1,99,105,1740
486,4200.1,99,93,1740
249,4200.1,99,351,870
244,4200.1,99,1,870
916,4200.1,99,3,1740
1044,4200.1,99,9,1740
419,4200.1,99,5,1740
681,4200.1,65,351,1740
32,4200.1,65,283,870
876,4200.1,65,93,1740
481,4200.1,65,105,1740
1024,4200.1,65,143,1740
8,4200.1,65,15,870
700,4200.1,65,13,1740
513,4200.1,129,7,1740
967,4200.1,129,143,1740
413,4200.1,129,19,1740
572,4200.1,129,73,1740
64,4200.1,129,27,870
156,4200.1,129,79,870
264,4200.1,129,85,870
775,4200.1,129,61,1740
1029,4200.1,41,29,1740
97,4200.1,41,105,870
220,4200.1,41,325,870
124,4200.1,41,117,870
787,4200.1,41,185,1740
20,4200.1,41,47,870
469,4200.1,41,101,1740
1018,4200.1,41,125,1740
669,4200.1,41,133,1740
72,4200.1,145,299,870
272,4200.1,145,93,870
521,4200.1,145,283,1740
963,4200.1,145,143,1740
587,4200.1,145,147,1740
267,4200.1,145,187,870
883,4200.1,145,23,1740
808,4200.1,145,189,1740
618,4200.1,145,53,1740
502,4200.1,107,351,1740
926,4200.1,107,279,1740
253,4200.1,107,105,870
53,4200.1,107,149,870
334,4200.1,107,155,870
382,4200.1,107,81,1740
429,4200.1,107,197,1740
478,4200.1,107,231,1740
199,4200.1,107,205,870
820,4200.1,209,283,1740
104,4200.1,209,93,870
938,4200.1,209,275,1740
304,4200.1,209,297,870
120,4200.1,209,69,870
405,4200.1,209,169,1740
70,4200.1,209,131,870
553,4200.1,209,115,1740
676,4200.1,209,217,1740
845,4200.1,209,175,1740
444,4200.1,225,143,1740
112,4200.1,225,1,870
312,4200.1,225,373,870
965,4200.1,225,305,1740
111,4200.1,225,167,870
972,4200.1,225,343,1740
399,4200.1,225,347,1740
561,4200.1,225,235,1740
779,4200.1,123,279,1740
282,4200.1,123,105,870
878,4200.1,123,93,1740
227,4200.1,123,97,870
61,4200.1,123,77,870
510,4200.1,123,211,1740
814,4200.1,123,239,1740
594,4200.1,123,323,1740
193,4200.1,123,383,870
441,4200.1,385,29,1740
180,4200.1,385,7,870
192,4200.1,385,299,870
793,4200.1,385,181,1740
804,4200.1,385,95,1740
982,4200.1,385,221,1740
744,4200.1,385,265,1740
390,4200.1,385,281,1740
372,4200.1,345,351,1740
421,4200.1,345,139,1740
1049,4200.1,345,311,1740
172,4200.1,345,175,870
958,4200.1,345,13,1740
729,4200.1,345,5,1740
603,4200.1,345,53,1740
621,4200.1,345,281,1740
1020,4200.1,345,205,1740
843,4200.1,345,383,1740
472,4800.1,47,7,1740
223,4800.1,47,29,870
672,4800.1,47,93,1740
809,4800.1,47,143,1740
918,4800.1,47,283,1740
20,4800.1,47,351,870
23,4800.1,47,105,870
852,4800.1,47,325,1740
656,4800.1,15,279,1740
412,4800.1,15,299,1740
456,4800.1,15,325,1740
8,4800.1,15,105,870
7,4800.1,15,351,870
297,4800.1,15,283,870
207,4800.1,15,143,870
354,4800.1,15,283,1740
579,4800.1,15,9,1740
888,4800.1,15,3,1740
643,4800.1,15,27,1740
248,4800.1,97,143,870
497,4800.1,97,283,1740
48,4800.1,97,29,870
746,4800.1,97,93,1740
873,4800.1,97,351,1740
697,4800.1,97,197,1740
794,4800.1,97,53,1740
309,4800.1,97,311,870
227,4800.1,97,5,870
357,4800.1,97,61,1740
55,4800.1,97,69,870
164,4800.1,125,105,870
62,4800.1,125,325,870
555,4800.1,125,279,1740
948,4800.1,125,299,1740
583,4800.1,125,205,1740
262,4800.1,125,19,870
482,4800.1,125,73,1740
1018,4800.1,125,347,1740
132,4800.1,265,351,870
636,4800.1,265,93,1740
332,4800.1,265,29,870
581,4800.1,265,117,1740
430,4800.1,265,1,1740
993,4800.1,265,239,1740
299,4800.1,265,23,870
857,4800.1,265,155,1740
703,4800.1,265,81,1740
533,4800.1,169,7,1740
301,4800.1,169,279,870
1021,4800.1,169,283,1740
368,4800.1,169,13,1740
284,4800.1,169,79,870
436,4800.1,169,85,1740
405,4800.1,169,95,1740
1033,4800.1,169,101,1740
293,4800.1,187,29,870
509,4800.1,187,299,1740
928,4800.1,187,77,1740
280,4800.1,187,133,870
267,4800.1,187,131,870
750,4800.1,187,221,1740
221,4800.1,187,147,870
542,4800.1,187,139,1740
356,4800.1,187,149,1740
94,4800.1,189,93,870
543,4800.1,189,143,1740
101,4800.1,189,323,870
294,4800.1,189,185,870
549,4800.1,189,167,1740
728,4800.1,189,217,1740
432,4800.1,189,211,1740
730,4800.1,189,115,1740
808,4800.1,189,175,1740
620,4800.1,343,325,1740
371,4800.1,343,283,1740
924,4800.1,343,181,1740
714,4800.1,343,231,1740
245,4800.1,343,235,870
972,4800.1,343,275,1740
420,4800.1,343,297,1740
844,4800.1,343,281,1740
788,4800.1,343,305,1740
631,4800.1,343,373,1740
640,4800.1,383,105,1740
391,4800.1,383,143,1740
440,4800.1,383,69,1740
193,4800.1,383,27,870
490,4800.1,383,61,1740
942,4800.1,383,5,1740
732,4800.1,383,373,1740
196,4800.1,383,101,870
607,4800.1,383,305,1740
1014,4800.1,383,95,1740
843,4800.1,383,81,1740
191,4800.1,383,281,870
766,4800.1,383,3,1740
860,5400.1,149,7,1740
523,5400.1,149,105,1740
338,5400.1,149,283,870
909,5400.1,149,93,1740
593,5400.1,149,29,1740
74,5400.1,149,5,870
274,5400.1,149,139,870
630,5400.1,149,143,1740
53,5400.1,149,279,870
9,5400.1,19,325,870
725,5400.1,19,351,1740
262,5400.1,19,279,870
35,5400.1,19,143,870
209,5400.1,19,299,870
130,5400.1,19,139,870
458,5400.1,19,29,1740
413,5400.1,19,5,1740
964,5400.1,19,23,1740
858,5400.1,19,9,1740
289,5400.1,19,81,870
570,5400.1,19,1,1740
655,5400.1,13,93,1740
1013,5400.1,13,283,1740
576,5400.1,13,143,1740
281,5400.1,13,29,870
973,5400.1,13,131,1740
368,5400.1,13,299,1740
6,5400.1,13,217,870
206,5400.1,13,27,870
241,5400.1,13,281,870
403,5400.1,13,61,1740
854,5400.1,13,77,1740
700,5400.1,13,101,1740
958,5400.1,13,297,1740
968,5400.1,13,53,1740
239,5400.1,79,105,870
488,5400.1,79,139,1740
270,5400.1,79,5,870
904,5400.1,79,305,1740
15,5400.1,79,69,870
156,5400.1,79,73,870
284,5400.1,79,95,870
364,5400.1,79,85,1740
39,5400.1,79,117,870
476,5400.1,79,133,1740
688,5400.1,79,115,1740
995,5400.1,79,155,1740
302,5400.1,205,351,870
551,5400.1,205,279,1740
346,5400.1,205,5,870
583,5400.1,205,131,1740
153,5400.1,205,175,870
199,5400.1,205,197,870
10,5400.1,205,181,870
187,5400.1,205,167,870
906,5400.1,205,211,1740
1020,5400.1,205,221,1740
610,5400.1,323,7,1740
394,5400.1,323,283,1740
802,5400.1,323,299,1740
161,5400.1,323,29,870
594,5400.1,323,147,1740
101,5400.1,323,3,870
103,5400.1,323,373,870
946,5400.1,323,231,1740
741,5400.1,323,239,1740
566,5400.1,235,93,1740
952,5400.1,235,143,1740
561,5400.1,235,325,1740
632,5400.1,235,29,1740
317,5400.1,235,185,870
117,5400.1,235,275,870
1010,5400.1,235,311,1740
877,5400.1,235,347,1740
880,5400.1,235,155,1740
245,5400.1,235,115,870
322,5400.1,235,1,870
247,6000.1,95,93,870
633,6000.1,95,105,1740
696,6000.1,95,283,1740
448,6000.1,95,351,1740
804,6000.1,95,7,1740
529,6000.1,95,139,1740
284,6000.1,95,143,870
613,6000.1,95,279,1740
1014,6000.1,95,325,1740
1047,6000.1,95,347,1740
100,6000.1,95,29,870
405,6000.1,95,299,1740
250,6000.1,101,347,870
499,6000.1,101,299,1740
59,6000.1,101,29,870
50,6000.1,101,325,870
469,6000.1,101,279,1740
817,6000.1,101,143,1740
699,6000.1,101,139,1740
678,6000.1,101,351,1740
879,6000.1,101,1,1740
1033,6000.1,101,3,1740
927,6000.1,101,9,1740
700,6000.1,101,5,1740
236,6000.1,73,283,870
1009,6000.1,73,143,1740
54,6000.1,73,7,870
133,6000.1,73,105,870
27,6000.1,73,351,870
36,6000.1,73,139,870
482,6000.1,73,279,1740
685,6000.1,73,23,1740
215,6000.1,73,27,870
156,6000.1,73,373,870
572,6000.1,73,61,1740
1048,6000.1,73,77,1740
923,6000.1,73,81,1740
273,6000.1,147,93,870
782,6000.1,147,351,1740
839,6000.1,147,325,1740
73,6000.1,147,105,870
644,6000.1,147,29,1740
587,6000.1,147,85,1740
1046,6000.1,147,69,1740
913,6000.1,147,117,1740
735,6000.1,147,115,1740
594,6000.1,147,133,1740
287,6000.1,175,7,870
163,6000.1,175,139,870
840,6000.1,175,299,1740
87,6000.1,175,279,870
172,6000.1,175,143,870
153,6000.1,175,347,870
143,6000.1,175,167,870
881,6000.1,175,155,1740
808,6000.1,175,281,1740
796,6000.1,175,297,1740
845,6000.1,175,185,1740
359,6000.1,175,197,1740
316,6000.1,175,305,870
308,6000.1,217,105,870
151,6000.1,217,29,870
557,6000.1,217,325,1740
108,6000.1,217,53,870
6,6000.1,217,221,870
370,6000.1,217,239,1740
861,6000.1,217,231,1740
728,6000.1,217,311,1740
295,6000.1,217,181,870
676,6000.1,217,131,1740
395,6000.1,217,211,1740
855,6000.1,275,283,1740
586,6000.1,275,351,1740
407,6000.1,275,143,1740
821,6000.1,275,347,1740
830,6000.1,275,279,1740
381,6000.1,275,5,1740
972,6000.1,275,305,1740
137,6000.1,275,197,870
117,6000.1,275,9,870
938,6000.1,275,3,1740
936,6000.1,275,81,1740
976,6000.1,275,185,1740
66,6600.1,133,283,870
157,6600.1,133,93,870
515,6600.1,133,143,1740
266,6600.1,133,351,870
748,6600.1,133,7,1740
476,6600.1,133,105,1740
726,6600.1,133,139,1740
280,6600.1,133,131,870
669,6600.1,133,279,1740
393,6600.1,133,325,1740
11,6600.1,23,325,870
546,6600.1,23,373,1740
211,6600.1,23,347,870
460,6600.1,23,279,1740
255,6600.1,23,29,870
616,6600.1,23,299,1740
883,6600.1,23,131,1740
833,6600.1,23,139,1740
660,6600.1,23,105,1740
836,6600.1,23,7,1740
685,6600.1,23,351,1740
875,6600.1,23,131,1740
964,6600.1,23,5,1740
360,6600.1,281,351,1740
589,6600.1,281,105,1740
819,6600.1,281,7,1740
140,6600.1,281,143,870
340,6600.1,281,139,870
358,6600.1,281,299,1740
808,6600.1,281,29,1740
621,6600.1,281,131,1740
786,6600.1,281,27,1740
191,6600.1,281,1,870
241,6600.1,281,3,870
278,6600.1,281,9,870
755,6600.1,281,69,1740
619,6600.1,281,85,1740
844,6600.1,281,53,1740
390,6600.1,281,81,1740
526,6600.1,155,297,1740
77,6600.1,155,131,870
935,6600.1,155,279,1740
623,6600.1,155,29,1740
776,6600.1,155,299,1740
67,6600.1,155,139,870
334,6600.1,155,347,870
134,6600.1,155,117,870
990,6600.1,155,61,1740
880,6600.1,155,115,1740
881,6600.1,155,181,1740
107,6600.1,155,167,870
857,6600.1,155,185,1740
487,6600.1,77,143,1740
928,6600.1,77,7,1740
61,6600.1,77,373,870
704,6600.1,77,105,1740
687,6600.1,77,221,1740
38,6600.1,77,197,870
374,6600.1,77,231,1740
303,6600.1,77,305,870
1048,6600.1,77,211,1740
854,6600.1,77,239,1740
800,6600.1,77,311,1740
13,7200.1,27,143,870
765,7200.1,27,105,1740
662,7200.1,27,93,1740
215,7200.1,27,279,870
647,7200.1,27,351,1740
193,7200.1,27,29,870
64,7200.1,27,7,870
206,7200.1,27,283,870
1016,7200.1,27,139,1740
786,7200.1,27,325,1740
859,7200.1,27,299,1740
462,7200.1,27,3,1740
234,7200.1,69,351,870
440,7200.1,69,283,1740
683,7200.1,69,7,1740
263,7200.1,69,29,870
535,7200.1,69,299,1740
483,7200.1,69,325,1740
778,7200.1,69,139,1740
89,7200.1,69,5,870
1046,7200.1,69,279,1740
120,7200.1,69,93,870
15,7200.1,69,93,870
431,7200.1,69,61,1740
682,7200.1,69,85,1740
755,7200.1,69,1,1740
146,7200.1,297,279,870
597,7200.1,297,93,1740
348,7200.1,297,139,870
400,7200.1,297,325,1740
526,7200.1,297,5,1740
148,7200.1,297,299,870
871,7200.1,297,29,1740
887,7200.1,297,167,1740
958,7200.1,297,347,1740
420,7200.1,297,9,1740
290,7200.1,181,105,870
90,7200.1,181,7,870
60,7200.1,181,283,870
793,7200.1,181,299,1740
387,7200.1,181,29,1740
10,7200.1,181,5,870
539,7200.1,181,53,1740
706,7200.1,181,81,1740
383,7200.1,181,117,1740
881,7200.1,181,311,1740
924,7200.1,181,305,1740
295,7200.1,181,197,870
558,7200.1,181,115,1740
105,7200.1,211,93,870
305,7200.1,211,143,870
554,7200.1,211,325,1740
874,7200.1,211,131,1740
351,7200.1,211,231,1740
363,7200.1,211,221,1740
432,7200.1,211,373,1740
710,7200.1,211,239,1740
1048,7200.1,211,185,1740
395,7200.1,211,9,1740
585,7200.1,211,9,1740
510,7200.1,211,9,1740
906,7200.1,211,9,1740
461,7800.1,85,279,1740
131,7800.1,85,93,870
491,7800.1,85,139,1740
264,7800.1,85,325,870
961,7800.1,85,283,1740
364,7800.1,85,7,1740
135,7800.1,85,351,870
774,7800.1,85,105,1740
587,7800.1,85,347,1740
42,7800.1,85,29,870
1019,7800.1,85,143,1740
436,7800.1,85,299,1740
619,7800.1,85,143,1740
691,7800.1,85,3,1740
30,7800.1,61,325,870
596,7800.1,61,139,1740
1051,7800.1,61,105,1740
990,7800.1,61,299,1740
490,7800.1,61,143,1740
577,7800.1,61,347,1740
403,7800.1,61,351,1740
572,7800.1,61,29,1740
357,7800.1,61,7,1740
679,7800.1,61,5,1740
911,7800.1,61,81,1740
251,7800.1,61,117,870
1006,7800.1,61,9,1740
775,7800.1,61,131,1740
479,7800.1,61,167,1740
310,7800.1,221,283,870
719,7800.1,221,7,1740
307,7800.1,221,351,870
540,7800.1,221,239,1740
110,7800.1,221,29,870
750,7800.1,221,347,1740
687,7800.1,221,143,1740
123,7800.1,221,185,870
425,7800.1,221,53,1740
982,7800.1,221,115,1740
363,7800.1,221,305,1740
1020,7800.1,221,1,1740
6,7800.1,221,231,870
355,7800.1,311,93,1740
404,7800.1,311,197,1740
758,7800.1,311,105,1740
233,7800.1,311,299,870
1003,7800.1,311,347,1740
604,7800.1,311,143,1740
1010,7800.1,311,29,1740
155,7800.1,311,373,870
1043,7800.1,311,3,1740
78,7800.1,311,231,870
881,7800.1,311,167,1740
1049,7800.1,311,131,1740
728,7800.1,311,1,1740
309,7800.1,311,9,870
800,7800.1,311,117,1740
506,8400.1,115,325,1740
257,8400.1,115,93,870
1002,8400.1,115,283,1740
57,8400.1,115,7,870
82,8400.1,115,143,870
418,8400.1,115,351,1740
553,8400.1,115,1,1740
880,8400.1,115,131,1740
558,8400.1,115,139,1740
982,8400.1,115,5,1740
688,8400.1,115,347,1740
245,8400.1,115,279,870
735,8400.1,115,373,1740
730,8400.1,115,29,1740
40,8400.1,81,139,870
489,8400.1,81,373,1740
63,8400.1,81,105,870
289,8400.1,81,279,870
977,8400.1,81,299,1740
706,8400.1,81,29,1740
382,8400.1,81,347,1740
911,8400.1,81,5,1740
829,8400.1,81,131,1740
347,8400.1,81,1,870
390,8400.1,81,3,1740
843,8400.1,81,53,1740
673,8400.1,81,197,1740
1006,8400.1,9,351,1740
4,8400.1,9,143,870
117,8400.1,9,5,870
12,8400.1,9,1,870
984,8400.1,9,131,1740
453,8400.1,9,347,1740
760,8400.1,9,299,1740
510,8400.1,9,29,1740
395,8400.1,9,279,1740
377,8400.1,9,7,1740
278,8400.1,9,231,870
309,8400.1,9,117,870
927,8400.1,9,167,1740
882,8400.1,9,305,1740
931,8400.1,9,185,1740
420,8400.1,9,239,1740
653,8400.1,9,197,1740
585,8400.1,9,53,1740
858,8400.1,9,3,1740
579,8400.1,9,3,1740
906,8400.1,9,239,1740
204,8400.1,9,197,870
58,9000.1,117,139,870
229,9000.1,117,279,870
581,9000.1,117,325,1740
378,9000.1,117,93,1740
890,9000.1,117,7,1740
913,9000.1,117,143,1740
124,9000.1,117,105,870
195,9000.1,117,283,870
309,9000.1,117,351,870
39,9000.1,117,5,870
507,9000.1,117,347,1740
933,9000.1,117,131,1740
800,9000.1,117,167,1740
251,9000.1,117,373,870
383,9000.1,117,29,1740
134,9000.1,117,299,870
650,9000.1,3,325,1740
1,9000.1,3,351,870
462,9000.1,3,283,1740
888,9000.1,3,373,1740
1043,9000.1,3,299,1740
938,9000.1,3,167,1740
201,9000.1,3,131,870
827,9000.1,3,29,1740
101,9000.1,3,347,870
858,9000.1,3,5,1740
241,9000.1,3,105,870
321,9000.1,3,143,870
777,9000.1,3,7,1740
579,9000.1,3,1,1740
390,9000.1,3,185,1740
691,9000.1,3,197,1740
1042,9000.1,53,93,1740
675,9000.1,53,105,1740
108,9000.1,53,143,870
26,9000.1,53,7,870
539,9000.1,53,5,1740
500,9000.1,53,347,1740
226,9000.1,53,29,870
894,9000.1,53,131,1740
75,9000.1,53,167,870
582,9000.1,53,231,1740
425,9000.1,53,239,1740
345,9000.1,53,305,870
618,9000.1,53,197,1740
844,9000.1,53,185,1740
843,9000.1,53,1,1740
794,9000.1,53,197,1740
283,9600.1,167,325,870
83,9600.1,167,139,870
608,9600.1,167,93,1740
532,9600.1,167,105,1740
187,9600.1,167,7,870
887,9600.1,167,143,1740
938,9600.1,167,283,1740
1001,9600.1,167,351,1740
927,9600.1,167,1,1740
881,9600.1,167,279,1740
457,9600.1,167,5,1740
107,9600.1,167,185,870
479,9600.1,167,197,1740
800,9600.1,167,347,1740
75,9600.1,167,373,870
568,9600.1,239,279,1740
119,9600.1,239,351,870
783,9600.1,239,373,1740
986,9600.1,239,29,1740
814,9600.1,239,299,1740
993,9600.1,239,347,1740
190,9600.1,239,197,870
1025,9600.1,239,185,1740
540,9600.1,239,5,1740
370,9600.1,239,1,1740
319,9600.1,239,283,870
420,9600.1,239,143,1740
741,9600.1,239,305,1740
945,9600.1,239,231,1740
906,9600.1,239,131,1740
854,9600.1,239,7,1740
115,10200.1,231,139,870
742,10200.1,231,279,1740
962,10200.1,231,325,1740
970,10200.1,231,7,1740
315,10200.1,231,93,870
78,10200.1,231,105,870
278,10200.1,231,143,870
946,10200.1,231,283,1740
582,10200.1,231,351,1740
979,10200.1,231,1,1740
945,10200.1,231,185,1740
714,10200.1,231,5,1740
6,10200.1,231,197,870
861,10200.1,231,347,1740
978,10200.1,231,373,1740
374,10200.1,231,29,1740
401,10200.1,305,373,1740
816,10200.1,305,351,1740
602,10200.1,305,347,1740
1017,10200.1,305,29,1740
152,10200.1,305,299,870
179,10200.1,305,197,870
380,10200.1,305,5,1740
972,10200.1,305,185,1740
601,10200.1,305,1,1740
965,10200.1,305,283,1740
303,10200.1,305,143,870
741,10200.1,305,131,1740
316,10200.1,305,105,870
924,10200.1,305,143,1740
352,10200.1,305,283,1740
363,10200.1,305,185,1740
806,10200.1,305,1,1740
904,10200.1,305,93,1740
980,10200.1,305,131,1740
514,10800.1,131,279,1740
77,10800.1,131,139,870
138,10800.1,131,325,870
973,10800.1,131,105,1740
65,10800.1,131,93,870
145,10800.1,131,7,870
267,10800.1,131,143,870
621,10800.1,131,283,1740
1049,10800.1,131,1,1740
201,10800.1,131,5,870
984,10800.1,131,197,1740
880,10800.1,131,185,1740
883,10800.1,131,347,1740
829,10800.1,131,373,1740
736,10800.1,131,29,1740
894,10800.1,131,351,1740
741,10800.1,131,299,1740
874,10800.1,131,373,1740
583,10800.1,131,351,1740
775,10800.1,131,29,1740
980,10800.1,131,299,1740
280,10800.1,131,347,870
906,10800.1,131,185,1740
875,10800.1,131,197,1740
0,11400.1,1,139,870
200,11400.1,1,325,870
822,11400.1,1,279,1740
112,11400.1,1,93,870
191,11400.1,1,143,870
749,11400.1,1,105,1740
31,11400.1,1,283,870
1049,11400.1,1,351,1740
12,11400.1,1,185,870
601,11400.1,1,5,1740
1000,11400.1,1,197,1740
398,11400.1,1,347,1740
449,11400.1,1,373,1740
979,11400.1,1,7,1740
755,11400.1,1,29,1740
370,11400.1,1,299,1740
728,11400.1,1,373,1740
322,11400.1,1,347,870
244,11400.1,1,299,870
806,11400.1,1,197,1740
843,11400.1,1,5,1740
570,11400.1,1,29,1740
553,11400.1,1,7,1740
579,11400.1,1,351,1740
1020,11400.1,1,185,1740
927,11400.1,1,197,1740
347,11400.1,1,299,870
430,11400.1,1,299,1740
879,11400.1,1,299,1740
92,12000.1,185,279,870
292,12000.1,185,325,870
107,12000.1,185,7,870
126,12000.1,185,283,870
892,12000.1,185,105,1740
317,12000.1,185,139,870
150,12000.1,185,373,870
136,12000.1,185,347,870
921,12000.1,185,197,1740
541,12000.1,185,5,1740
880,12000.1,185,143,1740
363,12000.1,185,29,1740
945,12000.1,185,93,1740
931,12000.1,185,351,1740
988,12000.1,185,299,1740
12,12000.1,185,351,870
972,12000.1,185,93,1740
906,12000.1,185,299,1740
844,12000.1,185,29,1740
857,12000.1,185,143,1740
787,12000.1,185,5,1740
845,12000.1,185,93,1740
1025,12000.1,185,197,1740
1020,12000.1,185,5,1740
1048,12000.1,185,299,1740
976,12000.1,185,29,1740
390,12000.1,185,351,1740
1038,12600.1,197,139,1740
298,12600.1,197,325,870
404,12600.1,197,105,1740
160,12600.1,197,143,870
199,12600.1,197,279,870
773,12600.1,197,283,1740
1000,12600.1,197,351,1740
994,12600.1,197,5,1740
984,12600.1,197,347,1740
179,12600.1,197,373,870
295,12600.1,197,7,870
204,12600.1,197,29,870
6,12600.1,197,93,870
806,12600.1,197,299,1740
927,12600.1,197,299,1740
921,12600.1,197,29,1740
673,12600.1,197,93,1740
137,12600.1,197,7,870
190,12600.1,197,373,870
38,12600.1,197,7,870
653,12600.1,197,373,1740
359,12600.1,197,93,1740
691,12600.1,197,29,1740
1025,12600.1,197,347,1740
618,12600.1,197,299,1740
875,12600.1,197,373,1740
2,13200.1,5,347,870
651,13200.1,5,279,1740
16,13200.1,5,283,870
202,13200.1,5,325,870
540,13200.1,5,143,1740
539,13200.1,5,93,1740
526,13200.1,5,139,1740
201,13200.1,5,351,870
994,13200.1,5,373,1740
346,13200.1,5,105,870
10,13200.1,5,7,870
714,13200.1,5,29,1740
117,13200.1,5,299,870
270,13200.1,5,351,870
729,13200.1,5,139,1740
451,13200.1,5,299,1740
942,13200.1,5,29,1740
787,13200.1,5,7,1740
670,13200.1,5,373,1740
413,13200.1,5,105,1740
380,13200.1,5,93,1740
601,13200.1,5,105,1740
419,13200.1,5,373,1740
74,13200.1,5,7,870
457,13200.1,5,93,1740
541,13200.1,5,139,1740
724,13200.1,5,29,1740
911,13200.1,5,351,1740
227,13200.1,5,299,870
1027,13200.1,5,143,1740
964,13200.1,5,139,1740
858,13200.1,5,351,1740
39,13200.1,5,93,870
982,13200.1,5,29,1740
1020,13200.1,5,299,1740
843,13200.1,5,7,1740
679,13200.1,5,105,1740
89,13200.1,5,105,870
622,13800.1,347,373,1740
453,13800.1,347,325,1740
792,13800.1,347,93,1740
211,13800.1,347,283,870
397,13800.1,347,139,1740
250,13800.1,347,143,870
750,13800.1,347,279,1740
984,13800.1,347,7,1740
627,13800.1,347,351,1740
821,13800.1,347,29,1740
500,13800.1,347,105,1740
587,13800.1,347,299,1740
617,13800.1,347,279,1740
136,13800.1,347,105,870
173,13800.1,347,299,870
101,13800.1,347,143,870
2,13800.1,347,7,870
334,13800.1,347,351,870
577,13800.1,347,29,1740
382,13800.1,347,139,1740
883,13800.1,347,351,1740
993,13800.1,347,29,1740
1003,13800.1,347,279,1740
1025,13800.1,347,7,1740
322,13800.1,347,105,870
153,13800.1,347,299,870
1011,13800.1,347,143,1740
861,13800.1,347,283,1740
847,13800.1,347,279,1740
507,13800.1,347,105,1740
398,13800.1,347,143,1740
800,13800.1,347,283,1740
1018,13800.1,347,7,1740
280,13800.1,347,29,870
716,13800.1,347,299,1740
958,13800.1,347,139,1740
688,13800.1,347,351,1740
653,14400.1,373,139,1740
179,14400.1,373,143,870
635,14400.1,373,279,1740
998,14400.1,373,325,1740
546,14400.1,373,7,1740
489,14400.1,373,105,1740
401,14400.1,373,283,1740
622,14400.1,373,351,1740
155,14400.1,373,29,870
435,14400.1,373,93,1740
974,14400.1,373,299,1740
888,14400.1,373,299,1740
386,14400.1,373,93,1740
61,14400.1,373,29,870
994,14400.1,373,93,1740
917,14400.1,373,29,1740
150,14400.1,373,299,870
783,14400.1,373,351,1740
190,14400.1,373,93,870
103,14400.1,373,29,870
670,14400.1,373,299,1740
732,14400.1,373,351,1740
874,14400.1,373,283,1740
829,14400.1,373,105,1740
449,14400.1,373,93,1740
396,14400.1,373,351,1740
419,14400.1,373,299,1740
312,14400.1,373,29,870
75,14400.1,373,325,870
728,14400.1,373,105,1740
978,14400.1,373,283,1740
761,14400.1,373,93,1740
875,14400.1,373,29,1740
178,14400.1,373,351,870
251,14400.1,373,299,870
735,14400.1,373,7,1740
1032,14400.1,373,283,1740
1012,15000.1,283,139,1740
141,15000.1,283,325,870
310,15000.1,283,143,870
855,15000.1,283,7,1740
414,15000.1,283,279,1740
401,15000.1,283,93,1740
66,15000.1,283,105,870
371,15000.1,283,351,1740
211,15000.1,283,29,870
638,15000.1,283,299,1740
820,15000.1,283,29,1740
16,15000.1,283,325,870
590,15000.1,283,139,1740
773,15000.1,283,279,1740
236,15000.1,283,351,870
497,15000.1,283,105,1740
1013,15000.1,283,93,1740
1002,15000.1,283,299,1740
664,15000.1,283,7,1740
394,15000.1,283,143,1740
60,15000.1,283,29,870
126,15000.1,283,325,870
440,15000.1,283,105,1740
319,15000.1,283,93,870
1021,15000.1,283,139,1740
696,15000.1,283,351,1740
521,15000.1,283,7,1740
32,15000.1,283,143,870
961,15000.1,283,299,1740
1050,15000.1,283,279,1740
874,15000.1,283,139,1740
861,15000.1,283,143,1740
946,15000.1,283,7,1740
1032,15000.1,283,29,1740
338,15000.1,283,351,870
31,15000.1,283,105,870
677,15000.1,283,93,1740
938,15000.1,283,279,1740
352,15000.1,283,325,1740
621,15000.1,283,299,1740
344,15000.1,283,139,870
1035,15000.1,283,325,1740
978,15000.1,283,7,1740
354,15000.1,283,279,1740
800,15000.1,283,351,1740
918,15000.1,283,105,1740
965,15000.1,283,93,1740
341,15000.1,283,29,870
141,15600.1,325,7,870
298,15600.1,325,139,870
650,15600.1,325,143,1740
611,15600.1,325,279,1740
453,15600.1,325,105,1740
16,15600.1,325,93,870
292,15600.1,325,351,870
30,15600.1,325,29,870
411,15600.1,325,299,1740
11,15600.1,325,351,870
620,15600.1,325,93,1740
506,15600.1,325,105,1740
138,15600.1,325,279,870
283,15600.1,325,143,870
62,15600.1,325,139,870
554,15600.1,325,29,1740
200,15600.1,325,299,870
427,15600.1,325,351,1740
531,15600.1,325,93,1740
962,15600.1,325,105,1740
50,15600.1,325,143,870
162,15600.1,325,279,870
9,15600.1,325,139,870
954,15600.1,325,7,1740
544,15600.1,325,299,1740
202,15600.1,325,29,870
75,15600.1,325,105,870
400,15600.1,325,93,1740
456,15600.1,325,143,1740
168,15600.1,325,279,870
352,15600.1,325,139,1740
231,15600.1,325,7,870
581,15600.1,325,351,1740
483,15600.1,325,7,1740
841,15600.1,325,351,1740
220,15600.1,325,139,870
998,15600.1,325,299,1740
1035,15600.1,325,279,1740
557,15600.1,325,93,1740
126,15600.1,325,29,870
839,15600.1,325,105,1740
852,15600.1,325,143,1740
721,15600.1,325,105,1740
339,16200.1,279,139,870
635,16200.1,279,143,1740
514,16200.1,279,105,1740
92,16200.1,279,7,870
414,16200.1,279,93,1740
568,16200.1,279,351,1740
146,16200.1,279,299,870
651,16200.1,279,29,1740
571,16200.1,279,299,1740
325,16200.1,279,29,870
611,16200.1,279,93,1740
551,16200.1,279,7,1740
773,16200.1,279,351,1740
779,16200.1,279,105,1740
301,16200.1,279,93,870
805,16200.1,279,139,1740
1046,16200.1,279,7,1740
138,16200.1,279,299,870
556,16200.1,279,143,1740
162,16200.1,279,29,870
830,16200.1,279,351,1740
742,16200.1,279,105,1740
656,16200.1,279,139,1740
229,16200.1,279,93,870
617,16200.1,279,143,1740
460,16200.1,279,7,1740
588,16200.1,279,105,1740
262,16200.1,279,29,870
168,16200.1,279,299,870
822,16200.1,279,351,1740
926,16200.1,279,139,1740
139,16200.1,279,143,870
87,16200.1,279,7,870
938,16200.1,279,93,1740
750,16200.1,279,105,1740
199,16200.1,279,351,870
469,16200.1,279,299,1740
669,16200.1,279,139,1740
1035,16200.1,279,29,1740
1050,16200.1,279,143,1740
482,16200.1,279,7,1740
881,16200.1,279,105,1740
215,16200.1,279,351,870
613,16200.1,279,93,1740
1003,16200.1,279,299,1740
354,16200.1,279,139,1740
1037,16200.1,279,29,1740
935,16200.1,279,93,1740
555,16200.1,279,351,1740
847,16200.1,279,351,1740
310,16800.1,143,105,870
13,16800.1,143,139,870
71,16800.1,143,7,870
635,16800.1,143,29,1740
305,16800.1,143,93,870
391,16800.1,143,351,1740
650,16800.1,143,299,1740
605,16800.1,143,351,1740
446,16800.1,143,105,1740
283,16800.1,143,299,870
4,16800.1,143,93,870
125,16800.1,143,139,870
617,16800.1,143,7,1740
576,16800.1,143,29,1740
248,16800.1,143,105,870
456,16800.1,143,351,1740
952,16800.1,143,93,1740
556,16800.1,143,299,1740
300,16800.1,143,139,870
540,16800.1,143,7,1740
160,16800.1,143,29,870
35,16800.1,143,351,870
520,16800.1,143,105,1740
614,16800.1,143,93,1740
444,16800.1,143,299,1740
394,16800.1,143,139,1740
1009,16800.1,143,7,1740
487,16800.1,143,29,1740
407,16800.1,143,351,1740
101,16800.1,143,105,870
32,16800.1,143,93,870
490,16800.1,143,299,1740
515,16800.1,143,139,1740
82,16800.1,143,7,870
543,16800.1,143,351,1740
108,16800.1,143,105,870
291,16800.1,143,29,870
303,16800.1,143,93,870
924,16800.1,143,299,1740
963,16800.1,143,139,1740
838,16800.1,143,7,1740
91,16800.1,143,105,870
172,16800.1,143,351,870
250,16800.1,143,29,870
50,16800.1,143,93,870
205,16800.1,143,299,870
140,16800.1,143,139,870
139,16800.1,143,7,870
604,16800.1,143,105,1740
687,16800.1,143,351,1740
754,16800.1,143,29,1740
95,16800.1,143,93,870
861,16800.1,143,139,1740
817,16800.1,143,299,1740
880,16800.1,143,7,1740
398,16800.1,143,105,1740
278,16800.1,143,351,870
1024,16800.1,143,29,1740
887,16800.1,143,93,1740
1050,16800.1,143,139,1740
1019,16800.1,143,299,1740
1027,16800.1,143,7,1740
852,16800.1,143,105,1740
271,16800.1,143,351,870
179,16800.1,143,139,870
967,16800.1,143,93,1740
913,16800.1,143,29,1740
1011,16800.1,143,299,1740
857,16800.1,143,7,1740
809,16800.1,143,93,1740
284,16800.1,143,93,870
420,16800.1,143,93,1740
191,16800.1,143,93,870
52,17400.1,105,139,870
308,17400.1,105,351,870
514,17400.1,105,299,1740
640,17400.1,105,7,1740
310,17400.1,105,29,870
239,17400.1,105,93,870
446,17400.1,105,93,1740
516,17400.1,105,29,1740
290,17400.1,105,7,870
675,17400.1,105,351,1740
599,17400.1,105,93,1740
497,17400.1,105,29,1740
489,17400.1,105,139,1740
66,17400.1,105,7,870
404,17400.1,105,139,1740
742,17400.1,105,351,1740
228,17400.1,105,93,870
704,17400.1,105,7,1740
506,17400.1,105,139,1740
765,17400.1,105,93,1740
253,17400.1,105,351,870
282,17400.1,105,139,870
108,17400.1,105,7,870
520,17400.1,105,93,1740
892,17400.1,105,351,1740
966,17400.1,105,139,1740
962,17400.1,105,7,1740
749,17400.1,105,351,1740
443,17400.1,105,299,1740
136,17400.1,105,93,870
101,17400.1,105,93,870
423,17400.1,105,139,1740
91,17400.1,105,351,870
164,17400.1,105,7,870
197,17400.1,105,29,870
346,17400.1,105,93,870
779,17400.1,105,351,1740
248,17400.1,105,139,870
343,17400.1,105,7,870
481,17400.1,105,93,1740
633,17400.1,105,351,1740
97,17400.1,105,139,870
133,17400.1,105,7,870
78,17400.1,105,93,870
973,17400.1,105,351,1740
532,17400.1,105,139,1740
774,17400.1,105,7,1740
750,17400.1,105,139,1740
791,17400.1,105,351,1740
124,17400.1,105,7,870
758,17400.1,105,7,1740
604,17400.1,105,351,1740
660,17400.1,105,139,1740
31,17400.1,105,7,870
316,17400.1,105,351,870
241,17400.1,105,139,870
839,17400.1,105,7,1740
588,17400.1,105,351,1740
440,17400.1,105,139,1740
679,17400.1,105,351,1740
728,17400.1,105,7,1740
75,17400.1,105,139,870
1051,17400.1,105,351,1740
500,17400.1,105,7,1740
829,17400.1,105,139,1740
8,17400.1,105,93,870
63,17400.1,105,351,870
918,17400.1,105,7,1740
327,17400.1,105,139,870
453,17400.1,105,351,1740
601,17400.1,105,299,1740
413,17400.1,105,7,1740
780,17400.1,105,139,1740
498,17400.1,105,7,1740
398,17400.1,105,299,1740
852,17400.1,105,139,1740
721,17400.1,105,7,1740
881,17400.1,105,139,1740
322,17400.1,105,139,870
507,17400.1,105,139,1740
302,18000.1,351,7,870
181,18000.1,93,139,870
132,18000.1,351,1,870
51,18000.1,93,3,870
149,18000.1,299,5,870
21,18000.1,93,29,870
175,18000.1,351,9,870
7,18000.1,351,11,870
246,18000.1,93,13,870
159,18000.1,351,15,870
154,18000.1,93,17,870
20,18000.1,351,19,870
349,18600.1,299,5,870
14,18600.1,29,21,870
214,18600.1,29,139,870
20,18600.1,19,93,870
7,18600.1,11,7,870
154,18600.1,17,351,870
159,18600.1,15,93,870
246,18600.1,13,7,870
175,18600.1,9,93,870
51,18600.1,3,7,870
349,18600.1,299,1,870
149,18600.1,5,351,870
14,19200.1,21,29,870
349,19200.1,1,299,870
132,19200.1,1,7,870
69,29400.1,139,7,870
203,36000.1,7,93,870
3,36000.1,7,29,870
269,36600.1,139,351,870
234,37200.1,351,29,870
27,37200.1,351,7,870
266,37200.1,351,299,870
275,38400.1,299,7,870
119,39000.1,351,29,870
268,39000.1,299,7,870
1,39000.1,351,139,870
45,39000.1,299,93,870
307,39000.1,351,93,870
135,39000.1,351,1,870
309,39000.1,351,3,870
135,39600.1,1,299,870
309,39600.1,3,7,870
142,40800.1,7,29,870
208,40800.1,7,93,870
121,41400.1,29,7,870
177,41400.1,29,93,870
212,41400.1,29,139,870
288,41400.1,29,299,870
180,42000.1,7,351,870
237,42000.1,7,299,870
19,42000.1,7,29,870
216,42000.1,7,93,870
224,42000.1,7,139,870
323,43200.1,29,351,870
287,45000.1,7,93,870
54,45000.1,7,299,870
236,45000.1,351,29,870
201,45000.1,351,139,870
270,45000.1,351,1,870
12,45000.1,351,3,870
178,45000.1,351,5,870
94,45600.1,93,139,870
292,45600.1,351,7,870
116,45600.1,299,29,870
272,45600.1,93,1,870
218,45600.1,299,3,870
104,45600.1,93,5,870
338,45600.1,351,9,870
37,45600.1,299,11,870
104,45600.1,93,29,870
178,45600.1,5,3,870
272,45600.1,93,29,870
270,45600.1,1,7,870
52,45600.1,139,29,870
339,45600.1,139,3,870
58,45600.1,139,29,870
115,45600.1,139,3,870
421,45600.1,139,29,1740
181,45600.1,139,3,870
13,45600.1,139,3,870
40,45600.1,139,3,870
0,45600.1,139,3,870
1012,45600.1,139,3,1740
94,45600.1,93,3,870
214,45600.1,139,3,870
590,45600.1,139,3,1740
83,45600.1,139,3,870
340,45600.1,139,3,870
1038,45600.1,139,3,1740
506,45600.1,139,3,1740
489,45600.1,139,3,1740
298,45600.1,139,3,870
282,45600.1,139,3,870
397,45600.1,139,3,1740
248,45600.1,139,3,870
1,45600.1,139,3,870
404,45600.1,139,3,1740
669,45600.1,139,7,1740
348,45600.1,139,3,870
526,45600.1,139,7,1740
903,45600.1,139,3,1740
125,45600.1,139,3,870
491,45600.1,139,3,1740
966,45600.1,139,3,1740
609,45600.1,139,3,1740
805,45600.1,139,3,1740
780,45600.1,139,29,1740
163,45600.1,139,3,870
699,45600.1,139,3,1740
488,45600.1,139,3,1740
352,45600.1,139,3,1740
529,45600.1,139,3,1740
77,45600.1,139,3,870
656,45600.1,139,3,1740
1021,45600.1,139,3,1740
596,45600.1,139,3,1740
542,45600.1,139,3,1740
926,45600.1,139,3,1740
532,45600.1,139,3,1740
317,45600.1,139,3,870
62,45600.1,139,3,870
518,45600.1,139,3,1740
440,45600.1,139,3,1740
394,45600.1,139,3,1740
212,45600.1,139,3,870
201,45600.1,139,3,870
130,45600.1,139,3,870
220,45600.1,139,3,870
382,45600.1,139,3,1740
515,45600.1,139,3,1740
558,45600.1,139,3,1740
9,45600.1,139,3,870
300,45600.1,139,3,870
140,45600.1,139,3,870
179,45600.1,139,3,870
97,45600.1,139,3,870
829,45600.1,139,3,1740
815,45600.1,139,3,1740
1050,45600.1,139,3,1740
981,45600.1,139,3,1740
963,45600.1,139,3,1740
36,45600.1,139,3,870
224,45600.1,139,3,870
861,45600.1,139,3,1740
423,45600.1,139,3,1740
750,45600.1,139,3,1740
729,45600.1,139,3,1740
833,45600.1,139,3,1740
660,45600.1,139,3,1740
778,45600.1,139,3,1740
726,45600.1,139,3,1740
344,45600.1,139,3,870
1016,45600.1,139,3,1740
507,45600.1,139,3,1740
852,45600.1,139,7,1740
964,45600.1,139,3,1740
541,45600.1,139,29,1740
37,46200.1,11,29,870
338,46200.1,9,3,870
293,46800.1,29,351,870
57,46800.1,7,299,870
223,46800.1,29,3,870
247,46800.1,93,1,870
332,46800.1,29,5,870
90,46800.1,7,9,870
59,47400.1,29,299,870
161,47400.1,29,351,870
90,47400.1,9,3,870
247,47400.1,1,7,870
332,47400.1,5,351,870
273,48000.1,93,3,870
26,48000.1,7,299,870
110,48000.1,29,351,870
151,48000.1,29,1,870
226,48000.1,29,5,870
211,48600.1,29,351,870
155,48600.1,29,7,870
61,48600.1,29,299,870
103,48600.1,29,93,870
226,48600.1,5,3,870
151,48600.1,1,3,870
11,49200.1,351,93,870
60,49200.1,29,3,870
118,49200.1,299,7,870
30,49800.1,29,3,870
341,49800.1,29,351,870
199,52200.1,351,3,870
172,52200.1,351,7,870
35,52200.1,351,93,870
215,52200.1,351,299,870
74,54600.1,7,93,870
145,54600.1,7,3,870
295,54600.1,7,351,870
10,54600.1,7,29,870
137,54600.1,7,299,870
187,54600.1,7,299,870
2,55200.1,7,3,870
339,56400.1,3,29,870
105,56400.1,93,351,870
127,56400.1,299,7,870
157,56400.1,93,7,870
131,56400.1,93,1,870
285,56400.1,299,5,870
33,56400.1,299,9,870
342,56400.1,299,11,870
218,56400.1,3,13,870
29,56400.1,299,15,870
243,56400.1,299,17,870
120,56400.1,93,19,870
12,56400.1,3,21,870
178,56400.1,3,23,870
115,57000.1,3,351,870
231,57000.1,7,5,870
12,57000.1,21,299,870
178,57000.1,23,29,870
120,57000.1,19,93,870
29,57000.1,15,1,870
243,57000.1,17,11,870
218,57000.1,13,9,870
231,57000.1,7,1,870
285,57000.1,5,11,870
308,57000.1,351,9,870
269,57000.1,351,11,870
391,57000.1,351,1,1740
115,57000.1,3,11,870
323,57000.1,351,9,870
105,57000.1,351,1,870
293,57000.1,351,11,870
149,57000.1,351,9,870
568,57000.1,351,11,1740
211,57000.1,351,1,870
360,57000.1,351,9,1740
453,57000.1,351,11,1740
253,57000.1,351,1,870
738,57000.1,351,9,1740
574,57000.1,351,11,1740
427,57000.1,351,1,1740
543,57000.1,351,11,1740
622,57000.1,351,9,1740
180,57000.1,351,1,870
605,57000.1,351,11,1740
586,57000.1,351,1,1740
892,57000.1,351,9,1740
502,57000.1,351,11,1740
1006,57000.1,351,1,1740
742,57000.1,351,9,1740
439,57000.1,351,11,1740
816,57000.1,351,1,1740
681,57000.1,351,9,1740
371,57000.1,351,11,1740
1007,57000.1,351,9,1740
783,57000.1,351,1,1740
685,57000.1,351,11,1740
372,57000.1,351,9,1740
782,57000.1,351,1,1740
560,57000.1,351,11,1740
375,57000.1,351,9,1740
456,57000.1,351,1,1740
583,57000.1,351,11,1740
822,57000.1,351,9,1740
418,57000.1,351,1,1740
675,57000.1,351,11,1740
448,57000.1,351,9,1740
773,57000.1,351,1,1740
567,57000.1,351,11,1740
749,57000.1,351,9,1740
830,57000.1,351,1,1740
161,57000.1,351,11,870
484,57000.1,351,9,1740
696,57000.1,351,1,1740
779,57000.1,351,11,1740
91,57000.1,351,9,870
725,57000.1,351,1,1740
407,57000.1,351,11,1740
973,57000.1,351,9,1740
341,57000.1,351,1,870
633,57000.1,351,11,1740
110,57000.1,351,9,870
841,57000.1,351,1,1740
332,57000.1,351,11,870
624,57000.1,351,9,1740
1051,57000.1,351,299,1740
930,57000.1,351,1,1740
295,57000.1,351,11,870
931,57000.1,351,9,1740
604,57000.1,351,1,1740
687,57000.1,351,11,1740
824,57000.1,351,9,1740
154,57000.1,351,1,870
1049,57000.1,351,11,1740
883,57000.1,351,93,1740
424,57000.1,351,9,1740
396,57000.1,351,1,1740
791,57000.1,351,9,1740
1001,57000.1,351,11,1740
856,57000.1,351,1,1740
894,57000.1,351,9,1740
911,57000.1,351,11,1740
582,57000.1,351,29,1740
271,57000.1,351,93,870
316,57000.1,351,1,870
588,57000.1,351,9,1740
581,57000.1,351,11,1740
898,57000.1,351,1,1740
800,57000.1,351,9,1740
278,57000.1,351,1,870
92,57600.1,7,1,870
231,57600.1,1,11,870
391,57600.1,1,9,1740
92,57600.1,7,3,870
105,57600.1,1,9,870
211,57600.1,1,11,870
418,57600.1,1,9,1740
131,57600.1,1,11,870
586,57600.1,1,3,1740
253,57600.1,1,9,870
1006,57600.1,1,11,1740
782,57600.1,1,9,1740
180,57600.1,1,11,870
816,57600.1,1,9,1740
427,57600.1,1,11,1740
783,57600.1,1,9,1740
696,57600.1,1,11,1740
604,57600.1,1,29,1740
830,57600.1,1,9,1740
456,57600.1,1,11,1740
930,57600.1,1,93,1740
841,57600.1,1,299,1740
341,57600.1,1,3,870
278,57600.1,1,9,870
29,57600.1,1,9,870
773,57600.1,1,11,1740
725,57600.1,1,11,1740
154,57600.1,1,9,870
396,57600.1,1,11,1740
856,57600.1,1,9,1740
316,57600.1,1,11,870
898,57600.1,1,9,1740
181,58200.1,3,9,870
202,58200.1,29,11,870
126,58200.1,29,7,870
115,58200.1,11,93,870
568,58200.1,11,299,1740
371,58200.1,11,7,1740
293,58200.1,11,9,870
427,58200.1,11,9,1740
453,58200.1,11,7,1740
605,58200.1,11,9,1740
574,58200.1,11,9,1740
211,58200.1,11,9,870
675,58200.1,11,9,1740
502,58200.1,11,9,1740
332,58200.1,11,299,870
285,58200.1,11,9,870
269,58200.1,11,9,870
180,58200.1,11,9,870
342,58200.1,11,9,870
439,58200.1,11,9,1740
202,58200.1,29,9,870
1006,58200.1,11,9,1740
685,58200.1,11,9,1740
131,58200.1,11,9,870
560,58200.1,11,9,1740
567,58200.1,11,9,1740
773,58200.1,11,9,1740
779,58200.1,11,9,1740
725,58200.1,11,9,1740
543,58200.1,11,9,1740
633,58200.1,11,9,1740
583,58200.1,11,9,1740
696,58200.1,11,9,1740
456,58200.1,11,9,1740
407,58200.1,11,9,1740
1001,58200.1,11,9,1740
161,58200.1,11,9,870
581,58200.1,11,93,1740
243,58200.1,11,9,870
687,58200.1,11,9,1740
396,58200.1,11,93,1740
1049,58200.1,11,7,1740
911,58200.1,11,9,1740
231,58200.1,11,9,870
316,58200.1,11,9,870
295,58200.1,11,9,870
72,58800.1,299,93,870
325,66000.1,29,3,870
33,66600.1,9,93,870
218,66600.1,9,3,870
308,67200.1,9,299,870
71,67200.1,7,299,870
87,67200.1,7,3,870
192,67800.1,299,7,870
162,67800.1,29,3,870
209,71400.1,299,29,870
233,71400.1,299,93,870
152,71400.1,299,7,870
148,71400.1,299,3,870
244,71400.1,299,9,870
160,73200.1,29,93,870
262,73200.1,29,3,870
257,76200.1,93,3,870
16,77400.1,93,29,870
315,77400.1,93,7,870
112,77400.1,93,9,870
190,77400.1,93,3,870
319,77400.1,93,299,870
65,77400.1,93,1,870
301,78000.1,93,3,870
65,78000.1,1,29,870
310,80400.1,29,3,870
250,80400.1,29,7,870
291,80400.1,29,299,870
13,81000.1,3,299,870
197,81600.1,29,93,870
40,81600.1,3,9,870
117,82200.1,299,9,870
347,82200.1,299,29,870
173,82800.1,299,7,870
153,82800.1,299,9,870
0,83400.1,3,93,870
290,83400.1,7,29,870
82,83400.1,7,9,870
139,83400.1,7,299,870
200,84600.1,299,29,870
146,84600.1,299,7,870
150,84600.1,299,9,870
